{
"type": "FeatureCollection",
"name": "level_1",
"crs": { "type": "name", "properties": { "name": "urn:ogc:def:crs:OGC:1.3:CRS84" } },
"features": [
{ "type": "Feature", "properties": { "name": "Baden-Württemberg", "area": 35748.864091958872 }, "geometry": { "type": "MultiPolygon", "coordinates": [ [ [ [ 9.125932, 47.668641 ], [ 9.123335, 47.673945 ], [ 9.120986, 47.675754 ], [ 9.120676, 47.672313 ], [ 9.125932, 47.668641 ] ] ], [ [ [ 9.198599, 47.702432 ], [ 9.195343, 47.70828 ], [ 9.187811, 47.705583 ], [ 9.198599, 47.702432 ] ] ], [ [ [ 8.701282, 47.715224 ], [ 8.686362, 47.708583 ], [ 8.664635, 47.713428 ], [ 8.67649, 47.697943 ], [ 8.658526, 47.690653 ], [ 8.669053, 47.684897 ], [ 8.690226, 47.695383 ], [ 8.71772, 47.690742 ], [ 8.701282, 47.715224 ] ] ], [ [ [ 8.680067, 49.618665 ], [ 8.684053, 49.620223 ], [ 8.680117, 49.620286 ], [ 8.680067, 49.618665 ] ] ], [ [ [ 9.550341, 47.587675 ], [ 9.614056, 47.58115 ], [ 9.633101, 47.594064 ], [ 9.643285, 47.58976 ], [ 9.635967, 47.602455 ], [ 9.65771, 47.611725 ], [ 9.683888, 47.604558 ], [ 9.692152, 47.610423 ], [ 9.706294, 47.601812 ], [ 9.745652, 47.617297 ], [ 9.740358, 47.604536 ], [ 9.747718, 47.603688 ], [ 9.777822, 47.630536 ], [ 9.795256, 47.635719 ], [ 9.795646, 47.647601 ], [ 9.828553, 47.657901 ], [ 9.830606, 47.671376 ], [ 9.837816, 47.66947 ], [ 9.842191, 47.677692 ], [ 9.959522, 47.652304 ], [ 9.970746, 47.653626 ], [ 9.976023, 47.665325 ], [ 10.001902, 47.681999 ], [ 10.028645, 47.686983 ], [ 10.030491, 47.674452 ], [ 10.059312, 47.680629 ], [ 10.075162, 47.658335 ], [ 10.072018, 47.643441 ], [ 10.077292, 47.639274 ], [ 10.081362, 47.65489 ], [ 10.093424, 47.663221 ], [ 10.089245, 47.673045 ], [ 10.11112, 47.66599 ], [ 10.129336, 47.676137 ], [ 10.128322, 47.690718 ], [ 10.139438, 47.703273 ], [ 10.116429, 47.719317 ], [ 10.119049, 47.759587 ], [ 10.082513, 47.771181 ], [ 10.079615, 47.781262 ], [ 10.064681, 47.785888 ], [ 10.090135, 47.803905 ], [ 10.11688, 47.800623 ], [ 10.108782, 47.805771 ], [ 10.115747, 47.810874 ], [ 10.138023, 47.809638 ], [ 10.102771, 47.842374 ], [ 10.107155, 47.852895 ], [ 10.091605, 47.845621 ], [ 10.104617, 47.864624 ], [ 10.082962, 47.855718 ], [ 10.076756, 47.867809 ], [ 10.091599, 47.867398 ], [ 10.105705, 47.879027 ], [ 10.095332, 47.885159 ], [ 10.110414, 47.910657 ], [ 10.105013, 47.923838 ], [ 10.11101, 47.934879 ], [ 10.089488, 47.947977 ], [ 10.084894, 47.961308 ], [ 10.093207, 47.972332 ], [ 10.114955, 47.976257 ], [ 10.11955, 48.0035 ], [ 10.134326, 48.0176 ], [ 10.127111, 48.032712 ], [ 10.143902, 48.059007 ], [ 10.143737, 48.074414 ], [ 10.134082, 48.079479 ], [ 10.140392, 48.098917 ], [ 10.136247, 48.111443 ], [ 10.107074, 48.132144 ], [ 10.085717, 48.182192 ], [ 10.083711, 48.20964 ], [ 10.060721, 48.24009 ], [ 10.069026, 48.253762 ], [ 10.06196, 48.25813 ], [ 10.065817, 48.281817 ], [ 10.042549, 48.29423 ], [ 10.010403, 48.342389 ], [ 9.998132, 48.347513 ], [ 9.999597, 48.363229 ], [ 9.987734, 48.370626 ], [ 9.977741, 48.362659 ], [ 9.967276, 48.374404 ], [ 10.042414, 48.429732 ], [ 10.028051, 48.436919 ], [ 10.038227, 48.444453 ], [ 10.034027, 48.457781 ], [ 10.06401, 48.456389 ], [ 10.105027, 48.477504 ], [ 10.117367, 48.475388 ], [ 10.133895, 48.454871 ], [ 10.171846, 48.457787 ], [ 10.17546, 48.469391 ], [ 10.184601, 48.467211 ], [ 10.184524, 48.472915 ], [ 10.176413, 48.471369 ], [ 10.180098, 48.475524 ], [ 10.241406, 48.49196 ], [ 10.240826, 48.506158 ], [ 10.22805, 48.504975 ], [ 10.237966, 48.507822 ], [ 10.23078, 48.510511 ], [ 10.312023, 48.522944 ], [ 10.300847, 48.545071 ], [ 10.314184, 48.556289 ], [ 10.313005, 48.567123 ], [ 10.304753, 48.584265 ], [ 10.293114, 48.589766 ], [ 10.297109, 48.60381 ], [ 10.323095, 48.609133 ], [ 10.297811, 48.624188 ], [ 10.280523, 48.646771 ], [ 10.25953, 48.654892 ], [ 10.266623, 48.658837 ], [ 10.2546, 48.666203 ], [ 10.264849, 48.672142 ], [ 10.255372, 48.677491 ], [ 10.27304, 48.685891 ], [ 10.268707, 48.703547 ], [ 10.317503, 48.682934 ], [ 10.3174, 48.688698 ], [ 10.337429, 48.689022 ], [ 10.347423, 48.679107 ], [ 10.351017, 48.654677 ], [ 10.361129, 48.652827 ], [ 10.368441, 48.663879 ], [ 10.389421, 48.667202 ], [ 10.392032, 48.687161 ], [ 10.408871, 48.698793 ], [ 10.431748, 48.699492 ], [ 10.437394, 48.693102 ], [ 10.429635, 48.686025 ], [ 10.422782, 48.690755 ], [ 10.418721, 48.682272 ], [ 10.426109, 48.672951 ], [ 10.408698, 48.66784 ], [ 10.410639, 48.661034 ], [ 10.449173, 48.665159 ], [ 10.495749, 48.688434 ], [ 10.47151, 48.70281 ], [ 10.483382, 48.708064 ], [ 10.45574, 48.729046 ], [ 10.464281, 48.735137 ], [ 10.450065, 48.734988 ], [ 10.447884, 48.728044 ], [ 10.416177, 48.748106 ], [ 10.428187, 48.755884 ], [ 10.413101, 48.772088 ], [ 10.420115, 48.776239 ], [ 10.42852, 48.76977 ], [ 10.434266, 48.77623 ], [ 10.426774, 48.781747 ], [ 10.434329, 48.789648 ], [ 10.421084, 48.799412 ], [ 10.448624, 48.811968 ], [ 10.449102, 48.830323 ], [ 10.426268, 48.836921 ], [ 10.427415, 48.842989 ], [ 10.452795, 48.85186 ], [ 10.454107, 48.860301 ], [ 10.444775, 48.880271 ], [ 10.452993, 48.884439 ], [ 10.450216, 48.893089 ], [ 10.42132, 48.905763 ], [ 10.457001, 48.917141 ], [ 10.437809, 48.933151 ], [ 10.451373, 48.938661 ], [ 10.430902, 48.946303 ], [ 10.418752, 48.968579 ], [ 10.403681, 48.96679 ], [ 10.40148, 48.974523 ], [ 10.411773, 48.978957 ], [ 10.401254, 48.986202 ], [ 10.380483, 48.989212 ], [ 10.381896, 48.999049 ], [ 10.372809, 49.003239 ], [ 10.352158, 49.006002 ], [ 10.356092, 49.01351 ], [ 10.345197, 49.019385 ], [ 10.350257, 49.028422 ], [ 10.332901, 49.031923 ], [ 10.320477, 49.025716 ], [ 10.294007, 49.042777 ], [ 10.284839, 49.036575 ], [ 10.26499, 49.045203 ], [ 10.251864, 49.039161 ], [ 10.256056, 49.061364 ], [ 10.26463, 49.061365 ], [ 10.258154, 49.070174 ], [ 10.23417, 49.076362 ], [ 10.247145, 49.07972 ], [ 10.250597, 49.092815 ], [ 10.22907, 49.089761 ], [ 10.222779, 49.097859 ], [ 10.204998, 49.098119 ], [ 10.21525, 49.113283 ], [ 10.229331, 49.113226 ], [ 10.224954, 49.119503 ], [ 10.256947, 49.12905 ], [ 10.248023, 49.149281 ], [ 10.218379, 49.16349 ], [ 10.196814, 49.155762 ], [ 10.195244, 49.169889 ], [ 10.177318, 49.173509 ], [ 10.181183, 49.182407 ], [ 10.166468, 49.179216 ], [ 10.153574, 49.188412 ], [ 10.156808, 49.192715 ], [ 10.124899, 49.199737 ], [ 10.130455, 49.203767 ], [ 10.125622, 49.210893 ], [ 10.140136, 49.20889 ], [ 10.119829, 49.247358 ], [ 10.133209, 49.253105 ], [ 10.109875, 49.258298 ], [ 10.118702, 49.25787 ], [ 10.113974, 49.266408 ], [ 10.123625, 49.274995 ], [ 10.131392, 49.275084 ], [ 10.12356, 49.270965 ], [ 10.134157, 49.26223 ], [ 10.15662, 49.280759 ], [ 10.132299, 49.300319 ], [ 10.145247, 49.316498 ], [ 10.140102, 49.325576 ], [ 10.110499, 49.328872 ], [ 10.113087, 49.335777 ], [ 10.104847, 49.338412 ], [ 10.107616, 49.351699 ], [ 10.124556, 49.356138 ], [ 10.113374, 49.359941 ], [ 10.117414, 49.369023 ], [ 10.107318, 49.378785 ], [ 10.121686, 49.38786 ], [ 10.144924, 49.384414 ], [ 10.161698, 49.395494 ], [ 10.138638, 49.403096 ], [ 10.152217, 49.401015 ], [ 10.15168, 49.412294 ], [ 10.133705, 49.437147 ], [ 10.094741, 49.447899 ], [ 10.105488, 49.463239 ], [ 10.122252, 49.463908 ], [ 10.099991, 49.491728 ], [ 10.121323, 49.511046 ], [ 10.084147, 49.511759 ], [ 10.076886, 49.519883 ], [ 10.089598, 49.530521 ], [ 10.08552, 49.542214 ], [ 10.061428, 49.545138 ], [ 10.061368, 49.537468 ], [ 10.040019, 49.52901 ], [ 10.056146, 49.514945 ], [ 10.028178, 49.50399 ], [ 10.018915, 49.485906 ], [ 9.926561, 49.484835 ], [ 9.913741, 49.493253 ], [ 9.925129, 49.50865 ], [ 9.916959, 49.517802 ], [ 9.92705, 49.536077 ], [ 9.920182, 49.545125 ], [ 9.926961, 49.549521 ], [ 9.920733, 49.553402 ], [ 9.924985, 49.560064 ], [ 9.898205, 49.56238 ], [ 9.912438, 49.585908 ], [ 9.898791, 49.588347 ], [ 9.875725, 49.578631 ], [ 9.86455, 49.567881 ], [ 9.85931, 49.546044 ], [ 9.81023, 49.557316 ], [ 9.847868, 49.577053 ], [ 9.841047, 49.595141 ], [ 9.872808, 49.610076 ], [ 9.855481, 49.641515 ], [ 9.83006, 49.651743 ], [ 9.823417, 49.673173 ], [ 9.841172, 49.683417 ], [ 9.830028, 49.687709 ], [ 9.836147, 49.691741 ], [ 9.831805, 49.703803 ], [ 9.796514, 49.720711 ], [ 9.799994, 49.730943 ], [ 9.752954, 49.710122 ], [ 9.73942, 49.688191 ], [ 9.72755, 49.688728 ], [ 9.709719, 49.727058 ], [ 9.700382, 49.716961 ], [ 9.677194, 49.716201 ], [ 9.676148, 49.693347 ], [ 9.653496, 49.687137 ], [ 9.63246, 49.693186 ], [ 9.625449, 49.703737 ], [ 9.641102, 49.723176 ], [ 9.627715, 49.731963 ], [ 9.646936, 49.739145 ], [ 9.638998, 49.740507 ], [ 9.645553, 49.74691 ], [ 9.637952, 49.753851 ], [ 9.651866, 49.766372 ], [ 9.644322, 49.77861 ], [ 9.651419, 49.780557 ], [ 9.648736, 49.791478 ], [ 9.56181, 49.780617 ], [ 9.558393, 49.765095 ], [ 9.568928, 49.750588 ], [ 9.56338, 49.744568 ], [ 9.546462, 49.766426 ], [ 9.514512, 49.763787 ], [ 9.512861, 49.781794 ], [ 9.50146, 49.788775 ], [ 9.479097, 49.786894 ], [ 9.458257, 49.76952 ], [ 9.425107, 49.789554 ], [ 9.391547, 49.770121 ], [ 9.37261, 49.778977 ], [ 9.351036, 49.769007 ], [ 9.316022, 49.76824 ], [ 9.323124, 49.743797 ], [ 9.296297, 49.738918 ], [ 9.374211, 49.728002 ], [ 9.344031, 49.718614 ], [ 9.357409, 49.704288 ], [ 9.382529, 49.707463 ], [ 9.385645, 49.730915 ], [ 9.399961, 49.728841 ], [ 9.401068, 49.720565 ], [ 9.418681, 49.711898 ], [ 9.420088, 49.690192 ], [ 9.406391, 49.679582 ], [ 9.412472, 49.675469 ], [ 9.397891, 49.670661 ], [ 9.419495, 49.658854 ], [ 9.41644, 49.653882 ], [ 9.38357, 49.642827 ], [ 9.366744, 49.658357 ], [ 9.343881, 49.6443 ], [ 9.304083, 49.654944 ], [ 9.285501, 49.63577 ], [ 9.270723, 49.634019 ], [ 9.285023, 49.614801 ], [ 9.264578, 49.60682 ], [ 9.260212, 49.594387 ], [ 9.249458, 49.593801 ], [ 9.24894, 49.584518 ], [ 9.238702, 49.581292 ], [ 9.180804, 49.573748 ], [ 9.108266, 49.579302 ], [ 9.098931, 49.560554 ], [ 9.082632, 49.561789 ], [ 9.073074, 49.574941 ], [ 9.072206, 49.565249 ], [ 9.088063, 49.550241 ], [ 9.084391, 49.543024 ], [ 9.113768, 49.534634 ], [ 9.126414, 49.516946 ], [ 9.106127, 49.509796 ], [ 9.099554, 49.526189 ], [ 9.064951, 49.529606 ], [ 9.049951, 49.519368 ], [ 9.040757, 49.499069 ], [ 9.014236, 49.498058 ], [ 8.985834, 49.51033 ], [ 8.968003, 49.5016 ], [ 8.951832, 49.505626 ], [ 8.95464, 49.482009 ], [ 8.942795, 49.485688 ], [ 8.93188, 49.470637 ], [ 8.950349, 49.454993 ], [ 8.912567, 49.437614 ], [ 8.900949, 49.443369 ], [ 8.892389, 49.420907 ], [ 8.851764, 49.395538 ], [ 8.83188, 49.408187 ], [ 8.822421, 49.395552 ], [ 8.803541, 49.40357 ], [ 8.806588, 49.419201 ], [ 8.836453, 49.430218 ], [ 8.825401, 49.46701 ], [ 8.851932, 49.483588 ], [ 8.86634, 49.474593 ], [ 8.862924, 49.466679 ], [ 8.876495, 49.466686 ], [ 8.899355, 49.48455 ], [ 8.899573, 49.503656 ], [ 8.848502, 49.502173 ], [ 8.833855, 49.490683 ], [ 8.816963, 49.505793 ], [ 8.821874, 49.524636 ], [ 8.809206, 49.52568 ], [ 8.798591, 49.511689 ], [ 8.748709, 49.522428 ], [ 8.727711, 49.518339 ], [ 8.724895, 49.522637 ], [ 8.73595, 49.524846 ], [ 8.70265, 49.535328 ], [ 8.705794, 49.547966 ], [ 8.690771, 49.555643 ], [ 8.680989, 49.575548 ], [ 8.683477, 49.589752 ], [ 8.696334, 49.5921 ], [ 8.697998, 49.599757 ], [ 8.67214, 49.611194 ], [ 8.686369, 49.60848 ], [ 8.678879, 49.613868 ], [ 8.688393, 49.614623 ], [ 8.692314, 49.623739 ], [ 8.677934, 49.625947 ], [ 8.593889, 49.610947 ], [ 8.590977, 49.595943 ], [ 8.603232, 49.593294 ], [ 8.6213, 49.54501 ], [ 8.608048, 49.528304 ], [ 8.597913, 49.531462 ], [ 8.581375, 49.51978 ], [ 8.552579, 49.52052 ], [ 8.495032, 49.572997 ], [ 8.4799, 49.574464 ], [ 8.464285, 49.589528 ], [ 8.422439, 49.583385 ], [ 8.414725, 49.553897 ], [ 8.442964, 49.492696 ], [ 8.463795, 49.470403 ], [ 8.444322, 49.459187 ], [ 8.442691, 49.450239 ], [ 8.498879, 49.442654 ], [ 8.508242, 49.434493 ], [ 8.496189, 49.402136 ], [ 8.463528, 49.384429 ], [ 8.473231, 49.373364 ], [ 8.500398, 49.389014 ], [ 8.496811, 49.36418 ], [ 8.450485, 49.323141 ], [ 8.455804, 49.31421 ], [ 8.48385, 49.304948 ], [ 8.489069, 49.293124 ], [ 8.389294, 49.233981 ], [ 8.384804, 49.219628 ], [ 8.398535, 49.225753 ], [ 8.405252, 49.220561 ], [ 8.368431, 49.168052 ], [ 8.372708, 49.151981 ], [ 8.358091, 49.097784 ], [ 8.311687, 49.054307 ], [ 8.285815, 48.996564 ], [ 8.239232, 48.969265 ], [ 8.196393, 48.956501 ], [ 8.135195, 48.887545 ], [ 8.094315, 48.808346 ], [ 8.068373, 48.790755 ], [ 8.030279, 48.787373 ], [ 8.014333, 48.76102 ], [ 7.972006, 48.758122 ], [ 7.963298, 48.721526 ], [ 7.889976, 48.662598 ], [ 7.841996, 48.643732 ], [ 7.802141, 48.588843 ], [ 7.806109, 48.516383 ], [ 7.79509, 48.50183 ], [ 7.768201, 48.489663 ], [ 7.765038, 48.45661 ], [ 7.73164, 48.391704 ], [ 7.744638, 48.327811 ], [ 7.693569, 48.301723 ], [ 7.665699, 48.220478 ], [ 7.644118, 48.20727 ], [ 7.601754, 48.159177 ], [ 7.598776, 48.135577 ], [ 7.576982, 48.119056 ], [ 7.568529, 48.035184 ], [ 7.610187, 47.998686 ], [ 7.621952, 47.972806 ], [ 7.58247, 47.929863 ], [ 7.579778, 47.894892 ], [ 7.55631, 47.877527 ], [ 7.562921, 47.842692 ], [ 7.529846, 47.781258 ], [ 7.548529, 47.735079 ], [ 7.541156, 47.719576 ], [ 7.51231, 47.699843 ], [ 7.521079, 47.663848 ], [ 7.567361, 47.631741 ], [ 7.574298, 47.615831 ], [ 7.591446, 47.604169 ], [ 7.589193, 47.589729 ], [ 7.604925, 47.584826 ], [ 7.604484, 47.577791 ], [ 7.619266, 47.576878 ], [ 7.645777, 47.59695 ], [ 7.675025, 47.592041 ], [ 7.682944, 47.598566 ], [ 7.693597, 47.600531 ], [ 7.671741, 47.587359 ], [ 7.689522, 47.571485 ], [ 7.685943, 47.565635 ], [ 7.683415, 47.571257 ], [ 7.676258, 47.563553 ], [ 7.634097, 47.561114 ], [ 7.680172, 47.532665 ], [ 7.788856, 47.554847 ], [ 7.810576, 47.568862 ], [ 7.823085, 47.588012 ], [ 7.84167, 47.58216 ], [ 7.891352, 47.587638 ], [ 7.910858, 47.570961 ], [ 7.911459, 47.5513 ], [ 7.943211, 47.543819 ], [ 7.959083, 47.558264 ], [ 8.021771, 47.550515 ], [ 8.068332, 47.564576 ], [ 8.089662, 47.557759 ], [ 8.109484, 47.582259 ], [ 8.164908, 47.59414 ], [ 8.206076, 47.620991 ], [ 8.219268, 47.617815 ], [ 8.226647, 47.605068 ], [ 8.256241, 47.615159 ], [ 8.288964, 47.610236 ], [ 8.297481, 47.60567 ], [ 8.297921, 47.589068 ], [ 8.328402, 47.571215 ], [ 8.38297, 47.565812 ], [ 8.398661, 47.577249 ], [ 8.43608, 47.566922 ], [ 8.494547, 47.581201 ], [ 8.488717, 47.587802 ], [ 8.466938, 47.584203 ], [ 8.4566, 47.602346 ], [ 8.479112, 47.615154 ], [ 8.508252, 47.617507 ], [ 8.516733, 47.634141 ], [ 8.558004, 47.624314 ], [ 8.574448, 47.611881 ], [ 8.562787, 47.599607 ], [ 8.582542, 47.596104 ], [ 8.604797, 47.613261 ], [ 8.595742, 47.643133 ], [ 8.607705, 47.652446 ], [ 8.613887, 47.64406 ], [ 8.602982, 47.639247 ], [ 8.615594, 47.637704 ], [ 8.628606, 47.649255 ], [ 8.606623, 47.67212 ], [ 8.577762, 47.661566 ], [ 8.560457, 47.670379 ], [ 8.539952, 47.665089 ], [ 8.541358, 47.657111 ], [ 8.527009, 47.660395 ], [ 8.531527, 47.645789 ], [ 8.492376, 47.642086 ], [ 8.473737, 47.649825 ], [ 8.473495, 47.638306 ], [ 8.466137, 47.642761 ], [ 8.46543, 47.657131 ], [ 8.445064, 47.653781 ], [ 8.406018, 47.673264 ], [ 8.420642, 47.683855 ], [ 8.404426, 47.698063 ], [ 8.416828, 47.710006 ], [ 8.454988, 47.722259 ], [ 8.449826, 47.738632 ], [ 8.472986, 47.763915 ], [ 8.489027, 47.773269 ], [ 8.520132, 47.770493 ], [ 8.552649, 47.784627 ], [ 8.562531, 47.777854 ], [ 8.577304, 47.781706 ], [ 8.574999, 47.789625 ], [ 8.561916, 47.792747 ], [ 8.567852, 47.808481 ], [ 8.575193, 47.799717 ], [ 8.618584, 47.798334 ], [ 8.614908, 47.78377 ], [ 8.627679, 47.759259 ], [ 8.652972, 47.773434 ], [ 8.64552, 47.790192 ], [ 8.656975, 47.800347 ], [ 8.657496, 47.791791 ], [ 8.680894, 47.78667 ], [ 8.689439, 47.757863 ], [ 8.727146, 47.762277 ], [ 8.74142, 47.748202 ], [ 8.723407, 47.745532 ], [ 8.711257, 47.730071 ], [ 8.736294, 47.716151 ], [ 8.727981, 47.692681 ], [ 8.795947, 47.675302 ], [ 8.798032, 47.689726 ], [ 8.810078, 47.69332 ], [ 8.792066, 47.704909 ], [ 8.76935, 47.706876 ], [ 8.769833, 47.718091 ], [ 8.799122, 47.727133 ], [ 8.796557, 47.734573 ], [ 8.806441, 47.738262 ], [ 8.811949, 47.730353 ], [ 8.804852, 47.724499 ], [ 8.82617, 47.717911 ], [ 8.818828, 47.712863 ], [ 8.87272, 47.704165 ], [ 8.87442, 47.69437 ], [ 8.851542, 47.697522 ], [ 8.85758, 47.692298 ], [ 8.850583, 47.681163 ], [ 8.873472, 47.670221 ], [ 8.875351, 47.656206 ], [ 8.893659, 47.652179 ], [ 8.937897, 47.659096 ], [ 8.998629, 47.687257 ], [ 9.006163, 47.696115 ], [ 8.999154, 47.703362 ], [ 8.939828, 47.728065 ], [ 8.960688, 47.73717 ], [ 9.014928, 47.719973 ], [ 8.983467, 47.739557 ], [ 8.989864, 47.743466 ], [ 9.093126, 47.706441 ], [ 9.107888, 47.690974 ], [ 9.087173, 47.688208 ], [ 9.040724, 47.70834 ], [ 9.042609, 47.694038 ], [ 9.053826, 47.689685 ], [ 9.113126, 47.685019 ], [ 9.125641, 47.674293 ], [ 9.127831, 47.666599 ], [ 9.157709, 47.666011 ], [ 9.175793, 47.653938 ], [ 9.181678, 47.655735 ], [ 9.178426, 47.666993 ], [ 9.217728, 47.666122 ], [ 9.207599, 47.687098 ], [ 9.179606, 47.705151 ], [ 9.173325, 47.734411 ], [ 9.069702, 47.777639 ], [ 9.030987, 47.804702 ], [ 9.039537, 47.817482 ], [ 9.062145, 47.814726 ], [ 9.139307, 47.769019 ], [ 9.223719, 47.740918 ], [ 9.226308, 47.723125 ], [ 9.2386, 47.71065 ], [ 9.288607, 47.68323 ], [ 9.349722, 47.66084 ], [ 9.406282, 47.668254 ], [ 9.462988, 47.648417 ], [ 9.495284, 47.650131 ], [ 9.515219, 47.634757 ], [ 9.529565, 47.603461 ], [ 9.550341, 47.587675 ] ], [ [ 8.67596, 49.615953 ], [ 8.675113, 49.621105 ], [ 8.685868, 49.621665 ], [ 8.68598, 49.618355 ], [ 8.67596, 49.615953 ] ] ] ] } },
{ "type": "Feature", "properties": { "name": "Bayern", "area": 70544.915888239848 }, "geometry": { "type": "Polygon", "coordinates": [ [ [ 9.602077, 47.584338 ], [ 9.609487, 47.571525 ], [ 9.628007, 47.570911 ], [ 9.651555, 47.557376 ], [ 9.679507, 47.5568 ], [ 9.680776, 47.542265 ], [ 9.712217, 47.550779 ], [ 9.729844, 47.533726 ], [ 9.747037, 47.555664 ], [ 9.748035, 47.570506 ], [ 9.77777, 47.59534 ], [ 9.823747, 47.587184 ], [ 9.825894, 47.559802 ], [ 9.815676, 47.547609 ], [ 9.873978, 47.52872 ], [ 9.880978, 47.548058 ], [ 9.906673, 47.542171 ], [ 9.921551, 47.529672 ], [ 9.941095, 47.538226 ], [ 9.963685, 47.534718 ], [ 9.958898, 47.542987 ], [ 9.970899, 47.54568 ], [ 9.965204, 47.521162 ], [ 9.995697, 47.50293 ], [ 9.987654, 47.498562 ], [ 9.995348, 47.486315 ], [ 10.044685, 47.487612 ], [ 10.053569, 47.466579 ], [ 10.070354, 47.456 ], [ 10.09147, 47.459076 ], [ 10.093892, 47.440344 ], [ 10.105423, 47.42874 ], [ 10.095701, 47.417815 ], [ 10.069158, 47.40985 ], [ 10.086257, 47.39931 ], [ 10.09978, 47.354736 ], [ 10.119266, 47.375703 ], [ 10.141673, 47.367159 ], [ 10.165864, 47.368795 ], [ 10.169193, 47.385794 ], [ 10.181713, 47.392283 ], [ 10.212637, 47.380411 ], [ 10.226982, 47.388848 ], [ 10.236196, 47.381861 ], [ 10.237011, 47.373456 ], [ 10.199483, 47.326599 ], [ 10.215876, 47.310958 ], [ 10.19909, 47.297528 ], [ 10.178726, 47.295727 ], [ 10.17398, 47.270265 ], [ 10.201253, 47.276872 ], [ 10.2323, 47.270478 ], [ 10.265973, 47.287902 ], [ 10.281479, 47.287548 ], [ 10.295805, 47.299928 ], [ 10.330031, 47.304712 ], [ 10.348779, 47.317401 ], [ 10.356834, 47.336976 ], [ 10.386293, 47.356225 ], [ 10.394862, 47.375729 ], [ 10.419605, 47.384628 ], [ 10.436472, 47.380648 ], [ 10.429103, 47.391011 ], [ 10.436174, 47.410982 ], [ 10.47593, 47.43215 ], [ 10.465719, 47.453531 ], [ 10.468022, 47.476918 ], [ 10.442768, 47.484617 ], [ 10.431324, 47.503678 ], [ 10.45446, 47.555738 ], [ 10.488858, 47.540354 ], [ 10.569415, 47.533577 ], [ 10.580289, 47.555555 ], [ 10.597954, 47.569715 ], [ 10.635409, 47.558988 ], [ 10.691187, 47.558441 ], [ 10.694834, 47.544638 ], [ 10.757582, 47.534726 ], [ 10.763801, 47.519739 ], [ 10.777572, 47.513939 ], [ 10.812463, 47.519871 ], [ 10.813119, 47.526419 ], [ 10.890209, 47.537202 ], [ 10.900918, 47.520997 ], [ 10.917915, 47.51363 ], [ 10.870478, 47.499369 ], [ 10.870049, 47.48322 ], [ 10.937055, 47.481466 ], [ 10.928073, 47.471925 ], [ 10.9836, 47.430015 ], [ 10.984836, 47.420971 ], [ 10.96864, 47.41186 ], [ 10.970329, 47.400021 ], [ 11.115455, 47.395593 ], [ 11.129197, 47.412798 ], [ 11.20691, 47.433801 ], [ 11.253411, 47.428244 ], [ 11.225002, 47.395273 ], [ 11.272892, 47.397853 ], [ 11.290032, 47.407378 ], [ 11.29106, 47.427173 ], [ 11.317453, 47.432359 ], [ 11.338124, 47.449717 ], [ 11.421454, 47.444714 ], [ 11.409373, 47.466739 ], [ 11.38381, 47.472208 ], [ 11.437108, 47.515854 ], [ 11.449548, 47.507135 ], [ 11.505599, 47.504731 ], [ 11.572452, 47.51451 ], [ 11.587981, 47.525398 ], [ 11.587157, 47.555173 ], [ 11.605554, 47.580809 ], [ 11.633912, 47.580832 ], [ 11.637139, 47.594259 ], [ 11.660253, 47.583785 ], [ 11.781035, 47.591185 ], [ 11.843868, 47.581215 ], [ 11.854913, 47.602338 ], [ 11.913666, 47.613796 ], [ 11.976198, 47.612961 ], [ 12.008549, 47.625149 ], [ 12.022278, 47.611136 ], [ 12.064238, 47.618737 ], [ 12.082351, 47.609734 ], [ 12.129001, 47.605633 ], [ 12.179045, 47.614369 ], [ 12.178144, 47.600867 ], [ 12.203882, 47.60681 ], [ 12.208134, 47.613877 ], [ 12.198793, 47.641441 ], [ 12.168827, 47.680039 ], [ 12.162598, 47.70113 ], [ 12.203651, 47.707403 ], [ 12.256972, 47.743007 ], [ 12.264886, 47.732483 ], [ 12.241167, 47.694104 ], [ 12.255189, 47.679295 ], [ 12.338045, 47.697087 ], [ 12.338549, 47.690546 ], [ 12.363702, 47.6838 ], [ 12.440126, 47.695173 ], [ 12.440728, 47.673857 ], [ 12.499216, 47.625017 ], [ 12.536344, 47.636475 ], [ 12.575034, 47.63232 ], [ 12.607415, 47.673713 ], [ 12.648616, 47.670327 ], [ 12.666105, 47.680779 ], [ 12.695908, 47.682205 ], [ 12.732918, 47.679463 ], [ 12.757194, 47.663012 ], [ 12.781115, 47.674141 ], [ 12.778406, 47.660833 ], [ 12.759013, 47.650904 ], [ 12.824614, 47.612104 ], [ 12.793546, 47.600989 ], [ 12.795319, 47.593254 ], [ 12.77923, 47.579332 ], [ 12.794479, 47.55663 ], [ 12.817695, 47.544907 ], [ 12.847566, 47.546035 ], [ 12.851985, 47.530561 ], [ 12.880402, 47.521922 ], [ 12.908724, 47.496989 ], [ 12.969434, 47.474183 ], [ 12.977907, 47.484626 ], [ 13.006246, 47.463989 ], [ 13.026177, 47.486209 ], [ 13.047505, 47.492083 ], [ 13.047332, 47.521377 ], [ 13.031032, 47.533087 ], [ 13.057295, 47.562109 ], [ 13.04272, 47.573756 ], [ 13.043574, 47.583447 ], [ 13.071882, 47.588372 ], [ 13.062956, 47.602133 ], [ 13.098661, 47.635407 ], [ 13.077159, 47.66943 ], [ 13.080794, 47.687024 ], [ 13.043894, 47.713827 ], [ 13.017505, 47.722888 ], [ 12.973526, 47.707066 ], [ 12.925393, 47.710322 ], [ 12.905047, 47.723643 ], [ 12.917437, 47.741893 ], [ 12.935195, 47.747318 ], [ 12.935573, 47.758501 ], [ 12.944765, 47.764603 ], [ 12.942384, 47.770959 ], [ 12.928223, 47.771256 ], [ 12.964635, 47.80051 ], [ 13.003295, 47.850312 ], [ 12.946417, 47.921816 ], [ 12.937822, 47.943663 ], [ 12.922836, 47.939122 ], [ 12.917867, 47.954628 ], [ 12.873303, 47.964165 ], [ 12.851376, 48.014834 ], [ 12.759719, 48.07505 ], [ 12.749133, 48.10831 ], [ 12.758259, 48.126325 ], [ 12.786894, 48.12361 ], [ 12.798789, 48.146164 ], [ 12.827297, 48.15281 ], [ 12.847746, 48.167453 ], [ 12.868644, 48.200846 ], [ 12.957144, 48.209635 ], [ 13.022392, 48.257974 ], [ 13.081158, 48.277256 ], [ 13.12907, 48.278636 ], [ 13.179159, 48.294738 ], [ 13.255193, 48.29339 ], [ 13.331089, 48.324355 ], [ 13.412275, 48.37559 ], [ 13.439131, 48.430442 ], [ 13.42727, 48.457538 ], [ 13.45804, 48.511944 ], [ 13.446304, 48.52374 ], [ 13.450164, 48.537613 ], [ 13.438055, 48.557742 ], [ 13.450104, 48.563973 ], [ 13.46366, 48.553981 ], [ 13.475392, 48.556095 ], [ 13.47459, 48.56235 ], [ 13.503966, 48.572482 ], [ 13.508992, 48.590602 ], [ 13.569517, 48.561281 ], [ 13.599472, 48.569365 ], [ 13.625785, 48.553995 ], [ 13.653285, 48.548907 ], [ 13.664587, 48.534039 ], [ 13.727359, 48.513008 ], [ 13.733589, 48.525432 ], [ 13.747542, 48.529878 ], [ 13.743727, 48.544074 ], [ 13.754783, 48.551204 ], [ 13.746653, 48.552467 ], [ 13.754125, 48.56378 ], [ 13.770427, 48.553644 ], [ 13.801087, 48.573803 ], [ 13.807208, 48.584213 ], [ 13.801471, 48.597595 ], [ 13.825618, 48.618314 ], [ 13.826049, 48.635809 ], [ 13.814177, 48.649787 ], [ 13.819659, 48.671254 ], [ 13.813676, 48.691916 ], [ 13.833574, 48.691963 ], [ 13.837576, 48.700667 ], [ 13.81421, 48.701004 ], [ 13.794917, 48.714928 ], [ 13.818805, 48.731519 ], [ 13.821246, 48.754476 ], [ 13.839507, 48.771605 ], [ 13.803902, 48.781126 ], [ 13.815318, 48.796901 ], [ 13.787993, 48.825179 ], [ 13.793092, 48.830221 ], [ 13.764746, 48.834246 ], [ 13.737929, 48.885848 ], [ 13.71682, 48.878158 ], [ 13.676238, 48.878717 ], [ 13.669582, 48.890267 ], [ 13.655197, 48.893466 ], [ 13.622336, 48.938995 ], [ 13.628668, 48.949206 ], [ 13.608541, 48.940487 ], [ 13.590729, 48.952774 ], [ 13.585478, 48.968512 ], [ 13.54803, 48.96689 ], [ 13.529237, 48.974103 ], [ 13.507074, 48.969086 ], [ 13.508258, 48.942166 ], [ 13.495622, 48.941345 ], [ 13.402896, 48.987343 ], [ 13.409274, 49.003067 ], [ 13.400293, 49.016241 ], [ 13.405855, 49.023652 ], [ 13.391992, 49.041731 ], [ 13.397147, 49.05101 ], [ 13.375878, 49.058398 ], [ 13.344669, 49.088466 ], [ 13.289189, 49.118635 ], [ 13.236365, 49.113595 ], [ 13.182792, 49.134478 ], [ 13.170322, 49.14404 ], [ 13.176876, 49.164227 ], [ 13.170908, 49.17358 ], [ 13.10997, 49.203179 ], [ 13.114122, 49.218428 ], [ 13.08605, 49.229412 ], [ 13.080762, 49.247417 ], [ 13.060086, 49.250597 ], [ 13.055186, 49.264008 ], [ 13.033896, 49.263903 ], [ 13.025663, 49.278921 ], [ 13.029109, 49.304348 ], [ 13.007573, 49.305998 ], [ 12.972595, 49.333888 ], [ 12.942959, 49.344199 ], [ 12.880237, 49.350523 ], [ 12.886922, 49.332301 ], [ 12.843334, 49.345223 ], [ 12.786287, 49.345398 ], [ 12.77881, 49.348079 ], [ 12.78138, 49.360321 ], [ 12.758089, 49.375188 ], [ 12.757631, 49.394757 ], [ 12.71471, 49.414003 ], [ 12.708719, 49.424677 ], [ 12.655893, 49.434547 ], [ 12.657978, 49.450508 ], [ 12.649328, 49.466936 ], [ 12.633764, 49.476195 ], [ 12.644094, 49.484905 ], [ 12.64425, 49.523042 ], [ 12.63589, 49.532011 ], [ 12.620703, 49.526559 ], [ 12.588502, 49.538536 ], [ 12.595009, 49.541548 ], [ 12.574164, 49.559444 ], [ 12.577078, 49.586302 ], [ 12.564191, 49.596239 ], [ 12.56067, 49.619634 ], [ 12.528169, 49.618184 ], [ 12.534402, 49.626307 ], [ 12.523665, 49.627959 ], [ 12.52886, 49.639232 ], [ 12.517535, 49.644504 ], [ 12.529846, 49.66625 ], [ 12.521638, 49.686762 ], [ 12.49178, 49.686013 ], [ 12.442886, 49.7037 ], [ 12.400717, 49.753849 ], [ 12.404741, 49.762799 ], [ 12.472723, 49.785938 ], [ 12.464218, 49.810223 ], [ 12.474944, 49.819298 ], [ 12.472947, 49.833589 ], [ 12.482636, 49.841718 ], [ 12.498008, 49.83758 ], [ 12.497845, 49.856905 ], [ 12.512106, 49.859426 ], [ 12.521871, 49.881726 ], [ 12.549673, 49.901092 ], [ 12.54773, 49.920343 ], [ 12.475514, 49.937919 ], [ 12.470482, 49.949031 ], [ 12.499542, 49.972016 ], [ 12.48989, 49.981761 ], [ 12.476533, 49.980769 ], [ 12.467431, 49.992852 ], [ 12.43152, 49.984382 ], [ 12.425579, 49.991199 ], [ 12.435233, 49.993781 ], [ 12.431224, 50.002615 ], [ 12.401899, 50.005254 ], [ 12.400649, 50.015004 ], [ 12.367533, 50.017444 ], [ 12.338881, 50.03961 ], [ 12.32541, 50.033019 ], [ 12.317333, 50.053379 ], [ 12.260912, 50.05843 ], [ 12.275354, 50.076471 ], [ 12.246949, 50.097443 ], [ 12.231797, 50.094162 ], [ 12.228772, 50.10231 ], [ 12.210479, 50.10168 ], [ 12.199607, 50.111193 ], [ 12.195202, 50.143044 ], [ 12.215995, 50.16818 ], [ 12.207302, 50.16951 ], [ 12.201261, 50.18879 ], [ 12.188941, 50.195506 ], [ 12.197454, 50.198839 ], [ 12.18282, 50.199364 ], [ 12.175723, 50.21286 ], [ 12.159498, 50.211181 ], [ 12.162128, 50.223545 ], [ 12.145544, 50.230387 ], [ 12.151332, 50.235725 ], [ 12.126988, 50.232491 ], [ 12.09076, 50.252384 ], [ 12.102511, 50.255785 ], [ 12.097471, 50.262389 ], [ 12.139921, 50.277575 ], [ 12.122348, 50.291646 ], [ 12.125561, 50.307617 ], [ 12.090347, 50.324251 ], [ 12.091343, 50.33261 ], [ 12.079893, 50.326835 ], [ 12.046436, 50.331151 ], [ 12.046852, 50.324999 ], [ 12.014776, 50.34756 ], [ 11.977171, 50.351483 ], [ 11.982555, 50.356667 ], [ 11.976512, 50.361945 ], [ 11.984773, 50.364696 ], [ 11.978961, 50.369495 ], [ 11.983943, 50.388707 ], [ 11.964572, 50.399935 ], [ 11.949377, 50.394809 ], [ 11.954374, 50.407074 ], [ 11.93473, 50.423664 ], [ 11.885422, 50.415854 ], [ 11.866581, 50.40097 ], [ 11.824265, 50.389757 ], [ 11.818404, 50.393568 ], [ 11.825495, 50.40442 ], [ 11.817376, 50.40059 ], [ 11.797353, 50.417321 ], [ 11.780251, 50.418755 ], [ 11.772605, 50.411532 ], [ 11.750841, 50.414453 ], [ 11.761564, 50.405256 ], [ 11.744046, 50.410504 ], [ 11.714721, 50.396635 ], [ 11.708264, 50.403938 ], [ 11.683895, 50.392889 ], [ 11.624601, 50.38687 ], [ 11.594313, 50.402604 ], [ 11.573152, 50.400122 ], [ 11.560064, 50.384127 ], [ 11.519853, 50.374268 ], [ 11.51891, 50.395666 ], [ 11.478737, 50.401216 ], [ 11.488122, 50.415835 ], [ 11.481568, 50.431622 ], [ 11.463153, 50.432176 ], [ 11.443442, 50.420821 ], [ 11.451254, 50.431033 ], [ 11.420631, 50.443366 ], [ 11.423595, 50.462257 ], [ 11.4155, 50.467847 ], [ 11.418091, 50.48186 ], [ 11.426474, 50.484541 ], [ 11.418815, 50.493461 ], [ 11.436032, 50.49218 ], [ 11.440946, 50.499959 ], [ 11.429279, 50.512233 ], [ 11.346569, 50.521535 ], [ 11.346991, 50.51161 ], [ 11.321355, 50.508567 ], [ 11.323142, 50.491165 ], [ 11.300936, 50.488406 ], [ 11.290982, 50.475257 ], [ 11.289115, 50.485566 ], [ 11.247116, 50.477304 ], [ 11.254893, 50.456423 ], [ 11.247092, 50.448924 ], [ 11.2632, 50.442889 ], [ 11.268013, 50.432212 ], [ 11.258056, 50.400038 ], [ 11.270869, 50.394204 ], [ 11.264334, 50.38704 ], [ 11.276083, 50.380923 ], [ 11.284253, 50.360307 ], [ 11.262435, 50.352401 ], [ 11.277099, 50.335962 ], [ 11.261329, 50.337913 ], [ 11.256466, 50.322273 ], [ 11.270337, 50.306747 ], [ 11.251995, 50.299265 ], [ 11.260241, 50.28709 ], [ 11.252298, 50.269021 ], [ 11.197848, 50.291856 ], [ 11.187139, 50.269556 ], [ 11.173971, 50.27128 ], [ 11.18371, 50.280895 ], [ 11.15848, 50.289204 ], [ 11.145923, 50.284956 ], [ 11.131755, 50.308088 ], [ 11.159197, 50.330392 ], [ 11.139108, 50.353506 ], [ 11.116798, 50.349334 ], [ 11.115305, 50.367007 ], [ 11.089737, 50.365887 ], [ 11.085754, 50.352034 ], [ 11.042988, 50.344722 ], [ 11.032407, 50.351501 ], [ 11.043497, 50.352232 ], [ 11.031703, 50.355131 ], [ 11.033417, 50.361358 ], [ 10.993487, 50.365469 ], [ 10.999519, 50.351973 ], [ 10.985781, 50.347321 ], [ 10.956661, 50.368482 ], [ 10.961787, 50.377585 ], [ 10.937635, 50.391905 ], [ 10.893118, 50.380324 ], [ 10.876236, 50.396531 ], [ 10.861838, 50.38767 ], [ 10.830443, 50.392616 ], [ 10.804251, 50.379109 ], [ 10.785882, 50.385384 ], [ 10.754509, 50.358172 ], [ 10.715267, 50.363591 ], [ 10.714304, 50.346346 ], [ 10.728873, 50.347942 ], [ 10.71439, 50.325479 ], [ 10.741845, 50.315914 ], [ 10.770729, 50.292672 ], [ 10.80255, 50.291981 ], [ 10.80392, 50.279753 ], [ 10.846358, 50.275095 ], [ 10.851953, 50.251603 ], [ 10.824047, 50.237533 ], [ 10.807269, 50.240197 ], [ 10.800564, 50.251443 ], [ 10.781844, 50.251284 ], [ 10.769632, 50.24084 ], [ 10.732168, 50.251838 ], [ 10.726239, 50.240889 ], [ 10.731221, 50.212654 ], [ 10.716645, 50.204819 ], [ 10.695753, 50.211799 ], [ 10.686714, 50.225908 ], [ 10.66367, 50.221543 ], [ 10.658961, 50.230709 ], [ 10.612047, 50.224138 ], [ 10.597108, 50.246173 ], [ 10.611315, 50.249075 ], [ 10.597829, 50.262621 ], [ 10.607296, 50.271257 ], [ 10.59104, 50.271784 ], [ 10.605324, 50.293537 ], [ 10.592359, 50.308081 ], [ 10.60055, 50.333688 ], [ 10.561785, 50.337098 ], [ 10.544408, 50.364506 ], [ 10.531011, 50.36511 ], [ 10.514624, 50.349897 ], [ 10.512476, 50.359806 ], [ 10.492406, 50.355056 ], [ 10.48599, 50.363054 ], [ 10.494443, 50.369443 ], [ 10.463658, 50.376015 ], [ 10.449503, 50.403047 ], [ 10.423743, 50.392532 ], [ 10.394494, 50.393652 ], [ 10.383918, 50.408621 ], [ 10.403835, 50.424775 ], [ 10.370715, 50.431758 ], [ 10.381332, 50.438852 ], [ 10.367272, 50.438774 ], [ 10.356726, 50.45519 ], [ 10.336154, 50.465897 ], [ 10.341411, 50.483 ], [ 10.330582, 50.494277 ], [ 10.30657, 50.492079 ], [ 10.256222, 50.512813 ], [ 10.230828, 50.511803 ], [ 10.225792, 50.518719 ], [ 10.231974, 50.531088 ], [ 10.208326, 50.540631 ], [ 10.203874, 50.554701 ], [ 10.177893, 50.55168 ], [ 10.175441, 50.542918 ], [ 10.150268, 50.551888 ], [ 10.140367, 50.54285 ], [ 10.120712, 50.555857 ], [ 10.126218, 50.561351 ], [ 10.107094, 50.563734 ], [ 10.070046, 50.535421 ], [ 10.071825, 50.527671 ], [ 10.039741, 50.515618 ], [ 10.041188, 50.495188 ], [ 10.033485, 50.481121 ], [ 10.018307, 50.466455 ], [ 9.99746, 50.460986 ], [ 9.957837, 50.423204 ], [ 9.883101, 50.398893 ], [ 9.869997, 50.409269 ], [ 9.860046, 50.397474 ], [ 9.807988, 50.412431 ], [ 9.810902, 50.418882 ], [ 9.80259, 50.423997 ], [ 9.780181, 50.418431 ], [ 9.762064, 50.425867 ], [ 9.751062, 50.413559 ], [ 9.759293, 50.402419 ], [ 9.746204, 50.36618 ], [ 9.732914, 50.35615 ], [ 9.747436, 50.3412 ], [ 9.745881, 50.310408 ], [ 9.703422, 50.280752 ], [ 9.652396, 50.26967 ], [ 9.636824, 50.25145 ], [ 9.668176, 50.239435 ], [ 9.663619, 50.233733 ], [ 9.635816, 50.235228 ], [ 9.621592, 50.223116 ], [ 9.582899, 50.221528 ], [ 9.576319, 50.232389 ], [ 9.54203, 50.224342 ], [ 9.533491, 50.234492 ], [ 9.514378, 50.234077 ], [ 9.501175, 50.243474 ], [ 9.49477, 50.226672 ], [ 9.516205, 50.199612 ], [ 9.501479, 50.193048 ], [ 9.498105, 50.175544 ], [ 9.528152, 50.168139 ], [ 9.531202, 50.16085 ], [ 9.507571, 50.145557 ], [ 9.519259, 50.114039 ], [ 9.512464, 50.094356 ], [ 9.413111, 50.08406 ], [ 9.394463, 50.097486 ], [ 9.373621, 50.130964 ], [ 9.341584, 50.131282 ], [ 9.327428, 50.14106 ], [ 9.307612, 50.133408 ], [ 9.285897, 50.141665 ], [ 9.25256, 50.13948 ], [ 9.221866, 50.149417 ], [ 9.183269, 50.137902 ], [ 9.191594, 50.127487 ], [ 9.174559, 50.11948 ], [ 9.162546, 50.098186 ], [ 9.149211, 50.090639 ], [ 9.143367, 50.096983 ], [ 9.154371, 50.107393 ], [ 9.153609, 50.117931 ], [ 9.144958, 50.114112 ], [ 9.120204, 50.126495 ], [ 9.09823, 50.126417 ], [ 9.089306, 50.116804 ], [ 9.018261, 50.111604 ], [ 8.997391, 50.09158 ], [ 8.999283, 50.069367 ], [ 8.976001, 50.050322 ], [ 8.985375, 50.041727 ], [ 9.012308, 50.045951 ], [ 9.031344, 50.039574 ], [ 9.031025, 50.020132 ], [ 9.039817, 50.010373 ], [ 9.035538, 50.001837 ], [ 9.048476, 49.993935 ], [ 9.036552, 49.9898 ], [ 9.022987, 49.997054 ], [ 9.015714, 49.989023 ], [ 9.026372, 49.955091 ], [ 9.019036, 49.94705 ], [ 9.032264, 49.924689 ], [ 9.02336, 49.910137 ], [ 9.031878, 49.909361 ], [ 9.038429, 49.876218 ], [ 9.050453, 49.867572 ], [ 9.033336, 49.866467 ], [ 9.043705, 49.855543 ], [ 9.037652, 49.842564 ], [ 9.059516, 49.847028 ], [ 9.052839, 49.840003 ], [ 9.063957, 49.831759 ], [ 9.084731, 49.847506 ], [ 9.090088, 49.840968 ], [ 9.077533, 49.834612 ], [ 9.086665, 49.826438 ], [ 9.076993, 49.818223 ], [ 9.09088, 49.790655 ], [ 9.10814, 49.79798 ], [ 9.131666, 49.794928 ], [ 9.134484, 49.782247 ], [ 9.113365, 49.773731 ], [ 9.106914, 49.758661 ], [ 9.150809, 49.742851 ], [ 9.134528, 49.71668 ], [ 9.122543, 49.714842 ], [ 9.126109, 49.69998 ], [ 9.089638, 49.693346 ], [ 9.08886, 49.669023 ], [ 9.103419, 49.660431 ], [ 9.102012, 49.64221 ], [ 9.06586, 49.619659 ], [ 9.066381, 49.602365 ], [ 9.08299, 49.601987 ], [ 9.103006, 49.577456 ], [ 9.117714, 49.573678 ], [ 9.15889, 49.57959 ], [ 9.19441, 49.574041 ], [ 9.24894, 49.584518 ], [ 9.246443, 49.590024 ], [ 9.259037, 49.593276 ], [ 9.264578, 49.60682 ], [ 9.285023, 49.614801 ], [ 9.270723, 49.634019 ], [ 9.285501, 49.63577 ], [ 9.304083, 49.654944 ], [ 9.343881, 49.6443 ], [ 9.366744, 49.658357 ], [ 9.382238, 49.64318 ], [ 9.406, 49.645313 ], [ 9.419495, 49.658854 ], [ 9.39808, 49.671481 ], [ 9.412472, 49.675469 ], [ 9.406391, 49.679582 ], [ 9.422313, 49.696079 ], [ 9.418681, 49.711898 ], [ 9.401068, 49.720565 ], [ 9.399961, 49.728841 ], [ 9.380161, 49.726118 ], [ 9.382529, 49.707463 ], [ 9.357409, 49.704288 ], [ 9.344031, 49.718614 ], [ 9.374211, 49.728002 ], [ 9.295673, 49.740531 ], [ 9.323124, 49.743797 ], [ 9.316022, 49.76824 ], [ 9.351036, 49.769007 ], [ 9.37261, 49.778977 ], [ 9.391547, 49.770121 ], [ 9.422816, 49.78932 ], [ 9.457007, 49.769472 ], [ 9.479097, 49.786894 ], [ 9.503232, 49.788395 ], [ 9.512861, 49.781794 ], [ 9.514512, 49.763787 ], [ 9.546462, 49.766426 ], [ 9.562256, 49.744541 ], [ 9.568946, 49.749635 ], [ 9.558393, 49.765095 ], [ 9.56181, 49.780617 ], [ 9.648736, 49.791478 ], [ 9.651419, 49.780557 ], [ 9.644322, 49.77861 ], [ 9.651866, 49.766372 ], [ 9.637952, 49.753851 ], [ 9.645553, 49.74691 ], [ 9.638998, 49.740507 ], [ 9.646936, 49.739145 ], [ 9.627715, 49.731963 ], [ 9.640874, 49.720337 ], [ 9.625449, 49.703737 ], [ 9.63246, 49.693186 ], [ 9.653496, 49.687137 ], [ 9.676148, 49.693347 ], [ 9.677194, 49.716201 ], [ 9.700382, 49.716961 ], [ 9.709719, 49.727058 ], [ 9.72755, 49.688728 ], [ 9.73942, 49.688191 ], [ 9.752954, 49.710122 ], [ 9.799994, 49.730943 ], [ 9.796514, 49.720711 ], [ 9.831805, 49.703803 ], [ 9.836147, 49.691741 ], [ 9.830028, 49.687709 ], [ 9.841172, 49.683417 ], [ 9.823417, 49.673173 ], [ 9.83006, 49.651743 ], [ 9.855481, 49.641515 ], [ 9.872808, 49.610076 ], [ 9.841047, 49.595141 ], [ 9.848495, 49.577713 ], [ 9.811545, 49.555683 ], [ 9.85931, 49.546044 ], [ 9.86455, 49.567881 ], [ 9.875725, 49.578631 ], [ 9.898791, 49.588347 ], [ 9.912438, 49.585908 ], [ 9.89799, 49.56407 ], [ 9.924985, 49.560064 ], [ 9.920733, 49.553402 ], [ 9.926961, 49.549521 ], [ 9.920182, 49.545125 ], [ 9.92705, 49.536077 ], [ 9.916959, 49.517802 ], [ 9.925129, 49.50865 ], [ 9.913741, 49.493253 ], [ 9.951882, 49.480364 ], [ 10.02026, 49.486649 ], [ 10.028178, 49.50399 ], [ 10.056146, 49.514945 ], [ 10.040019, 49.52901 ], [ 10.061368, 49.537468 ], [ 10.061428, 49.545138 ], [ 10.08552, 49.542214 ], [ 10.089598, 49.530521 ], [ 10.076886, 49.519883 ], [ 10.084147, 49.511759 ], [ 10.121323, 49.511046 ], [ 10.099991, 49.491728 ], [ 10.122252, 49.463908 ], [ 10.105488, 49.463239 ], [ 10.094741, 49.447899 ], [ 10.133705, 49.437147 ], [ 10.15168, 49.412294 ], [ 10.152217, 49.401015 ], [ 10.142064, 49.40397 ], [ 10.138638, 49.403096 ], [ 10.161698, 49.395494 ], [ 10.144924, 49.384414 ], [ 10.121686, 49.38786 ], [ 10.107318, 49.378785 ], [ 10.117414, 49.369023 ], [ 10.113374, 49.359941 ], [ 10.124556, 49.356138 ], [ 10.107616, 49.351699 ], [ 10.104847, 49.338412 ], [ 10.113087, 49.335777 ], [ 10.110499, 49.328872 ], [ 10.140102, 49.325576 ], [ 10.145247, 49.316498 ], [ 10.132299, 49.300319 ], [ 10.15662, 49.280759 ], [ 10.134157, 49.26223 ], [ 10.12356, 49.270965 ], [ 10.131392, 49.275084 ], [ 10.123625, 49.274995 ], [ 10.113974, 49.266408 ], [ 10.118702, 49.25787 ], [ 10.109875, 49.258298 ], [ 10.133209, 49.253105 ], [ 10.119829, 49.247358 ], [ 10.140136, 49.20889 ], [ 10.125622, 49.210893 ], [ 10.130455, 49.203767 ], [ 10.124899, 49.199737 ], [ 10.156808, 49.192715 ], [ 10.153574, 49.188412 ], [ 10.166468, 49.179216 ], [ 10.181183, 49.182407 ], [ 10.177318, 49.173509 ], [ 10.195244, 49.169889 ], [ 10.196814, 49.155762 ], [ 10.218379, 49.16349 ], [ 10.248023, 49.149281 ], [ 10.256947, 49.12905 ], [ 10.224954, 49.119503 ], [ 10.229331, 49.113226 ], [ 10.21525, 49.113283 ], [ 10.204998, 49.098119 ], [ 10.222779, 49.097859 ], [ 10.22907, 49.089761 ], [ 10.250597, 49.092815 ], [ 10.247145, 49.07972 ], [ 10.23417, 49.076362 ], [ 10.258154, 49.070174 ], [ 10.26463, 49.061365 ], [ 10.256056, 49.061364 ], [ 10.251864, 49.039161 ], [ 10.26499, 49.045203 ], [ 10.284839, 49.036575 ], [ 10.294007, 49.042777 ], [ 10.320477, 49.025716 ], [ 10.332901, 49.031923 ], [ 10.350257, 49.028422 ], [ 10.345197, 49.019385 ], [ 10.356092, 49.01351 ], [ 10.352158, 49.006002 ], [ 10.372809, 49.003239 ], [ 10.381896, 48.999049 ], [ 10.380483, 48.989212 ], [ 10.394683, 48.990158 ], [ 10.411773, 48.978957 ], [ 10.40148, 48.974523 ], [ 10.403681, 48.96679 ], [ 10.418752, 48.968579 ], [ 10.430902, 48.946303 ], [ 10.451373, 48.938661 ], [ 10.437809, 48.933151 ], [ 10.457107, 48.920548 ], [ 10.44377, 48.908452 ], [ 10.42132, 48.905763 ], [ 10.450216, 48.893089 ], [ 10.452993, 48.884439 ], [ 10.444775, 48.880271 ], [ 10.454107, 48.860301 ], [ 10.452795, 48.85186 ], [ 10.427415, 48.842989 ], [ 10.426268, 48.836921 ], [ 10.449102, 48.830323 ], [ 10.448624, 48.811968 ], [ 10.421084, 48.799412 ], [ 10.434329, 48.789648 ], [ 10.426774, 48.781747 ], [ 10.434266, 48.77623 ], [ 10.42852, 48.76977 ], [ 10.420115, 48.776239 ], [ 10.413101, 48.772088 ], [ 10.428187, 48.755884 ], [ 10.416177, 48.748106 ], [ 10.447884, 48.728044 ], [ 10.450065, 48.734988 ], [ 10.464281, 48.735137 ], [ 10.45574, 48.729046 ], [ 10.483382, 48.708064 ], [ 10.47151, 48.70281 ], [ 10.495083, 48.687247 ], [ 10.481746, 48.686499 ], [ 10.449173, 48.665159 ], [ 10.410639, 48.661034 ], [ 10.408698, 48.66784 ], [ 10.426109, 48.672951 ], [ 10.418721, 48.682272 ], [ 10.422782, 48.690755 ], [ 10.429635, 48.686025 ], [ 10.437394, 48.693102 ], [ 10.431748, 48.699492 ], [ 10.408871, 48.698793 ], [ 10.392032, 48.687161 ], [ 10.389421, 48.667202 ], [ 10.368441, 48.663879 ], [ 10.361129, 48.652827 ], [ 10.351017, 48.654677 ], [ 10.347423, 48.679107 ], [ 10.337429, 48.689022 ], [ 10.3174, 48.688698 ], [ 10.317503, 48.682934 ], [ 10.268707, 48.703547 ], [ 10.27304, 48.685891 ], [ 10.255372, 48.677491 ], [ 10.264849, 48.672142 ], [ 10.2546, 48.666203 ], [ 10.266623, 48.658837 ], [ 10.25953, 48.654892 ], [ 10.280523, 48.646771 ], [ 10.297811, 48.624188 ], [ 10.323095, 48.609133 ], [ 10.297109, 48.60381 ], [ 10.293114, 48.589766 ], [ 10.304753, 48.584265 ], [ 10.313005, 48.567123 ], [ 10.314184, 48.556289 ], [ 10.300847, 48.545071 ], [ 10.312023, 48.522944 ], [ 10.23078, 48.510511 ], [ 10.237966, 48.507822 ], [ 10.22805, 48.504975 ], [ 10.240826, 48.506158 ], [ 10.241406, 48.49196 ], [ 10.180098, 48.475524 ], [ 10.176413, 48.471369 ], [ 10.184524, 48.472915 ], [ 10.184601, 48.467211 ], [ 10.17546, 48.469391 ], [ 10.171846, 48.457787 ], [ 10.133895, 48.454871 ], [ 10.117367, 48.475388 ], [ 10.105027, 48.477504 ], [ 10.06401, 48.456389 ], [ 10.034027, 48.457781 ], [ 10.038227, 48.444453 ], [ 10.028051, 48.436919 ], [ 10.042414, 48.429732 ], [ 9.967276, 48.374404 ], [ 9.977741, 48.362659 ], [ 9.987734, 48.370626 ], [ 9.999597, 48.363229 ], [ 9.998132, 48.347513 ], [ 10.010403, 48.342389 ], [ 10.042549, 48.29423 ], [ 10.065817, 48.281817 ], [ 10.06196, 48.25813 ], [ 10.069026, 48.253762 ], [ 10.060721, 48.24009 ], [ 10.083711, 48.20964 ], [ 10.085717, 48.182192 ], [ 10.107074, 48.132144 ], [ 10.136247, 48.111443 ], [ 10.140392, 48.098917 ], [ 10.134082, 48.079479 ], [ 10.143737, 48.074414 ], [ 10.143902, 48.059007 ], [ 10.127111, 48.032712 ], [ 10.134326, 48.0176 ], [ 10.11955, 48.0035 ], [ 10.114955, 47.976257 ], [ 10.093207, 47.972332 ], [ 10.084894, 47.961308 ], [ 10.089488, 47.947977 ], [ 10.11101, 47.934879 ], [ 10.105013, 47.923838 ], [ 10.110414, 47.910657 ], [ 10.095332, 47.885159 ], [ 10.105705, 47.879027 ], [ 10.091599, 47.867398 ], [ 10.076756, 47.867809 ], [ 10.082962, 47.855718 ], [ 10.104617, 47.864624 ], [ 10.091605, 47.845621 ], [ 10.107155, 47.852895 ], [ 10.102771, 47.842374 ], [ 10.138023, 47.809638 ], [ 10.115747, 47.810874 ], [ 10.108782, 47.805771 ], [ 10.11688, 47.800623 ], [ 10.090135, 47.803905 ], [ 10.064681, 47.785888 ], [ 10.079615, 47.781262 ], [ 10.082513, 47.771181 ], [ 10.119049, 47.759587 ], [ 10.116429, 47.719317 ], [ 10.139438, 47.703273 ], [ 10.128322, 47.690718 ], [ 10.129336, 47.676137 ], [ 10.11112, 47.66599 ], [ 10.089245, 47.673045 ], [ 10.093424, 47.663221 ], [ 10.081362, 47.65489 ], [ 10.077292, 47.639274 ], [ 10.075162, 47.658335 ], [ 10.059312, 47.680629 ], [ 10.030491, 47.674452 ], [ 10.028645, 47.686983 ], [ 10.001902, 47.681999 ], [ 9.976023, 47.665325 ], [ 9.970746, 47.653626 ], [ 9.959522, 47.652304 ], [ 9.842191, 47.677692 ], [ 9.837816, 47.66947 ], [ 9.830606, 47.671376 ], [ 9.828553, 47.657901 ], [ 9.795646, 47.647601 ], [ 9.795256, 47.635719 ], [ 9.777822, 47.630536 ], [ 9.747718, 47.603688 ], [ 9.740358, 47.604536 ], [ 9.745652, 47.617297 ], [ 9.706294, 47.601812 ], [ 9.692152, 47.610423 ], [ 9.683888, 47.604558 ], [ 9.65771, 47.611725 ], [ 9.635967, 47.602455 ], [ 9.643285, 47.58976 ], [ 9.633101, 47.594064 ], [ 9.614056, 47.58115 ], [ 9.602077, 47.584338 ] ], [ [ 10.45446, 47.555738 ], [ 10.435384, 47.567686 ], [ 10.432937, 47.581477 ], [ 10.481779, 47.584526 ], [ 10.45446, 47.555738 ] ] ] } },
{ "type": "Feature", "properties": { "name": "Berlin", "area": 891.8186468587985 }, "geometry": { "type": "Polygon", "coordinates": [ [ [ 13.480055, 52.674646 ], [ 13.450841, 52.662722 ], [ 13.473894, 52.656614 ], [ 13.469996, 52.652075 ], [ 13.440932, 52.649123 ], [ 13.424365, 52.63563 ], [ 13.396712, 52.648301 ], [ 13.357296, 52.623175 ], [ 13.302423, 52.627561 ], [ 13.309257, 52.64314 ], [ 13.300378, 52.65347 ], [ 13.310034, 52.657376 ], [ 13.282885, 52.660785 ], [ 13.282441, 52.641295 ], [ 13.262156, 52.640753 ], [ 13.264275, 52.626928 ], [ 13.220683, 52.628179 ], [ 13.201606, 52.606381 ], [ 13.217336, 52.587456 ], [ 13.164263, 52.5989 ], [ 13.128987, 52.587442 ], [ 13.132092, 52.579699 ], [ 13.149603, 52.583311 ], [ 13.152953, 52.572781 ], [ 13.145665, 52.552911 ], [ 13.130617, 52.556354 ], [ 13.117393, 52.516995 ], [ 13.14301, 52.519676 ], [ 13.166458, 52.510124 ], [ 13.117798, 52.478968 ], [ 13.109223, 52.45062 ], [ 13.123177, 52.439365 ], [ 13.088333, 52.419611 ], [ 13.090343, 52.412099 ], [ 13.111571, 52.413137 ], [ 13.111636, 52.404223 ], [ 13.13639, 52.398181 ], [ 13.127465, 52.391595 ], [ 13.133589, 52.386916 ], [ 13.142612, 52.396545 ], [ 13.171522, 52.395833 ], [ 13.157827, 52.396362 ], [ 13.159346, 52.40288 ], [ 13.222288, 52.420357 ], [ 13.245797, 52.420801 ], [ 13.249844, 52.404965 ], [ 13.274458, 52.405137 ], [ 13.29613, 52.416451 ], [ 13.311926, 52.399185 ], [ 13.343249, 52.41162 ], [ 13.372135, 52.393824 ], [ 13.370454, 52.388464 ], [ 13.387217, 52.388584 ], [ 13.388521, 52.377968 ], [ 13.420985, 52.376247 ], [ 13.427585, 52.386824 ], [ 13.418773, 52.409917 ], [ 13.462322, 52.420624 ], [ 13.479885, 52.395997 ], [ 13.538379, 52.400679 ], [ 13.535664, 52.38901 ], [ 13.592762, 52.39417 ], [ 13.604439, 52.374206 ], [ 13.62795, 52.381791 ], [ 13.643365, 52.377391 ], [ 13.647105, 52.366875 ], [ 13.636291, 52.347038 ], [ 13.651723, 52.339458 ], [ 13.67108, 52.366356 ], [ 13.699997, 52.375121 ], [ 13.686712, 52.385818 ], [ 13.734538, 52.401976 ], [ 13.738749, 52.407322 ], [ 13.729514, 52.417393 ], [ 13.741385, 52.426916 ], [ 13.737959, 52.434138 ], [ 13.750536, 52.441459 ], [ 13.759587, 52.436272 ], [ 13.759029, 52.442579 ], [ 13.701324, 52.468145 ], [ 13.705365, 52.455766 ], [ 13.698433, 52.45508 ], [ 13.696825, 52.46416 ], [ 13.648215, 52.478782 ], [ 13.625509, 52.468357 ], [ 13.611517, 52.470627 ], [ 13.6308, 52.49412 ], [ 13.624671, 52.495184 ], [ 13.633319, 52.511826 ], [ 13.656896, 52.52987 ], [ 13.625907, 52.530146 ], [ 13.635359, 52.541629 ], [ 13.585387, 52.548472 ], [ 13.58154, 52.570882 ], [ 13.547112, 52.587885 ], [ 13.508154, 52.592183 ], [ 13.496752, 52.605094 ], [ 13.5231, 52.64543 ], [ 13.490831, 52.654729 ], [ 13.488219, 52.670551 ], [ 13.475648, 52.666281 ], [ 13.480055, 52.674646 ] ] ] } },
{ "type": "Feature", "properties": { "name": "Brandenburg", "area": 29654.068821840749 }, "geometry": { "type": "MultiPolygon", "coordinates": [ [ [ [ 13.051025, 51.647677 ], [ 13.086304, 51.608135 ], [ 13.121025, 51.618888 ], [ 13.143777, 51.597873 ], [ 13.154955, 51.600197 ], [ 13.161772, 51.592148 ], [ 13.143169, 51.567461 ], [ 13.185572, 51.558075 ], [ 13.190055, 51.53959 ], [ 13.207957, 51.524353 ], [ 13.207042, 51.504937 ], [ 13.196534, 51.494471 ], [ 13.201294, 51.491717 ], [ 13.182297, 51.491959 ], [ 13.182922, 51.471341 ], [ 13.20308, 51.458732 ], [ 13.203122, 51.451013 ], [ 13.174311, 51.428254 ], [ 13.184649, 51.423787 ], [ 13.189424, 51.434256 ], [ 13.19975, 51.433226 ], [ 13.217309, 51.395056 ], [ 13.250655, 51.394109 ], [ 13.268543, 51.384793 ], [ 13.259984, 51.400399 ], [ 13.286355, 51.399288 ], [ 13.286672, 51.411383 ], [ 13.328344, 51.426642 ], [ 13.320323, 51.4375 ], [ 13.333354, 51.437441 ], [ 13.337948, 51.429165 ], [ 13.35835, 51.433971 ], [ 13.376648, 51.424611 ], [ 13.383076, 51.428057 ], [ 13.372939, 51.437796 ], [ 13.382146, 51.436046 ], [ 13.40105, 51.454172 ], [ 13.42815, 51.431245 ], [ 13.421425, 51.421505 ], [ 13.446058, 51.425957 ], [ 13.443494, 51.428765 ], [ 13.445913, 51.43145 ], [ 13.450052, 51.423008 ], [ 13.463308, 51.426262 ], [ 13.473786, 51.417881 ], [ 13.465533, 51.421775 ], [ 13.463282, 51.411754 ], [ 13.521218, 51.402057 ], [ 13.523118, 51.381026 ], [ 13.537766, 51.381046 ], [ 13.542628, 51.369316 ], [ 13.569962, 51.385666 ], [ 13.589855, 51.384235 ], [ 13.594063, 51.369356 ], [ 13.661452, 51.368975 ], [ 13.668404, 51.376126 ], [ 13.682765, 51.367615 ], [ 13.691251, 51.374013 ], [ 13.739111, 51.361202 ], [ 13.766615, 51.370724 ], [ 13.763253, 51.35902 ], [ 13.787941, 51.370907 ], [ 13.818972, 51.369499 ], [ 13.835313, 51.37679 ], [ 13.833191, 51.383839 ], [ 13.883068, 51.375117 ], [ 13.956224, 51.397072 ], [ 13.972344, 51.393822 ], [ 13.970209, 51.375841 ], [ 14.000697, 51.372596 ], [ 13.996318, 51.382608 ], [ 14.008315, 51.391981 ], [ 14.003564, 51.395612 ], [ 14.028091, 51.395936 ], [ 14.015904, 51.405138 ], [ 14.04459, 51.418754 ], [ 14.038245, 51.428444 ], [ 14.046241, 51.429135 ], [ 14.038162, 51.435578 ], [ 14.062837, 51.445506 ], [ 14.052588, 51.452508 ], [ 14.055292, 51.460948 ], [ 14.033006, 51.475102 ], [ 14.087258, 51.477397 ], [ 14.073822, 51.492667 ], [ 14.09567, 51.498717 ], [ 14.107797, 51.521761 ], [ 14.142359, 51.522804 ], [ 14.12973, 51.533861 ], [ 14.136709, 51.543309 ], [ 14.213018, 51.539812 ], [ 14.247044, 51.527842 ], [ 14.274005, 51.53213 ], [ 14.322918, 51.519426 ], [ 14.33235, 51.505018 ], [ 14.342118, 51.510844 ], [ 14.339931, 51.520762 ], [ 14.386689, 51.534021 ], [ 14.387158, 51.541771 ], [ 14.447771, 51.542069 ], [ 14.446735, 51.552728 ], [ 14.45407, 51.556372 ], [ 14.515454, 51.554235 ], [ 14.545185, 51.561777 ], [ 14.544438, 51.573615 ], [ 14.569635, 51.58119 ], [ 14.599026, 51.57175 ], [ 14.609887, 51.55015 ], [ 14.674013, 51.550645 ], [ 14.691142, 51.562786 ], [ 14.692759, 51.576335 ], [ 14.706452, 51.57646 ], [ 14.696648, 51.596661 ], [ 14.711164, 51.595765 ], [ 14.729866, 51.581777 ], [ 14.762009, 51.603409 ], [ 14.765635, 51.611722 ], [ 14.753531, 51.627397 ], [ 14.750979, 51.652261 ], [ 14.757752, 51.661046 ], [ 14.747615, 51.675288 ], [ 14.737768, 51.678507 ], [ 14.736844, 51.688227 ], [ 14.668124, 51.72583 ], [ 14.656215, 51.741305 ], [ 14.664138, 51.756705 ], [ 14.650457, 51.762078 ], [ 14.653823, 51.783566 ], [ 14.645118, 51.795818 ], [ 14.606714, 51.804039 ], [ 14.590144, 51.82101 ], [ 14.590158, 51.838146 ], [ 14.605199, 51.840415 ], [ 14.60414, 51.847888 ], [ 14.611885, 51.845052 ], [ 14.611002, 51.857012 ], [ 14.643357, 51.866869 ], [ 14.663117, 51.890513 ], [ 14.694259, 51.901985 ], [ 14.703368, 51.930847 ], [ 14.721231, 51.951162 ], [ 14.704708, 51.976619 ], [ 14.721393, 51.993818 ], [ 14.71405, 52.003692 ], [ 14.748263, 52.03183 ], [ 14.745243, 52.05385 ], [ 14.759043, 52.064762 ], [ 14.741284, 52.085228 ], [ 14.700347, 52.098119 ], [ 14.681595, 52.116652 ], [ 14.679585, 52.14493 ], [ 14.705415, 52.169626 ], [ 14.685177, 52.194084 ], [ 14.708388, 52.211747 ], [ 14.715747, 52.235884 ], [ 14.692154, 52.255946 ], [ 14.596478, 52.272933 ], [ 14.57604, 52.288367 ], [ 14.584922, 52.306458 ], [ 14.576201, 52.321482 ], [ 14.561028, 52.328608 ], [ 14.552123, 52.374054 ], [ 14.534357, 52.395008 ], [ 14.549527, 52.433623 ], [ 14.579237, 52.441751 ], [ 14.634541, 52.492337 ], [ 14.631681, 52.501812 ], [ 14.612735, 52.510387 ], [ 14.603921, 52.53134 ], [ 14.615711, 52.554211 ], [ 14.639111, 52.572999 ], [ 14.613709, 52.586612 ], [ 14.596155, 52.610662 ], [ 14.465105, 52.661326 ], [ 14.45775, 52.67393 ], [ 14.433023, 52.681473 ], [ 14.423988, 52.696174 ], [ 14.351042, 52.751507 ], [ 14.27881, 52.774454 ], [ 14.21749, 52.816872 ], [ 14.143262, 52.823851 ], [ 14.122927, 52.837657 ], [ 14.129849, 52.852717 ], [ 14.157714, 52.874754 ], [ 14.161596, 52.888095 ], [ 14.142646, 52.933249 ], [ 14.143658, 52.961365 ], [ 14.291619, 53.02001 ], [ 14.345426, 53.051712 ], [ 14.366157, 53.079367 ], [ 14.387737, 53.143026 ], [ 14.366255, 53.171989 ], [ 14.377273, 53.201748 ], [ 14.405217, 53.21023 ], [ 14.408496, 53.223204 ], [ 14.450268, 53.260558 ], [ 14.445298, 53.274445 ], [ 14.421217, 53.276137 ], [ 14.406775, 53.308711 ], [ 14.412381, 53.329593 ], [ 14.34866, 53.30997 ], [ 14.316569, 53.312336 ], [ 14.301854, 53.286224 ], [ 14.262189, 53.276602 ], [ 14.266048, 53.259595 ], [ 14.211058, 53.254814 ], [ 14.160239, 53.267811 ], [ 14.098817, 53.261672 ], [ 14.109653, 53.282638 ], [ 14.223407, 53.358563 ], [ 14.243144, 53.392321 ], [ 14.237712, 53.427342 ], [ 14.224661, 53.434248 ], [ 14.205911, 53.423027 ], [ 14.176962, 53.422867 ], [ 14.121844, 53.441708 ], [ 14.105426, 53.422426 ], [ 14.082224, 53.410912 ], [ 14.050578, 53.413988 ], [ 14.045604, 53.429425 ], [ 14.001217, 53.434992 ], [ 13.916373, 53.422266 ], [ 13.902894, 53.432025 ], [ 13.918213, 53.455998 ], [ 13.875592, 53.473466 ], [ 13.88459, 53.485337 ], [ 13.873925, 53.490595 ], [ 13.879268, 53.50414 ], [ 13.821728, 53.51811 ], [ 13.798463, 53.54569 ], [ 13.800571, 53.558255 ], [ 13.791347, 53.558578 ], [ 13.776376, 53.53129 ], [ 13.777657, 53.513705 ], [ 13.792463, 53.510942 ], [ 13.80146, 53.497956 ], [ 13.827102, 53.498714 ], [ 13.812079, 53.483944 ], [ 13.778939, 53.474215 ], [ 13.741373, 53.485807 ], [ 13.7154, 53.482261 ], [ 13.662562, 53.45774 ], [ 13.65129, 53.443691 ], [ 13.6405, 53.447239 ], [ 13.6373, 53.432584 ], [ 13.628841, 53.432 ], [ 13.636017, 53.423519 ], [ 13.625217, 53.409303 ], [ 13.610509, 53.413759 ], [ 13.550112, 53.399081 ], [ 13.546207, 53.394195 ], [ 13.556587, 53.391563 ], [ 13.550207, 53.380936 ], [ 13.55637, 53.376092 ], [ 13.543425, 53.364032 ], [ 13.525997, 53.366347 ], [ 13.516854, 53.352093 ], [ 13.525261, 53.35102 ], [ 13.523531, 53.320085 ], [ 13.510114, 53.317449 ], [ 13.502843, 53.327333 ], [ 13.507267, 53.316233 ], [ 13.483064, 53.291203 ], [ 13.461283, 53.288693 ], [ 13.456185, 53.297955 ], [ 13.438208, 53.299733 ], [ 13.434136, 53.289939 ], [ 13.442401, 53.286485 ], [ 13.407684, 53.262631 ], [ 13.405175, 53.246418 ], [ 13.386534, 53.244055 ], [ 13.360451, 53.277999 ], [ 13.337076, 53.273428 ], [ 13.297802, 53.280893 ], [ 13.275314, 53.265061 ], [ 13.252714, 53.262305 ], [ 13.243751, 53.248691 ], [ 13.251243, 53.24739 ], [ 13.229392, 53.216587 ], [ 13.202681, 53.222121 ], [ 13.181914, 53.250734 ], [ 13.15255, 53.246038 ], [ 13.152221, 53.251114 ], [ 13.132977, 53.237318 ], [ 13.109926, 53.240228 ], [ 13.103262, 53.23554 ], [ 13.106564, 53.215153 ], [ 13.08727, 53.2154 ], [ 13.079533, 53.200184 ], [ 13.042415, 53.196499 ], [ 13.018727, 53.185246 ], [ 13.020037, 53.17571 ], [ 13.006204, 53.167285 ], [ 12.980466, 53.162527 ], [ 12.961514, 53.177738 ], [ 12.941998, 53.174315 ], [ 12.979434, 53.190552 ], [ 12.975855, 53.197898 ], [ 12.947981, 53.19903 ], [ 12.937115, 53.194316 ], [ 12.941163, 53.185745 ], [ 12.919966, 53.186377 ], [ 12.93038, 53.192768 ], [ 12.925316, 53.19598 ], [ 12.905078, 53.193951 ], [ 12.88011, 53.17969 ], [ 12.845979, 53.201402 ], [ 12.764381, 53.188931 ], [ 12.739493, 53.199602 ], [ 12.757411, 53.224353 ], [ 12.671179, 53.229505 ], [ 12.663967, 53.234951 ], [ 12.675658, 53.247719 ], [ 12.665691, 53.253291 ], [ 12.628419, 53.254555 ], [ 12.606047, 53.244395 ], [ 12.529768, 53.264788 ], [ 12.445312, 53.249928 ], [ 12.428009, 53.274988 ], [ 12.391832, 53.285057 ], [ 12.394248, 53.301805 ], [ 12.310765, 53.327242 ], [ 12.260207, 53.323912 ], [ 12.23643, 53.341979 ], [ 12.229435, 53.358161 ], [ 12.19112, 53.353951 ], [ 12.186848, 53.343335 ], [ 12.16856, 53.339117 ], [ 12.151951, 53.361505 ], [ 12.139441, 53.361417 ], [ 12.13445, 53.34843 ], [ 12.092089, 53.344856 ], [ 12.082078, 53.346299 ], [ 12.077547, 53.369387 ], [ 12.061623, 53.371419 ], [ 12.045285, 53.370988 ], [ 12.057339, 53.349342 ], [ 12.014611, 53.334424 ], [ 12.022075, 53.321289 ], [ 12.01853, 53.299595 ], [ 11.997067, 53.293906 ], [ 11.973858, 53.299159 ], [ 11.948063, 53.27177 ], [ 11.892603, 53.278981 ], [ 11.889861, 53.269051 ], [ 11.861747, 53.248217 ], [ 11.796067, 53.253348 ], [ 11.82961, 53.236508 ], [ 11.828894, 53.228655 ], [ 11.769071, 53.227491 ], [ 11.72933, 53.217152 ], [ 11.727527, 53.231665 ], [ 11.714625, 53.230508 ], [ 11.700018, 53.243978 ], [ 11.629237, 53.242225 ], [ 11.588957, 53.215841 ], [ 11.551586, 53.208407 ], [ 11.56058, 53.202673 ], [ 11.557824, 53.184859 ], [ 11.56708, 53.182495 ], [ 11.562553, 53.175827 ], [ 11.569365, 53.166095 ], [ 11.550083, 53.151074 ], [ 11.555962, 53.138779 ], [ 11.534572, 53.125318 ], [ 11.502223, 53.121386 ], [ 11.47343, 53.127251 ], [ 11.473707, 53.134609 ], [ 11.460835, 53.140231 ], [ 11.421764, 53.140948 ], [ 11.395628, 53.14 ], [ 11.391801, 53.129654 ], [ 11.400568, 53.115818 ], [ 11.393768, 53.110303 ], [ 11.265732, 53.121978 ], [ 11.273159, 53.097219 ], [ 11.340204, 53.054757 ], [ 11.448379, 53.078382 ], [ 11.511168, 53.047931 ], [ 11.548104, 53.052393 ], [ 11.584662, 53.035307 ], [ 11.637581, 53.0395 ], [ 11.641497, 53.032855 ], [ 11.626327, 53.012647 ], [ 11.645753, 53.005384 ], [ 11.677165, 53.008137 ], [ 11.690241, 52.979126 ], [ 11.74379, 52.988545 ], [ 11.764193, 52.981411 ], [ 11.786304, 52.960958 ], [ 11.84603, 52.9516 ], [ 11.847927, 52.941032 ], [ 11.823092, 52.923258 ], [ 11.833998, 52.910361 ], [ 11.871508, 52.908874 ], [ 11.897335, 52.893362 ], [ 11.932253, 52.891579 ], [ 11.98155, 52.876029 ], [ 12.022614, 52.89037 ], [ 12.112623, 52.875729 ], [ 12.124601, 52.893586 ], [ 12.120213, 52.875514 ], [ 12.133116, 52.865776 ], [ 12.123715, 52.853796 ], [ 12.196937, 52.877978 ], [ 12.209955, 52.862417 ], [ 12.217391, 52.865984 ], [ 12.234057, 52.859378 ], [ 12.24367, 52.820685 ], [ 12.257536, 52.804908 ], [ 12.24466, 52.787224 ], [ 12.220176, 52.790128 ], [ 12.223507, 52.775696 ], [ 12.213132, 52.773607 ], [ 12.214869, 52.763996 ], [ 12.205958, 52.760911 ], [ 12.223169, 52.739747 ], [ 12.201294, 52.729004 ], [ 12.205957, 52.726514 ], [ 12.197549, 52.718375 ], [ 12.209844, 52.717622 ], [ 12.203919, 52.713353 ], [ 12.224185, 52.702785 ], [ 12.217542, 52.699822 ], [ 12.220879, 52.690439 ], [ 12.232877, 52.689044 ], [ 12.226812, 52.683797 ], [ 12.239352, 52.671736 ], [ 12.232524, 52.653611 ], [ 12.23789, 52.645556 ], [ 12.231002, 52.63989 ], [ 12.236873, 52.628877 ], [ 12.203537, 52.618746 ], [ 12.17197, 52.625947 ], [ 12.173385, 52.582255 ], [ 12.181078, 52.575177 ], [ 12.15931, 52.56099 ], [ 12.141811, 52.528394 ], [ 12.173888, 52.538692 ], [ 12.188689, 52.532423 ], [ 12.167295, 52.514985 ], [ 12.184704, 52.495776 ], [ 12.221679, 52.500665 ], [ 12.236117, 52.52372 ], [ 12.258216, 52.517885 ], [ 12.259922, 52.504233 ], [ 12.270083, 52.500998 ], [ 12.262452, 52.49547 ], [ 12.271445, 52.487481 ], [ 12.329889, 52.49686 ], [ 12.308295, 52.48029 ], [ 12.330782, 52.478556 ], [ 12.325116, 52.464231 ], [ 12.315081, 52.46046 ], [ 12.316684, 52.452385 ], [ 12.304343, 52.450502 ], [ 12.302675, 52.434493 ], [ 12.289252, 52.430695 ], [ 12.29699, 52.423778 ], [ 12.27447, 52.416062 ], [ 12.302326, 52.405013 ], [ 12.291807, 52.386144 ], [ 12.30599, 52.377433 ], [ 12.283811, 52.364255 ], [ 12.308128, 52.344697 ], [ 12.262765, 52.295072 ], [ 12.244648, 52.248438 ], [ 12.275314, 52.237203 ], [ 12.261745, 52.236099 ], [ 12.264533, 52.233547 ], [ 12.297277, 52.227545 ], [ 12.248921, 52.211737 ], [ 12.245249, 52.207389 ], [ 12.253675, 52.205646 ], [ 12.2418, 52.194277 ], [ 12.248292, 52.184223 ], [ 12.228585, 52.185985 ], [ 12.216783, 52.170069 ], [ 12.234004, 52.162794 ], [ 12.231304, 52.154951 ], [ 12.24532, 52.138733 ], [ 12.26511, 52.13066 ], [ 12.276724, 52.104018 ], [ 12.315824, 52.092372 ], [ 12.32903, 52.069632 ], [ 12.359777, 52.0465 ], [ 12.389599, 52.043566 ], [ 12.430228, 52.018306 ], [ 12.450002, 52.016213 ], [ 12.460758, 52.034721 ], [ 12.480615, 52.033335 ], [ 12.484956, 52.01715 ], [ 12.498827, 52.008923 ], [ 12.536307, 52.00288 ], [ 12.539395, 51.984889 ], [ 12.603019, 51.981087 ], [ 12.61516, 51.982281 ], [ 12.614397, 51.991723 ], [ 12.644748, 51.99438 ], [ 12.648597, 52.008311 ], [ 12.669187, 52.012881 ], [ 12.774325, 51.97836 ], [ 12.777613, 51.964591 ], [ 12.844154, 51.967734 ], [ 12.85273, 51.935005 ], [ 12.888172, 51.934769 ], [ 12.890424, 51.92838 ], [ 12.917462, 51.932691 ], [ 12.918372, 51.93936 ], [ 12.960568, 51.934911 ], [ 12.955974, 51.922657 ], [ 12.976536, 51.919863 ], [ 12.972665, 51.900881 ], [ 13.045408, 51.900515 ], [ 13.048538, 51.89186 ], [ 13.029164, 51.881042 ], [ 13.039239, 51.870912 ], [ 13.080548, 51.867478 ], [ 13.085005, 51.874016 ], [ 13.118993, 51.876541 ], [ 13.119075, 51.882829 ], [ 13.138951, 51.879512 ], [ 13.149604, 51.872331 ], [ 13.150913, 51.85961 ], [ 13.123536, 51.854593 ], [ 13.14209, 51.820655 ], [ 13.163011, 51.802018 ], [ 13.157995, 51.788448 ], [ 13.170104, 51.787024 ], [ 13.147482, 51.766639 ], [ 13.163295, 51.754936 ], [ 13.15401, 51.744248 ], [ 13.179535, 51.731171 ], [ 13.187072, 51.715625 ], [ 13.165479, 51.717556 ], [ 13.17011, 51.708087 ], [ 13.154431, 51.710065 ], [ 13.161745, 51.690602 ], [ 13.051025, 51.647677 ] ], [ [ 13.480055, 52.674646 ], [ 13.475648, 52.666281 ], [ 13.488219, 52.670551 ], [ 13.490831, 52.654729 ], [ 13.5231, 52.64543 ], [ 13.496752, 52.605094 ], [ 13.508154, 52.592183 ], [ 13.547112, 52.587885 ], [ 13.58154, 52.570882 ], [ 13.585387, 52.548472 ], [ 13.635359, 52.541629 ], [ 13.625907, 52.530146 ], [ 13.656896, 52.52987 ], [ 13.633319, 52.511826 ], [ 13.624671, 52.495184 ], [ 13.6308, 52.49412 ], [ 13.611517, 52.470627 ], [ 13.625509, 52.468357 ], [ 13.648215, 52.478782 ], [ 13.696825, 52.46416 ], [ 13.698433, 52.45508 ], [ 13.705365, 52.455766 ], [ 13.701324, 52.468145 ], [ 13.759029, 52.442579 ], [ 13.759587, 52.436272 ], [ 13.750536, 52.441459 ], [ 13.737959, 52.434138 ], [ 13.741385, 52.426916 ], [ 13.729514, 52.417393 ], [ 13.738749, 52.407322 ], [ 13.734538, 52.401976 ], [ 13.686712, 52.385818 ], [ 13.699997, 52.375121 ], [ 13.67108, 52.366356 ], [ 13.651723, 52.339458 ], [ 13.636291, 52.347038 ], [ 13.647105, 52.366875 ], [ 13.643365, 52.377391 ], [ 13.62795, 52.381791 ], [ 13.604439, 52.374206 ], [ 13.592762, 52.39417 ], [ 13.535664, 52.38901 ], [ 13.538379, 52.400679 ], [ 13.479885, 52.395997 ], [ 13.462322, 52.420624 ], [ 13.418773, 52.409917 ], [ 13.427585, 52.386824 ], [ 13.420985, 52.376247 ], [ 13.388521, 52.377968 ], [ 13.387217, 52.388584 ], [ 13.370454, 52.388464 ], [ 13.372135, 52.393824 ], [ 13.343249, 52.41162 ], [ 13.311926, 52.399185 ], [ 13.29613, 52.416451 ], [ 13.274458, 52.405137 ], [ 13.249844, 52.404965 ], [ 13.245797, 52.420801 ], [ 13.222288, 52.420357 ], [ 13.159346, 52.40288 ], [ 13.157827, 52.396362 ], [ 13.171522, 52.395833 ], [ 13.142612, 52.396545 ], [ 13.133589, 52.386916 ], [ 13.127465, 52.391595 ], [ 13.13639, 52.398181 ], [ 13.111636, 52.404223 ], [ 13.111571, 52.413137 ], [ 13.090343, 52.412099 ], [ 13.088333, 52.419611 ], [ 13.123177, 52.439365 ], [ 13.109223, 52.45062 ], [ 13.117798, 52.478968 ], [ 13.166458, 52.510124 ], [ 13.14301, 52.519676 ], [ 13.117393, 52.516995 ], [ 13.130617, 52.556354 ], [ 13.145665, 52.552911 ], [ 13.152953, 52.572781 ], [ 13.149603, 52.583311 ], [ 13.132092, 52.579699 ], [ 13.128987, 52.587442 ], [ 13.164263, 52.5989 ], [ 13.217336, 52.587456 ], [ 13.201606, 52.606381 ], [ 13.220683, 52.628179 ], [ 13.264275, 52.626928 ], [ 13.262156, 52.640753 ], [ 13.282441, 52.641295 ], [ 13.282885, 52.660785 ], [ 13.310034, 52.657376 ], [ 13.300378, 52.65347 ], [ 13.309257, 52.64314 ], [ 13.302423, 52.627561 ], [ 13.357296, 52.623175 ], [ 13.396712, 52.648301 ], [ 13.424365, 52.63563 ], [ 13.440932, 52.649123 ], [ 13.469996, 52.652075 ], [ 13.473894, 52.656614 ], [ 13.450841, 52.662722 ], [ 13.480055, 52.674646 ] ] ], [ [ [ 12.270474, 52.231103 ], [ 12.264446, 52.231713 ], [ 12.275204, 52.231051 ], [ 12.270474, 52.231103 ] ] ], [ [ [ 12.285081, 52.227017 ], [ 12.279125, 52.229418 ], [ 12.276546, 52.228296 ], [ 12.285081, 52.227017 ] ] ], [ [ [ 12.217115, 52.861993 ], [ 12.222308, 52.862549 ], [ 12.221316, 52.863813 ], [ 12.217115, 52.861993 ] ] ] ] } },
{ "type": "Feature", "properties": { "name": "Bremen", "area": 420.25791490889583 }, "geometry": { "type": "MultiPolygon", "coordinates": [ [ [ [ 8.615218, 53.195911 ], [ 8.613038, 53.198566 ], [ 8.611903, 53.197442 ], [ 8.615218, 53.195911 ] ] ], [ [ [ 8.504608, 53.228919 ], [ 8.481735, 53.22645 ], [ 8.504712, 53.200786 ], [ 8.619465, 53.167521 ], [ 8.631067, 53.138176 ], [ 8.651967, 53.116445 ], [ 8.657681, 53.118492 ], [ 8.654899, 53.108865 ], [ 8.669831, 53.102975 ], [ 8.666494, 53.091559 ], [ 8.709155, 53.075908 ], [ 8.709801, 53.046018 ], [ 8.731492, 53.034933 ], [ 8.756271, 53.038781 ], [ 8.770705, 53.053407 ], [ 8.778298, 53.039667 ], [ 8.822005, 53.021267 ], [ 8.849841, 53.023371 ], [ 8.850792, 53.016608 ], [ 8.866756, 53.022117 ], [ 8.861867, 53.036178 ], [ 8.867006, 53.040833 ], [ 8.867235, 53.033004 ], [ 8.891157, 53.01539 ], [ 8.915827, 53.011021 ], [ 8.935916, 53.013667 ], [ 8.93813, 53.024986 ], [ 8.980267, 53.046747 ], [ 8.963729, 53.057426 ], [ 8.961377, 53.085218 ], [ 8.990913, 53.096673 ], [ 8.962989, 53.100299 ], [ 8.947018, 53.116101 ], [ 8.984185, 53.126071 ], [ 8.945083, 53.152013 ], [ 8.920908, 53.144654 ], [ 8.912143, 53.132619 ], [ 8.90393, 53.138176 ], [ 8.864023, 53.131724 ], [ 8.829227, 53.164376 ], [ 8.775396, 53.158684 ], [ 8.741246, 53.164636 ], [ 8.743082, 53.172277 ], [ 8.728652, 53.180224 ], [ 8.714396, 53.183002 ], [ 8.706293, 53.175421 ], [ 8.699358, 53.185479 ], [ 8.663828, 53.176244 ], [ 8.627994, 53.198372 ], [ 8.593251, 53.183634 ], [ 8.580352, 53.190028 ], [ 8.581098, 53.198707 ], [ 8.599039, 53.212546 ], [ 8.578478, 53.21727 ], [ 8.553699, 53.207806 ], [ 8.504608, 53.228919 ] ] ], [ [ [ 8.556377, 53.534922 ], [ 8.548105, 53.519941 ], [ 8.552684, 53.516176 ], [ 8.503488, 53.492967 ], [ 8.492652, 53.47242 ], [ 8.57376, 53.488643 ], [ 8.605905, 53.484234 ], [ 8.650555, 53.510782 ], [ 8.638656, 53.534954 ], [ 8.646354, 53.555546 ], [ 8.63086, 53.55569 ], [ 8.616803, 53.57437 ], [ 8.650632, 53.602565 ], [ 8.623296, 53.605333 ], [ 8.592283, 53.592933 ], [ 8.533651, 53.607618 ], [ 8.483202, 53.600499 ], [ 8.503567, 53.57238 ], [ 8.556377, 53.534922 ] ] ], [ [ [ 8.653535, 53.610051 ], [ 8.643769, 53.605473 ], [ 8.660884, 53.607086 ], [ 8.653535, 53.610051 ] ] ] ] } },
{ "type": "Feature", "properties": { "name": "Hamburg", "area": 752.45937056301943 }, "geometry": { "type": "MultiPolygon", "coordinates": [ [ [ [ 10.260041, 53.418524 ], [ 10.31819, 53.435331 ], [ 10.315488, 53.441087 ], [ 10.325959, 53.44964 ], [ 10.311646, 53.452323 ], [ 10.301646, 53.443195 ], [ 10.26929, 53.464109 ], [ 10.264326, 53.47514 ], [ 10.238367, 53.483264 ], [ 10.236679, 53.496354 ], [ 10.218607, 53.499055 ], [ 10.223945, 53.505771 ], [ 10.210601, 53.520047 ], [ 10.189709, 53.512631 ], [ 10.164643, 53.519939 ], [ 10.166903, 53.537319 ], [ 10.152583, 53.539793 ], [ 10.160539, 53.557683 ], [ 10.148368, 53.563975 ], [ 10.152558, 53.577901 ], [ 10.161723, 53.585699 ], [ 10.20145, 53.584076 ], [ 10.188952, 53.613014 ], [ 10.221761, 53.633723 ], [ 10.189665, 53.638381 ], [ 10.198619, 53.646436 ], [ 10.196056, 53.654704 ], [ 10.141212, 53.678153 ], [ 10.159455, 53.690819 ], [ 10.157523, 53.705029 ], [ 10.181588, 53.709197 ], [ 10.191638, 53.722897 ], [ 10.193671, 53.731015 ], [ 10.168237, 53.738236 ], [ 10.121056, 53.713395 ], [ 10.081842, 53.72042 ], [ 10.069519, 53.711168 ], [ 10.077505, 53.699749 ], [ 10.06067, 53.688397 ], [ 10.069265, 53.679451 ], [ 9.998696, 53.681467 ], [ 9.985599, 53.647235 ], [ 9.905366, 53.652194 ], [ 9.889685, 53.622327 ], [ 9.828782, 53.585291 ], [ 9.797516, 53.596101 ], [ 9.789554, 53.603972 ], [ 9.798123, 53.607516 ], [ 9.770634, 53.61623 ], [ 9.770294, 53.627462 ], [ 9.763673, 53.627495 ], [ 9.753535, 53.612994 ], [ 9.759101, 53.610925 ], [ 9.755618, 53.602529 ], [ 9.743436, 53.597576 ], [ 9.74726, 53.591775 ], [ 9.736263, 53.581852 ], [ 9.742487, 53.578206 ], [ 9.730104, 53.557581 ], [ 9.774389, 53.554323 ], [ 9.765442, 53.541115 ], [ 9.77832, 53.519461 ], [ 9.771585, 53.522756 ], [ 9.763794, 53.508107 ], [ 9.784525, 53.500012 ], [ 9.782232, 53.491464 ], [ 9.802426, 53.493252 ], [ 9.799804, 53.469637 ], [ 9.862387, 53.429877 ], [ 9.860421, 53.438062 ], [ 9.86912, 53.444584 ], [ 9.904411, 53.456794 ], [ 9.921486, 53.43655 ], [ 9.906566, 53.415791 ], [ 9.942016, 53.421052 ], [ 9.949212, 53.43095 ], [ 9.984433, 53.415414 ], [ 10.029273, 53.435164 ], [ 10.014613, 53.442201 ], [ 10.020945, 53.446863 ], [ 10.045739, 53.446741 ], [ 10.042038, 53.456808 ], [ 10.051811, 53.463919 ], [ 10.084602, 53.450401 ], [ 10.108736, 53.426674 ], [ 10.136396, 53.422232 ], [ 10.175689, 53.396583 ], [ 10.236568, 53.395754 ], [ 10.260041, 53.418524 ] ] ], [ [ [ 8.517094, 53.92057 ], [ 8.491131, 53.928671 ], [ 8.486976, 53.913912 ], [ 8.517094, 53.92057 ] ] ], [ [ [ 8.458235, 53.957073 ], [ 8.437991, 53.963959 ], [ 8.437833, 53.953572 ], [ 8.419951, 53.947801 ], [ 8.431292, 53.944528 ], [ 8.458235, 53.957073 ] ] ] ] } },
{ "type": "Feature", "properties": { "name": "Hessen", "area": 21115.201030657929 }, "geometry": { "type": "MultiPolygon", "coordinates": [ [ [ [ 9.103006, 49.577456 ], [ 9.08299, 49.601987 ], [ 9.066381, 49.602365 ], [ 9.065138, 49.617319 ], [ 9.102012, 49.64221 ], [ 9.103419, 49.660431 ], [ 9.08886, 49.669023 ], [ 9.089638, 49.693346 ], [ 9.126109, 49.69998 ], [ 9.122543, 49.714842 ], [ 9.134528, 49.71668 ], [ 9.150809, 49.742851 ], [ 9.106914, 49.758661 ], [ 9.113365, 49.773731 ], [ 9.134484, 49.782247 ], [ 9.131666, 49.794928 ], [ 9.10814, 49.79798 ], [ 9.09088, 49.790655 ], [ 9.076993, 49.818223 ], [ 9.086665, 49.826438 ], [ 9.077533, 49.834612 ], [ 9.090088, 49.840968 ], [ 9.084731, 49.847506 ], [ 9.063957, 49.831759 ], [ 9.052839, 49.840003 ], [ 9.059516, 49.847028 ], [ 9.037652, 49.842564 ], [ 9.043705, 49.855543 ], [ 9.033336, 49.866467 ], [ 9.050453, 49.867572 ], [ 9.038429, 49.876218 ], [ 9.031878, 49.909361 ], [ 9.02336, 49.910137 ], [ 9.032264, 49.924689 ], [ 9.019036, 49.94705 ], [ 9.026372, 49.955091 ], [ 9.015714, 49.989023 ], [ 9.022987, 49.997054 ], [ 9.03019, 49.990604 ], [ 9.04882, 49.992266 ], [ 9.035538, 50.001837 ], [ 9.039817, 50.010373 ], [ 9.031025, 50.020132 ], [ 9.031344, 50.039574 ], [ 8.97648, 50.04717 ], [ 8.999283, 50.069367 ], [ 8.997391, 50.09158 ], [ 9.018261, 50.111604 ], [ 9.089306, 50.116804 ], [ 9.09823, 50.126417 ], [ 9.117457, 50.126624 ], [ 9.144958, 50.114112 ], [ 9.153609, 50.117931 ], [ 9.154371, 50.107393 ], [ 9.143367, 50.096983 ], [ 9.149211, 50.090639 ], [ 9.162546, 50.098186 ], [ 9.174559, 50.11948 ], [ 9.191594, 50.127487 ], [ 9.183269, 50.137902 ], [ 9.221866, 50.149417 ], [ 9.25256, 50.13948 ], [ 9.285897, 50.141665 ], [ 9.307612, 50.133408 ], [ 9.327428, 50.14106 ], [ 9.341584, 50.131282 ], [ 9.373621, 50.130964 ], [ 9.394463, 50.097486 ], [ 9.413111, 50.08406 ], [ 9.512464, 50.094356 ], [ 9.519259, 50.114039 ], [ 9.507571, 50.145557 ], [ 9.531202, 50.16085 ], [ 9.528152, 50.168139 ], [ 9.498105, 50.175544 ], [ 9.501479, 50.193048 ], [ 9.516205, 50.199612 ], [ 9.49477, 50.226672 ], [ 9.501175, 50.243474 ], [ 9.514378, 50.234077 ], [ 9.533491, 50.234492 ], [ 9.54203, 50.224342 ], [ 9.576319, 50.232389 ], [ 9.582899, 50.221528 ], [ 9.621592, 50.223116 ], [ 9.635816, 50.235228 ], [ 9.663619, 50.233733 ], [ 9.668176, 50.239435 ], [ 9.636824, 50.25145 ], [ 9.652396, 50.26967 ], [ 9.703422, 50.280752 ], [ 9.745881, 50.310408 ], [ 9.747436, 50.3412 ], [ 9.732914, 50.35615 ], [ 9.746204, 50.36618 ], [ 9.759293, 50.402419 ], [ 9.751062, 50.413559 ], [ 9.762064, 50.425867 ], [ 9.780181, 50.418431 ], [ 9.789425, 50.425145 ], [ 9.807468, 50.42255 ], [ 9.807988, 50.412431 ], [ 9.849783, 50.398728 ], [ 9.860046, 50.397474 ], [ 9.871572, 50.409404 ], [ 9.883101, 50.398893 ], [ 9.957837, 50.423204 ], [ 9.99746, 50.460986 ], [ 10.018307, 50.466455 ], [ 10.041188, 50.495188 ], [ 10.039693, 50.532586 ], [ 10.061829, 50.556687 ], [ 10.046359, 50.571255 ], [ 10.048798, 50.598621 ], [ 10.037191, 50.612926 ], [ 10.057504, 50.62612 ], [ 10.08105, 50.620025 ], [ 10.082965, 50.633705 ], [ 10.069985, 50.655878 ], [ 10.048934, 50.673933 ], [ 10.001995, 50.676603 ], [ 9.949108, 50.664143 ], [ 9.968902, 50.641259 ], [ 9.960722, 50.629484 ], [ 9.87732, 50.638715 ], [ 9.88422, 50.650813 ], [ 9.881273, 50.673379 ], [ 9.923955, 50.695131 ], [ 9.908891, 50.704532 ], [ 9.935162, 50.724118 ], [ 9.941372, 50.741838 ], [ 9.939614, 50.75592 ], [ 9.920126, 50.759612 ], [ 9.928431, 50.776594 ], [ 9.952134, 50.773292 ], [ 9.955135, 50.78555 ], [ 9.94357, 50.797698 ], [ 9.956677, 50.809619 ], [ 9.952253, 50.821375 ], [ 9.976816, 50.833273 ], [ 9.998019, 50.826505 ], [ 10.006836, 50.837682 ], [ 10.023055, 50.831631 ], [ 10.03862, 50.853115 ], [ 10.021929, 50.847857 ], [ 10.021893, 50.864486 ], [ 10.059804, 50.885393 ], [ 10.041952, 50.89334 ], [ 10.050909, 50.900089 ], [ 10.015636, 50.920624 ], [ 9.971464, 50.907411 ], [ 9.969632, 50.913488 ], [ 9.991996, 50.934515 ], [ 9.96556, 50.933581 ], [ 9.957144, 50.9226 ], [ 9.949685, 50.926508 ], [ 9.956556, 50.933662 ], [ 9.950087, 50.94225 ], [ 9.991006, 50.943566 ], [ 10.013557, 50.934735 ], [ 10.024901, 50.943751 ], [ 10.029439, 50.938113 ], [ 10.062346, 50.943784 ], [ 10.043049, 50.948482 ], [ 10.042037, 50.957234 ], [ 10.032161, 50.959635 ], [ 10.040949, 50.967526 ], [ 10.01947, 50.980708 ], [ 10.0364, 51.012376 ], [ 10.103484, 51.003367 ], [ 10.120843, 51.011701 ], [ 10.134855, 50.995646 ], [ 10.169082, 51.00193 ], [ 10.178159, 50.996002 ], [ 10.202905, 51.008106 ], [ 10.195369, 51.020939 ], [ 10.208556, 51.018971 ], [ 10.215186, 51.026419 ], [ 10.184671, 51.049032 ], [ 10.14059, 51.058491 ], [ 10.155188, 51.070419 ], [ 10.144695, 51.084814 ], [ 10.16568, 51.0995 ], [ 10.160415, 51.10805 ], [ 10.175488, 51.106905 ], [ 10.174631, 51.116867 ], [ 10.153792, 51.118459 ], [ 10.118322, 51.139573 ], [ 10.168739, 51.153268 ], [ 10.184905, 51.14112 ], [ 10.179215, 51.127647 ], [ 10.199959, 51.112972 ], [ 10.210717, 51.122905 ], [ 10.203788, 51.135655 ], [ 10.21069, 51.142472 ], [ 10.200378, 51.149931 ], [ 10.207323, 51.164917 ], [ 10.229846, 51.174912 ], [ 10.235777, 51.186695 ], [ 10.197014, 51.192057 ], [ 10.168445, 51.21219 ], [ 10.149791, 51.206189 ], [ 10.138402, 51.220135 ], [ 10.113172, 51.215206 ], [ 10.090283, 51.226669 ], [ 10.072382, 51.22478 ], [ 10.067635, 51.230615 ], [ 10.078995, 51.242781 ], [ 10.046969, 51.253426 ], [ 10.046554, 51.264501 ], [ 10.059916, 51.275865 ], [ 10.004331, 51.286983 ], [ 9.972977, 51.284351 ], [ 9.969853, 51.300271 ], [ 9.940202, 51.306581 ], [ 9.947567, 51.326395 ], [ 9.929937, 51.339969 ], [ 9.923293, 51.368043 ], [ 9.932581, 51.379555 ], [ 9.931109, 51.392733 ], [ 9.907043, 51.407711 ], [ 9.913393, 51.410631 ], [ 9.906021, 51.421139 ], [ 9.883152, 51.414966 ], [ 9.878315, 51.404477 ], [ 9.868535, 51.413791 ], [ 9.850743, 51.414414 ], [ 9.865276, 51.371613 ], [ 9.840107, 51.383593 ], [ 9.840637, 51.402642 ], [ 9.80351, 51.410401 ], [ 9.792584, 51.402409 ], [ 9.80145, 51.386915 ], [ 9.765861, 51.385978 ], [ 9.738459, 51.369213 ], [ 9.702144, 51.364572 ], [ 9.738248, 51.319429 ], [ 9.772456, 51.336291 ], [ 9.76351, 51.325339 ], [ 9.775202, 51.325196 ], [ 9.7682, 51.306726 ], [ 9.732304, 51.295232 ], [ 9.669386, 51.317711 ], [ 9.628524, 51.311903 ], [ 9.632933, 51.324429 ], [ 9.638543, 51.322392 ], [ 9.633366, 51.325854 ], [ 9.604435, 51.325556 ], [ 9.581657, 51.342196 ], [ 9.559788, 51.346594 ], [ 9.548441, 51.358955 ], [ 9.576746, 51.369294 ], [ 9.559337, 51.379234 ], [ 9.578518, 51.401411 ], [ 9.630582, 51.406106 ], [ 9.643582, 51.418261 ], [ 9.627621, 51.444209 ], [ 9.630149, 51.458209 ], [ 9.643814, 51.46916 ], [ 9.619587, 51.481029 ], [ 9.586259, 51.519319 ], [ 9.618832, 51.530103 ], [ 9.62195, 51.541867 ], [ 9.60931, 51.556905 ], [ 9.622443, 51.548673 ], [ 9.647755, 51.552511 ], [ 9.628368, 51.567196 ], [ 9.626831, 51.581976 ], [ 9.684004, 51.566533 ], [ 9.690948, 51.576315 ], [ 9.637835, 51.608805 ], [ 9.625999, 51.636914 ], [ 9.570708, 51.62472 ], [ 9.544765, 51.639974 ], [ 9.525136, 51.62675 ], [ 9.508871, 51.626876 ], [ 9.49193, 51.634722 ], [ 9.498645, 51.65226 ], [ 9.492137, 51.65745 ], [ 9.453276, 51.645749 ], [ 9.440457, 51.650394 ], [ 9.444924, 51.644199 ], [ 9.426669, 51.630814 ], [ 9.337098, 51.614702 ], [ 9.373523, 51.591014 ], [ 9.317031, 51.552366 ], [ 9.309969, 51.530911 ], [ 9.315851, 51.523019 ], [ 9.308325, 51.512643 ], [ 9.28688, 51.515477 ], [ 9.264333, 51.497911 ], [ 9.240232, 51.497208 ], [ 9.239804, 51.490857 ], [ 9.216641, 51.481165 ], [ 9.216466, 51.459594 ], [ 9.181369, 51.465338 ], [ 9.158408, 51.443096 ], [ 9.135749, 51.450187 ], [ 9.089445, 51.446573 ], [ 9.086937, 51.461165 ], [ 9.077185, 51.464872 ], [ 9.092329, 51.494388 ], [ 9.076522, 51.503475 ], [ 9.039286, 51.501922 ], [ 9.020976, 51.518611 ], [ 8.913335, 51.491554 ], [ 8.890938, 51.47765 ], [ 8.921783, 51.446054 ], [ 8.918787, 51.430285 ], [ 8.948109, 51.428219 ], [ 8.95153, 51.413493 ], [ 8.940763, 51.410322 ], [ 8.939502, 51.389499 ], [ 8.889581, 51.392722 ], [ 8.85402, 51.377138 ], [ 8.836584, 51.388501 ], [ 8.803993, 51.390798 ], [ 8.732851, 51.372417 ], [ 8.693811, 51.376785 ], [ 8.677446, 51.371795 ], [ 8.683477, 51.362178 ], [ 8.65556, 51.349611 ], [ 8.653654, 51.33979 ], [ 8.637788, 51.343613 ], [ 8.605048, 51.323695 ], [ 8.592638, 51.303858 ], [ 8.556348, 51.277495 ], [ 8.578218, 51.267478 ], [ 8.589357, 51.250011 ], [ 8.611533, 51.247086 ], [ 8.628341, 51.260505 ], [ 8.679953, 51.268077 ], [ 8.692552, 51.276407 ], [ 8.721998, 51.273744 ], [ 8.736585, 51.26222 ], [ 8.727598, 51.250103 ], [ 8.741697, 51.218423 ], [ 8.768194, 51.208874 ], [ 8.749502, 51.197732 ], [ 8.750004, 51.181464 ], [ 8.758214, 51.177182 ], [ 8.692162, 51.132834 ], [ 8.701741, 51.116577 ], [ 8.719655, 51.110326 ], [ 8.690535, 51.109159 ], [ 8.656632, 51.094903 ], [ 8.558367, 51.103454 ], [ 8.528123, 51.096952 ], [ 8.501733, 51.079466 ], [ 8.527552, 51.06338 ], [ 8.505144, 51.041433 ], [ 8.520681, 51.043003 ], [ 8.538782, 51.019448 ], [ 8.514076, 51.009237 ], [ 8.473368, 50.975035 ], [ 8.477892, 50.969047 ], [ 8.459665, 50.96665 ], [ 8.462277, 50.949693 ], [ 8.449324, 50.941083 ], [ 8.456441, 50.916531 ], [ 8.433426, 50.918239 ], [ 8.38803, 50.891929 ], [ 8.385576, 50.875793 ], [ 8.371917, 50.874266 ], [ 8.3586, 50.86069 ], [ 8.305473, 50.861121 ], [ 8.292017, 50.882136 ], [ 8.269667, 50.881876 ], [ 8.231314, 50.85064 ], [ 8.182841, 50.824873 ], [ 8.165807, 50.803476 ], [ 8.125512, 50.788356 ], [ 8.141662, 50.77166 ], [ 8.135641, 50.767216 ], [ 8.151834, 50.759854 ], [ 8.166829, 50.735711 ], [ 8.142607, 50.695448 ], [ 8.131279, 50.69692 ], [ 8.11023, 50.670901 ], [ 8.110092, 50.657251 ], [ 8.140885, 50.630228 ], [ 8.126019, 50.610093 ], [ 8.151592, 50.599371 ], [ 8.132189, 50.55796 ], [ 8.137913, 50.550948 ], [ 8.118992, 50.54847 ], [ 8.110809, 50.541865 ], [ 8.120881, 50.53966 ], [ 8.117738, 50.534509 ], [ 8.103427, 50.532628 ], [ 8.070521, 50.537998 ], [ 8.066422, 50.548931 ], [ 8.046104, 50.557017 ], [ 8.028375, 50.550559 ], [ 7.982937, 50.511461 ], [ 7.989967, 50.498569 ], [ 7.978903, 50.495384 ], [ 7.987668, 50.472726 ], [ 8.010475, 50.460573 ], [ 8.010766, 50.452692 ], [ 7.975182, 50.437621 ], [ 7.988095, 50.435509 ], [ 7.987782, 50.427922 ], [ 7.964192, 50.412225 ], [ 7.982419, 50.408097 ], [ 7.987154, 50.398055 ], [ 8.023757, 50.400766 ], [ 8.01456, 50.384525 ], [ 8.042556, 50.386054 ], [ 8.046051, 50.37466 ], [ 8.059757, 50.375312 ], [ 8.07677, 50.348403 ], [ 8.071944, 50.331773 ], [ 8.102678, 50.327017 ], [ 8.102414, 50.309826 ], [ 8.118601, 50.29968 ], [ 8.121914, 50.277225 ], [ 8.103121, 50.259789 ], [ 8.079032, 50.261002 ], [ 8.082993, 50.265902 ], [ 8.072088, 50.273153 ], [ 8.035892, 50.271192 ], [ 8.021651, 50.258345 ], [ 8.05891, 50.234406 ], [ 8.039718, 50.228585 ], [ 8.035444, 50.215662 ], [ 8.011773, 50.218033 ], [ 7.990204, 50.238665 ], [ 7.986557, 50.228088 ], [ 7.953052, 50.220398 ], [ 7.947395, 50.210072 ], [ 7.911142, 50.20373 ], [ 7.910215, 50.193495 ], [ 7.88283, 50.181317 ], [ 7.888663, 50.173708 ], [ 7.884014, 50.169569 ], [ 7.932942, 50.143884 ], [ 7.922488, 50.134457 ], [ 7.930097, 50.10374 ], [ 7.920364, 50.10368 ], [ 7.903224, 50.121552 ], [ 7.884717, 50.114378 ], [ 7.854016, 50.128329 ], [ 7.830071, 50.098026 ], [ 7.837194, 50.084129 ], [ 7.803461, 50.08458 ], [ 7.772651, 50.061608 ], [ 7.779659, 50.051107 ], [ 7.852864, 50.012163 ], [ 7.866058, 49.980454 ], [ 7.887255, 49.971843 ], [ 7.967402, 49.977773 ], [ 8.036357, 50.002312 ], [ 8.07957, 50.006899 ], [ 8.180949, 50.035206 ], [ 8.234707, 50.030557 ], [ 8.264555, 50.015701 ], [ 8.322339, 49.973592 ], [ 8.340964, 49.951076 ], [ 8.354723, 49.913213 ], [ 8.34401, 49.880109 ], [ 8.357524, 49.864901 ], [ 8.383584, 49.855678 ], [ 8.378449, 49.82482 ], [ 8.406077, 49.796569 ], [ 8.416297, 49.773868 ], [ 8.429196, 49.766445 ], [ 8.479186, 49.764212 ], [ 8.435959, 49.720989 ], [ 8.381522, 49.707043 ], [ 8.357879, 49.693341 ], [ 8.356488, 49.677987 ], [ 8.386011, 49.622103 ], [ 8.409048, 49.605044 ], [ 8.422439, 49.583385 ], [ 8.448628, 49.590478 ], [ 8.475796, 49.584452 ], [ 8.4799, 49.574464 ], [ 8.495032, 49.572997 ], [ 8.560002, 49.517462 ], [ 8.591295, 49.52128 ], [ 8.597913, 49.531462 ], [ 8.608048, 49.528304 ], [ 8.6213, 49.54501 ], [ 8.603232, 49.593294 ], [ 8.590977, 49.595943 ], [ 8.593889, 49.610947 ], [ 8.677934, 49.625947 ], [ 8.692314, 49.623739 ], [ 8.688393, 49.614623 ], [ 8.678879, 49.613868 ], [ 8.686369, 49.60848 ], [ 8.67214, 49.611194 ], [ 8.697998, 49.599757 ], [ 8.696334, 49.5921 ], [ 8.683477, 49.589752 ], [ 8.680989, 49.575548 ], [ 8.690771, 49.555643 ], [ 8.705794, 49.547966 ], [ 8.70265, 49.535328 ], [ 8.73595, 49.524846 ], [ 8.724895, 49.522637 ], [ 8.727711, 49.518339 ], [ 8.748709, 49.522428 ], [ 8.798591, 49.511689 ], [ 8.809206, 49.52568 ], [ 8.821874, 49.524636 ], [ 8.816963, 49.505793 ], [ 8.833855, 49.490683 ], [ 8.848502, 49.502173 ], [ 8.899573, 49.503656 ], [ 8.899355, 49.48455 ], [ 8.876495, 49.466686 ], [ 8.862924, 49.466679 ], [ 8.86634, 49.474593 ], [ 8.851932, 49.483588 ], [ 8.826603, 49.469349 ], [ 8.837152, 49.433522 ], [ 8.830502, 49.423229 ], [ 8.806588, 49.419201 ], [ 8.803541, 49.40357 ], [ 8.814612, 49.396852 ], [ 8.822421, 49.395552 ], [ 8.830414, 49.408336 ], [ 8.853135, 49.395962 ], [ 8.892389, 49.420907 ], [ 8.900949, 49.443369 ], [ 8.912567, 49.437614 ], [ 8.950349, 49.454993 ], [ 8.93188, 49.470637 ], [ 8.942795, 49.485688 ], [ 8.95464, 49.482009 ], [ 8.951832, 49.505626 ], [ 8.968003, 49.5016 ], [ 8.985834, 49.51033 ], [ 9.014236, 49.498058 ], [ 9.040757, 49.499069 ], [ 9.049951, 49.519368 ], [ 9.064951, 49.529606 ], [ 9.099554, 49.526189 ], [ 9.106127, 49.509796 ], [ 9.11953, 49.51221 ], [ 9.12646, 49.521607 ], [ 9.113768, 49.534634 ], [ 9.084391, 49.543024 ], [ 9.087871, 49.550662 ], [ 9.072206, 49.565249 ], [ 9.078043, 49.574804 ], [ 9.082632, 49.561789 ], [ 9.098931, 49.560554 ], [ 9.103006, 49.577456 ] ] ], [ [ [ 8.67596, 49.615953 ], [ 8.68598, 49.618355 ], [ 8.685868, 49.621665 ], [ 8.675113, 49.621105 ], [ 8.67596, 49.615953 ] ], [ [ 8.684053, 49.620223 ], [ 8.680067, 49.618665 ], [ 8.680117, 49.620286 ], [ 8.684053, 49.620223 ] ] ] ] } },
{ "type": "Feature", "properties": { "name": "Mecklenburg-Vorpommern", "area": 23294.920643590311 }, "geometry": { "type": "MultiPolygon", "coordinates": [ [ [ [ 11.42717, 53.937965 ], [ 11.428765, 53.943292 ], [ 11.423208, 53.94219 ], [ 11.42717, 53.937965 ] ] ], [ [ [ 11.477441, 53.963691 ], [ 11.4748, 53.9639 ], [ 11.477535, 53.961667 ], [ 11.477441, 53.963691 ] ] ], [ [ [ 11.467272, 53.967562 ], [ 11.470315, 53.966663 ], [ 11.470646, 53.968467 ], [ 11.467272, 53.967562 ] ] ], [ [ [ 13.957754, 53.942699 ], [ 13.96071, 53.941741 ], [ 13.95947, 53.943584 ], [ 13.957754, 53.942699 ] ] ], [ [ [ 11.473006, 54.024448 ], [ 11.381913, 53.9993 ], [ 11.374182, 53.992347 ], [ 11.377944, 53.975429 ], [ 11.38464, 53.968517 ], [ 11.391531, 53.964894 ], [ 11.411241, 53.966805 ], [ 11.386471, 53.968143 ], [ 11.393635, 53.974652 ], [ 11.402147, 53.968316 ], [ 11.409896, 53.968873 ], [ 11.420526, 53.962135 ], [ 11.425946, 53.960764 ], [ 11.431768, 53.961633 ], [ 11.427868, 53.98581 ], [ 11.446154, 53.997328 ], [ 11.441474, 53.964622 ], [ 11.455957, 53.957533 ], [ 11.480365, 53.981834 ], [ 11.478245, 53.997974 ], [ 11.483554, 54.008656 ], [ 11.48895, 53.999011 ], [ 11.495328, 54.01111 ], [ 11.494151, 54.02171 ], [ 11.473006, 54.024448 ] ] ], [ [ [ 14.031124, 53.944832 ], [ 14.033956, 53.945165 ], [ 14.033946, 53.946344 ], [ 14.031124, 53.944832 ] ] ], [ [ [ 14.024694, 53.94964 ], [ 14.027328, 53.951079 ], [ 14.024217, 53.95151 ], [ 14.024694, 53.94964 ] ] ], [ [ [ 11.496341, 54.031313 ], [ 11.488919, 54.027341 ], [ 11.48632, 54.025213 ], [ 11.494789, 54.024195 ], [ 11.496341, 54.031313 ] ] ], [ [ [ 11.515054, 54.037996 ], [ 11.515187, 54.054501 ], [ 11.523002, 54.068487 ], [ 11.511905, 54.053974 ], [ 11.515054, 54.037996 ] ] ], [ [ [ 13.931958, 54.024694 ], [ 13.929267, 54.031003 ], [ 13.916453, 54.021864 ], [ 13.925956, 54.01604 ], [ 13.924392, 54.023248 ], [ 13.931958, 54.024694 ] ] ], [ [ [ 13.780285, 54.055786 ], [ 13.785036, 54.054709 ], [ 13.781985, 54.059269 ], [ 13.780285, 54.055786 ] ] ], [ [ [ 13.806411, 54.08421 ], [ 13.801789, 54.081598 ], [ 13.803894, 54.079071 ], [ 13.806411, 54.08421 ] ] ], [ [ [ 13.333666, 54.16881 ], [ 13.334348, 54.170335 ], [ 13.33203, 54.169588 ], [ 13.333666, 54.16881 ] ] ], [ [ [ 13.348986, 54.176432 ], [ 13.350475, 54.177426 ], [ 13.348936, 54.177332 ], [ 13.348986, 54.176432 ] ] ], [ [ [ 13.354293, 54.180225 ], [ 13.355454, 54.180461 ], [ 13.355382, 54.181125 ], [ 13.354293, 54.180225 ] ] ], [ [ [ 13.808924, 54.169507 ], [ 13.75887, 54.168401 ], [ 13.749297, 54.158475 ], [ 13.751005, 54.149825 ], [ 13.757986, 54.150543 ], [ 13.751499, 54.149076 ], [ 13.755459, 54.137679 ], [ 13.772326, 54.133843 ], [ 13.774832, 54.120106 ], [ 13.813839, 54.107823 ], [ 13.808175, 54.106485 ], [ 13.812974, 54.098773 ], [ 13.807036, 54.078384 ], [ 13.788092, 54.056012 ], [ 13.790568, 54.048677 ], [ 13.764305, 54.029981 ], [ 13.769916, 54.019184 ], [ 13.801287, 54.018741 ], [ 13.820855, 54.03752 ], [ 13.858941, 54.048111 ], [ 13.879676, 54.04026 ], [ 13.853237, 54.013678 ], [ 13.861587, 53.999752 ], [ 13.866967, 54.007467 ], [ 13.898675, 54.012073 ], [ 13.924068, 54.035804 ], [ 13.915506, 54.046794 ], [ 13.907349, 54.043115 ], [ 13.917224, 54.060518 ], [ 13.91119, 54.063994 ], [ 13.95136, 54.05898 ], [ 13.973259, 54.063997 ], [ 13.968865, 54.059437 ], [ 13.997693, 54.041504 ], [ 14.004361, 54.010655 ], [ 14.017609, 54.015022 ], [ 14.014744, 54.020327 ], [ 14.016437, 54.021478 ], [ 14.03271, 54.017107 ], [ 14.043297, 54.001829 ], [ 14.037375, 53.998581 ], [ 14.047581, 53.997442 ], [ 14.048869, 53.980646 ], [ 14.035033, 53.950004 ], [ 14.043532, 53.946194 ], [ 14.040181, 53.940721 ], [ 14.011793, 53.94932 ], [ 14.023296, 53.962214 ], [ 13.983682, 53.9621 ], [ 13.963524, 53.957038 ], [ 13.971302, 53.950797 ], [ 13.959602, 53.933992 ], [ 13.952709, 53.934926 ], [ 13.958216, 53.953017 ], [ 13.94997, 53.95887 ], [ 13.972228, 53.969615 ], [ 13.963091, 53.973438 ], [ 13.96503, 53.9898 ], [ 13.905955, 53.989543 ], [ 13.895136, 53.966486 ], [ 13.922693, 53.950629 ], [ 13.937973, 53.908953 ], [ 13.921473, 53.887965 ], [ 13.893418, 53.877171 ], [ 13.834143, 53.871008 ], [ 13.829722, 53.857641 ], [ 13.821787, 53.857035 ], [ 13.82615, 53.849685 ], [ 13.898238, 53.839906 ], [ 13.917839, 53.845222 ], [ 13.931507, 53.870372 ], [ 13.955056, 53.860324 ], [ 13.949911, 53.849961 ], [ 13.921583, 53.848132 ], [ 13.939011, 53.843437 ], [ 13.990989, 53.848447 ], [ 14.01971, 53.869301 ], [ 14.040924, 53.874508 ], [ 14.213078, 53.86648 ], [ 14.212301, 53.900295 ], [ 14.205868, 53.910567 ], [ 14.185314, 53.914102 ], [ 14.207646, 53.915867 ], [ 14.226322, 53.928643 ], [ 14.181794, 53.948422 ], [ 14.016217, 54.053892 ], [ 13.874714, 54.100288 ], [ 13.833253, 54.131941 ], [ 13.812453, 54.169428 ], [ 13.808924, 54.169507 ] ] ], [ [ [ 13.809294, 54.16995 ], [ 13.811923, 54.173553 ], [ 13.806242, 54.173806 ], [ 13.809294, 54.16995 ] ] ], [ [ [ 13.810581, 54.174609 ], [ 13.812342, 54.175448 ], [ 13.810483, 54.175016 ], [ 13.810581, 54.174609 ] ] ], [ [ [ 13.809679, 54.175613 ], [ 13.806091, 54.178322 ], [ 13.803245, 54.177733 ], [ 13.809679, 54.175613 ] ] ], [ [ [ 13.770727, 54.20074 ], [ 13.768877, 54.208921 ], [ 13.76895, 54.200822 ], [ 13.770727, 54.20074 ] ] ], [ [ [ 13.362349, 54.251142 ], [ 13.361283, 54.252707 ], [ 13.358607, 54.252768 ], [ 13.362349, 54.251142 ] ] ], [ [ [ 13.388745, 54.264404 ], [ 13.390841, 54.265126 ], [ 13.388593, 54.265035 ], [ 13.388745, 54.264404 ] ] ], [ [ [ 13.92693, 54.248818 ], [ 13.908619, 54.24414 ], [ 13.906683, 54.240442 ], [ 13.92693, 54.248818 ] ] ], [ [ [ 12.52802, 54.346221 ], [ 12.529586, 54.350093 ], [ 12.52692, 54.352227 ], [ 12.52802, 54.346221 ] ] ], [ [ [ 12.535521, 54.356009 ], [ 12.527864, 54.354113 ], [ 12.530961, 54.349928 ], [ 12.535521, 54.356009 ] ] ], [ [ [ 12.525126, 54.359389 ], [ 12.528321, 54.36164 ], [ 12.527901, 54.361722 ], [ 12.525126, 54.359389 ] ] ], [ [ [ 13.543898, 54.323046 ], [ 13.541506, 54.332352 ], [ 13.518693, 54.312241 ], [ 13.524756, 54.309408 ], [ 13.528118, 54.318457 ], [ 13.543898, 54.323046 ] ] ], [ [ [ 12.524948, 54.365364 ], [ 12.527432, 54.365645 ], [ 12.528655, 54.366608 ], [ 12.524948, 54.365364 ] ] ], [ [ [ 12.526975, 54.367174 ], [ 12.523705, 54.368605 ], [ 12.522949, 54.368094 ], [ 12.526975, 54.367174 ] ] ], [ [ [ 12.52445, 54.370589 ], [ 12.522531, 54.373923 ], [ 12.518585, 54.372228 ], [ 12.52445, 54.370589 ] ] ], [ [ [ 12.580441, 54.377106 ], [ 12.584071, 54.378596 ], [ 12.585476, 54.380669 ], [ 12.580441, 54.377106 ] ] ], [ [ [ 12.662395, 54.404845 ], [ 12.658657, 54.408274 ], [ 12.656323, 54.406575 ], [ 12.662395, 54.404845 ] ] ], [ [ [ 12.736578, 54.412347 ], [ 12.724436, 54.412422 ], [ 12.717947, 54.405712 ], [ 12.729775, 54.404903 ], [ 12.736578, 54.412347 ] ] ], [ [ [ 13.21015, 54.401623 ], [ 13.217182, 54.397704 ], [ 13.220197, 54.40143 ], [ 13.21015, 54.401623 ] ] ], [ [ [ 12.66861, 54.418474 ], [ 12.670427, 54.418134 ], [ 12.670448, 54.420961 ], [ 12.66861, 54.418474 ] ] ], [ [ [ 12.643749, 54.419724 ], [ 12.638031, 54.423542 ], [ 12.635056, 54.42125 ], [ 12.637305, 54.416098 ], [ 12.643749, 54.419724 ] ] ], [ [ [ 12.723097, 54.427868 ], [ 12.725424, 54.429354 ], [ 12.723179, 54.429438 ], [ 12.723097, 54.427868 ] ] ], [ [ [ 12.695732, 54.431033 ], [ 12.674858, 54.41829 ], [ 12.731085, 54.416647 ], [ 12.724081, 54.425373 ], [ 12.695732, 54.431033 ] ] ], [ [ [ 12.927396, 54.430234 ], [ 12.929687, 54.430154 ], [ 12.92302, 54.43295 ], [ 12.927396, 54.430234 ] ] ], [ [ [ 13.117882, 54.426711 ], [ 13.123003, 54.428858 ], [ 13.116401, 54.430507 ], [ 13.117882, 54.426711 ] ] ], [ [ [ 12.967789, 54.438468 ], [ 12.970412, 54.43663 ], [ 12.971534, 54.440478 ], [ 12.967789, 54.438468 ] ] ], [ [ [ 12.961899, 54.439106 ], [ 12.930027, 54.443061 ], [ 12.923932, 54.434793 ], [ 12.961899, 54.439106 ] ] ], [ [ [ 12.981968, 54.437501 ], [ 12.977725, 54.442439 ], [ 12.973534, 54.441488 ], [ 12.981968, 54.437501 ] ] ], [ [ [ 12.986984, 54.444043 ], [ 12.98995, 54.444555 ], [ 12.989776, 54.444929 ], [ 12.986984, 54.444043 ] ] ], [ [ [ 13.050677, 54.46024 ], [ 13.033663, 54.446983 ], [ 13.000294, 54.447841 ], [ 12.984827, 54.435854 ], [ 12.972618, 54.435865 ], [ 12.975909, 54.432439 ], [ 13.015638, 54.443674 ], [ 13.041558, 54.442435 ], [ 13.058989, 54.4512 ], [ 13.050677, 54.46024 ] ] ], [ [ [ 13.209729, 54.463539 ], [ 13.19922, 54.461704 ], [ 13.198665, 54.457296 ], [ 13.203126, 54.461609 ], [ 13.209729, 54.463539 ] ] ], [ [ [ 13.212493, 54.464447 ], [ 13.210572, 54.465317 ], [ 13.209071, 54.464382 ], [ 13.212493, 54.464447 ] ] ], [ [ [ 13.204269, 54.465314 ], [ 13.206326, 54.466673 ], [ 13.203811, 54.465873 ], [ 13.204269, 54.465314 ] ] ], [ [ [ 13.224782, 54.469666 ], [ 13.213227, 54.467059 ], [ 13.213473, 54.464689 ], [ 13.222825, 54.46501 ], [ 13.224782, 54.469666 ] ] ], [ [ [ 13.07993, 54.475717 ], [ 13.083154, 54.475823 ], [ 13.083162, 54.476631 ], [ 13.07993, 54.475717 ] ] ], [ [ [ 13.183615, 54.493964 ], [ 13.143481, 54.477984 ], [ 13.120564, 54.443829 ], [ 13.160676, 54.448982 ], [ 13.165753, 54.455356 ], [ 13.184049, 54.457183 ], [ 13.186756, 54.465413 ], [ 13.226828, 54.473187 ], [ 13.218549, 54.483202 ], [ 13.224842, 54.486607 ], [ 13.20067, 54.485501 ], [ 13.183615, 54.493964 ] ] ], [ [ [ 13.160098, 54.512854 ], [ 13.155171, 54.506656 ], [ 13.164879, 54.502121 ], [ 13.169003, 54.506628 ], [ 13.160098, 54.512854 ] ] ], [ [ [ 13.302844, 54.537545 ], [ 13.299906, 54.540876 ], [ 13.298631, 54.539099 ], [ 13.302844, 54.537545 ] ] ], [ [ [ 13.118569, 54.538933 ], [ 13.123321, 54.549839 ], [ 13.116958, 54.546859 ], [ 13.118569, 54.538933 ] ] ], [ [ [ 13.146787, 54.603354 ], [ 13.097973, 54.590621 ], [ 13.100442, 54.565048 ], [ 13.065551, 54.492356 ], [ 13.063859, 54.45804 ], [ 13.076699, 54.478626 ], [ 13.070682, 54.491782 ], [ 13.088609, 54.515201 ], [ 13.084632, 54.519161 ], [ 13.092906, 54.517366 ], [ 13.0925, 54.52764 ], [ 13.116747, 54.537664 ], [ 13.107648, 54.568457 ], [ 13.11912, 54.57433 ], [ 13.111422, 54.584669 ], [ 13.125241, 54.58367 ], [ 13.129488, 54.591253 ], [ 13.141351, 54.598848 ], [ 13.134423, 54.58847 ], [ 13.145497, 54.573838 ], [ 13.146596, 54.595516 ], [ 13.1508, 54.575438 ], [ 13.155361, 54.580105 ], [ 13.157958, 54.573719 ], [ 13.146787, 54.603354 ] ] ], [ [ [ 14.412381, 53.329593 ], [ 14.405479, 53.347088 ], [ 14.390322, 53.353709 ], [ 14.394794, 53.375719 ], [ 14.373283, 53.408951 ], [ 14.371281, 53.45644 ], [ 14.35803, 53.457315 ], [ 14.350648, 53.496006 ], [ 14.326883, 53.50381 ], [ 14.302557, 53.553405 ], [ 14.313961, 53.565226 ], [ 14.316948, 53.618067 ], [ 14.28385, 53.634443 ], [ 14.284644, 53.6588 ], [ 14.270896, 53.665295 ], [ 14.283681, 53.682504 ], [ 14.266808, 53.698705 ], [ 14.273534, 53.744353 ], [ 14.266949, 53.753487 ], [ 14.283596, 53.772303 ], [ 14.270425, 53.789949 ], [ 14.178515, 53.806803 ], [ 13.98686, 53.812208 ], [ 13.889602, 53.827186 ], [ 13.851337, 53.845059 ], [ 13.822464, 53.847705 ], [ 13.818629, 53.859218 ], [ 13.826649, 53.865622 ], [ 13.826154, 53.877628 ], [ 13.847222, 53.87795 ], [ 13.864752, 53.900461 ], [ 13.903287, 53.910996 ], [ 13.914106, 53.921857 ], [ 13.881315, 53.949795 ], [ 13.852625, 53.952755 ], [ 13.85385, 53.964629 ], [ 13.833822, 53.984429 ], [ 13.795544, 53.995809 ], [ 13.760406, 54.015403 ], [ 13.757873, 54.027967 ], [ 13.743604, 54.028717 ], [ 13.782645, 54.047543 ], [ 13.773806, 54.059802 ], [ 13.790169, 54.064415 ], [ 13.79337, 54.085522 ], [ 13.808751, 54.100453 ], [ 13.747315, 54.134596 ], [ 13.749066, 54.139783 ], [ 13.733973, 54.135947 ], [ 13.697389, 54.148923 ], [ 13.69562, 54.157936 ], [ 13.718302, 54.16323 ], [ 13.706258, 54.171182 ], [ 13.652951, 54.153697 ], [ 13.644009, 54.156979 ], [ 13.645726, 54.150825 ], [ 13.623476, 54.139661 ], [ 13.485988, 54.122778 ], [ 13.476949, 54.115754 ], [ 13.501854, 54.087109 ], [ 13.489404, 54.083846 ], [ 13.458848, 54.090661 ], [ 13.430165, 54.135548 ], [ 13.406737, 54.147036 ], [ 13.419284, 54.17284 ], [ 13.394405, 54.18121 ], [ 13.399805, 54.169643 ], [ 13.379003, 54.177114 ], [ 13.316392, 54.160125 ], [ 13.335253, 54.173951 ], [ 13.340662, 54.173829 ], [ 13.336657, 54.177001 ], [ 13.357489, 54.183365 ], [ 13.371284, 54.181766 ], [ 13.365335, 54.185304 ], [ 13.326608, 54.183824 ], [ 13.291229, 54.234035 ], [ 13.215673, 54.241212 ], [ 13.210502, 54.244947 ], [ 13.216216, 54.249816 ], [ 13.185337, 54.266343 ], [ 13.167175, 54.266233 ], [ 13.142766, 54.253655 ], [ 13.160439, 54.267631 ], [ 13.178427, 54.269274 ], [ 13.166598, 54.27894 ], [ 13.14767, 54.267929 ], [ 13.132873, 54.279415 ], [ 13.138935, 54.319291 ], [ 13.185501, 54.300019 ], [ 13.154112, 54.304643 ], [ 13.139702, 54.296364 ], [ 13.141667, 54.280924 ], [ 13.181069, 54.287439 ], [ 13.192975, 54.29709 ], [ 13.203025, 54.290274 ], [ 13.196188, 54.284484 ], [ 13.199542, 54.269918 ], [ 13.21535, 54.271373 ], [ 13.217801, 54.279308 ], [ 13.217111, 54.273018 ], [ 13.268173, 54.25373 ], [ 13.321519, 54.258077 ], [ 13.309688, 54.265703 ], [ 13.336709, 54.278562 ], [ 13.322781, 54.26618 ], [ 13.321679, 54.245662 ], [ 13.295038, 54.255422 ], [ 13.290849, 54.251283 ], [ 13.393587, 54.220971 ], [ 13.42472, 54.238546 ], [ 13.417372, 54.255824 ], [ 13.401554, 54.265706 ], [ 13.378793, 54.253334 ], [ 13.364478, 54.264104 ], [ 13.359019, 54.257495 ], [ 13.369372, 54.254177 ], [ 13.357959, 54.246677 ], [ 13.350821, 54.269835 ], [ 13.390756, 54.27945 ], [ 13.386721, 54.266562 ], [ 13.419602, 54.302789 ], [ 13.461909, 54.316407 ], [ 13.466944, 54.326416 ], [ 13.452526, 54.326074 ], [ 13.454626, 54.336093 ], [ 13.464385, 54.329127 ], [ 13.507071, 54.344207 ], [ 13.550764, 54.339687 ], [ 13.575318, 54.352998 ], [ 13.598319, 54.34786 ], [ 13.614172, 54.330197 ], [ 13.62886, 54.331331 ], [ 13.622931, 54.334284 ], [ 13.65038, 54.349054 ], [ 13.682149, 54.349892 ], [ 13.674049, 54.337326 ], [ 13.609804, 54.316604 ], [ 13.672228, 54.330309 ], [ 13.703623, 54.326303 ], [ 13.700308, 54.316757 ], [ 13.645404, 54.297561 ], [ 13.661704, 54.287525 ], [ 13.702218, 54.29563 ], [ 13.70947, 54.279912 ], [ 13.683837, 54.283447 ], [ 13.707661, 54.268744 ], [ 13.724231, 54.273855 ], [ 13.715406, 54.294085 ], [ 13.719296, 54.311506 ], [ 13.740058, 54.335481 ], [ 13.766909, 54.341834 ], [ 13.721178, 54.359136 ], [ 13.703277, 54.385689 ], [ 13.672937, 54.401201 ], [ 13.61337, 54.403373 ], [ 13.587438, 54.426024 ], [ 13.57009, 54.459869 ], [ 13.577998, 54.479615 ], [ 13.597586, 54.476359 ], [ 13.597164, 54.488102 ], [ 13.60941, 54.498861 ], [ 13.669397, 54.521073 ], [ 13.681642, 54.542616 ], [ 13.679809, 54.562486 ], [ 13.634857, 54.585468 ], [ 13.460386, 54.570628 ], [ 13.418736, 54.580867 ], [ 13.393315, 54.598617 ], [ 13.377238, 54.635559 ], [ 13.391083, 54.651317 ], [ 13.432155, 54.663624 ], [ 13.438944, 54.677533 ], [ 13.427721, 54.685011 ], [ 13.287622, 54.673795 ], [ 13.250613, 54.660459 ], [ 13.219878, 54.640779 ], [ 13.225741, 54.612311 ], [ 13.214809, 54.595552 ], [ 13.167249, 54.573732 ], [ 13.160937, 54.559083 ], [ 13.237939, 54.594187 ], [ 13.227097, 54.625155 ], [ 13.282403, 54.645705 ], [ 13.287504, 54.625314 ], [ 13.257083, 54.59008 ], [ 13.245451, 54.557833 ], [ 13.332397, 54.581941 ], [ 13.327577, 54.593406 ], [ 13.368071, 54.614697 ], [ 13.384104, 54.596026 ], [ 13.385335, 54.580726 ], [ 13.424792, 54.568878 ], [ 13.446131, 54.551601 ], [ 13.490403, 54.550819 ], [ 13.484938, 54.558713 ], [ 13.511133, 54.566114 ], [ 13.510273, 54.557824 ], [ 13.491254, 54.558827 ], [ 13.514186, 54.526871 ], [ 13.507953, 54.525238 ], [ 13.513606, 54.525085 ], [ 13.508038, 54.5243 ], [ 13.514127, 54.51029 ], [ 13.500039, 54.489284 ], [ 13.506384, 54.477066 ], [ 13.548101, 54.47491 ], [ 13.54687, 54.456783 ], [ 13.523994, 54.448035 ], [ 13.552038, 54.446733 ], [ 13.557162, 54.438539 ], [ 13.520061, 54.433913 ], [ 13.542169, 54.427676 ], [ 13.537789, 54.417654 ], [ 13.476252, 54.424579 ], [ 13.483468, 54.442865 ], [ 13.498524, 54.446195 ], [ 13.482733, 54.435598 ], [ 13.503909, 54.434406 ], [ 13.514035, 54.443192 ], [ 13.500082, 54.444492 ], [ 13.506172, 54.45164 ], [ 13.470801, 54.454043 ], [ 13.483823, 54.473715 ], [ 13.500801, 54.48229 ], [ 13.448382, 54.474382 ], [ 13.441669, 54.487342 ], [ 13.412583, 54.493769 ], [ 13.406097, 54.505694 ], [ 13.414582, 54.519875 ], [ 13.380394, 54.546233 ], [ 13.376819, 54.559534 ], [ 13.354364, 54.547368 ], [ 13.387965, 54.539978 ], [ 13.38767, 54.531257 ], [ 13.37399, 54.520359 ], [ 13.344494, 54.521398 ], [ 13.361437, 54.543382 ], [ 13.336092, 54.548502 ], [ 13.353978, 54.551423 ], [ 13.370667, 54.577084 ], [ 13.355024, 54.581032 ], [ 13.297227, 54.552434 ], [ 13.307486, 54.539496 ], [ 13.303088, 54.527901 ], [ 13.312116, 54.524424 ], [ 13.304905, 54.514117 ], [ 13.287939, 54.522108 ], [ 13.295275, 54.536824 ], [ 13.289417, 54.541635 ], [ 13.243706, 54.555568 ], [ 13.144181, 54.546966 ], [ 13.139204, 54.54051 ], [ 13.158279, 54.537687 ], [ 13.162138, 54.514193 ], [ 13.170685, 54.507833 ], [ 13.200486, 54.503748 ], [ 13.231376, 54.510898 ], [ 13.228588, 54.485442 ], [ 13.270113, 54.479889 ], [ 13.231046, 54.467894 ], [ 13.253256, 54.464273 ], [ 13.206041, 54.460278 ], [ 13.199988, 54.448026 ], [ 13.192684, 54.455321 ], [ 13.170586, 54.453728 ], [ 13.149423, 54.428134 ], [ 13.158302, 54.420646 ], [ 13.211862, 54.429944 ], [ 13.220522, 54.413784 ], [ 13.237525, 54.409843 ], [ 13.232404, 54.403772 ], [ 13.24934, 54.407882 ], [ 13.254838, 54.405711 ], [ 13.230236, 54.397373 ], [ 13.238086, 54.386334 ], [ 13.260337, 54.380454 ], [ 13.220443, 54.367729 ], [ 13.19695, 54.375911 ], [ 13.129932, 54.372093 ], [ 13.113687, 54.334779 ], [ 13.135003, 54.324117 ], [ 13.129104, 54.321141 ], [ 13.115016, 54.322998 ], [ 13.10471, 54.347451 ], [ 13.079841, 54.352945 ], [ 13.093836, 54.365776 ], [ 13.082578, 54.37943 ], [ 13.04846, 54.380126 ], [ 13.025666, 54.396507 ], [ 13.020222, 54.412359 ], [ 13.034274, 54.431689 ], [ 13.015778, 54.439393 ], [ 12.897716, 54.40167 ], [ 12.878088, 54.364998 ], [ 12.809664, 54.343601 ], [ 12.804007, 54.370401 ], [ 12.785001, 54.379475 ], [ 12.786492, 54.396445 ], [ 12.774797, 54.388814 ], [ 12.768903, 54.371609 ], [ 12.755855, 54.37056 ], [ 12.744056, 54.384061 ], [ 12.740981, 54.372886 ], [ 12.71954, 54.37311 ], [ 12.71511, 54.398701 ], [ 12.700088, 54.398483 ], [ 12.69649, 54.385136 ], [ 12.682587, 54.374405 ], [ 12.688407, 54.368135 ], [ 12.676334, 54.370922 ], [ 12.693485, 54.386081 ], [ 12.685112, 54.396525 ], [ 12.714321, 54.405 ], [ 12.707489, 54.411879 ], [ 12.668525, 54.408133 ], [ 12.667457, 54.404416 ], [ 12.658221, 54.403491 ], [ 12.67137, 54.390946 ], [ 12.622211, 54.37221 ], [ 12.596853, 54.371812 ], [ 12.594571, 54.358122 ], [ 12.574804, 54.358211 ], [ 12.581704, 54.373384 ], [ 12.566506, 54.371581 ], [ 12.553757, 54.379586 ], [ 12.554682, 54.372513 ], [ 12.534334, 54.365176 ], [ 12.553295, 54.356142 ], [ 12.538895, 54.352494 ], [ 12.535702, 54.338429 ], [ 12.473091, 54.32961 ], [ 12.478728, 54.303929 ], [ 12.429371, 54.293561 ], [ 12.427036, 54.374001 ], [ 12.436138, 54.379089 ], [ 12.495643, 54.38239 ], [ 12.51772, 54.3727 ], [ 12.552503, 54.390125 ], [ 12.592285, 54.383637 ], [ 12.597821, 54.391567 ], [ 12.577482, 54.396369 ], [ 12.577212, 54.403968 ], [ 12.617513, 54.407253 ], [ 12.610652, 54.41091 ], [ 12.617191, 54.417954 ], [ 12.638082, 54.425512 ], [ 12.653148, 54.410507 ], [ 12.666362, 54.408647 ], [ 12.66804, 54.410138 ], [ 12.667526, 54.418569 ], [ 12.669319, 54.42144 ], [ 12.69316, 54.432254 ], [ 12.721033, 54.432375 ], [ 12.725814, 54.430141 ], [ 12.740472, 54.415112 ], [ 12.786029, 54.417371 ], [ 12.801847, 54.408699 ], [ 12.831864, 54.423058 ], [ 12.874948, 54.413712 ], [ 12.926952, 54.427964 ], [ 12.915394, 54.438829 ], [ 12.920989, 54.445095 ], [ 12.676585, 54.442182 ], [ 12.560918, 54.454727 ], [ 12.526071, 54.471202 ], [ 12.530118, 54.482075 ], [ 12.522122, 54.486566 ], [ 12.500847, 54.474949 ], [ 12.466409, 54.419857 ], [ 12.436295, 54.3917 ], [ 12.405931, 54.376936 ], [ 12.340872, 54.300548 ], [ 12.192888, 54.240992 ], [ 12.127472, 54.186061 ], [ 12.106867, 54.178337 ], [ 12.093695, 54.185417 ], [ 12.100993, 54.169288 ], [ 12.086852, 54.18594 ], [ 12.061464, 54.178055 ], [ 12.01136, 54.178336 ], [ 11.849774, 54.145002 ], [ 11.761385, 54.154502 ], [ 11.682937, 54.153271 ], [ 11.608383, 54.107032 ], [ 11.55252, 54.092687 ], [ 11.525097, 54.070926 ], [ 11.535277, 54.07276 ], [ 11.53176, 54.049183 ], [ 11.603985, 54.102488 ], [ 11.626486, 54.089646 ], [ 11.62447, 54.076782 ], [ 11.610926, 54.068314 ], [ 11.582609, 54.063689 ], [ 11.587091, 54.046985 ], [ 11.572863, 54.033112 ], [ 11.546191, 54.024877 ], [ 11.529102, 54.033849 ], [ 11.518527, 54.030286 ], [ 11.534009, 54.019644 ], [ 11.509776, 54.011906 ], [ 11.490513, 53.993787 ], [ 11.499817, 53.985955 ], [ 11.493928, 53.970842 ], [ 11.487919, 53.96823 ], [ 11.488146, 53.975541 ], [ 11.470157, 53.965362 ], [ 11.483296, 53.967446 ], [ 11.48165, 53.927391 ], [ 11.444659, 53.914898 ], [ 11.447296, 53.904907 ], [ 11.463496, 53.902404 ], [ 11.455625, 53.902071 ], [ 11.463785, 53.899169 ], [ 11.457068, 53.899467 ], [ 11.460843, 53.89678 ], [ 11.460437, 53.895492 ], [ 11.436161, 53.900085 ], [ 11.436894, 53.911065 ], [ 11.403607, 53.921493 ], [ 11.406837, 53.935202 ], [ 11.365038, 53.935139 ], [ 11.334459, 53.958975 ], [ 11.288721, 53.931571 ], [ 11.253911, 53.937149 ], [ 11.241481, 53.954145 ], [ 11.24589, 53.973157 ], [ 11.254338, 53.972635 ], [ 11.259722, 53.983537 ], [ 11.207203, 53.988375 ], [ 11.179985, 54.015166 ], [ 11.042239, 54.00664 ], [ 10.903662, 53.956822 ], [ 10.909463, 53.946269 ], [ 10.896389, 53.93597 ], [ 10.895098, 53.924548 ], [ 10.939332, 53.919334 ], [ 10.963663, 53.913497 ], [ 10.967726, 53.907858 ], [ 10.911024, 53.897952 ], [ 10.902097, 53.906291 ], [ 10.911294, 53.915226 ], [ 10.882572, 53.924497 ], [ 10.848295, 53.905114 ], [ 10.847211, 53.896943 ], [ 10.818927, 53.893533 ], [ 10.802403, 53.877082 ], [ 10.771051, 53.873186 ], [ 10.747711, 53.851511 ], [ 10.75365, 53.848574 ], [ 10.747851, 53.833364 ], [ 10.761591, 53.822601 ], [ 10.773252, 53.792387 ], [ 10.765915, 53.779901 ], [ 10.770256, 53.775481 ], [ 10.757977, 53.763594 ], [ 10.758033, 53.747517 ], [ 10.805917, 53.73921 ], [ 10.810876, 53.720072 ], [ 10.852171, 53.705845 ], [ 10.850944, 53.700125 ], [ 10.905289, 53.703294 ], [ 10.922142, 53.699469 ], [ 10.926054, 53.692046 ], [ 10.918972, 53.689159 ], [ 10.941767, 53.684542 ], [ 10.938627, 53.665822 ], [ 10.954884, 53.656705 ], [ 10.929563, 53.628707 ], [ 10.917465, 53.599316 ], [ 10.923795, 53.584186 ], [ 10.909484, 53.57145 ], [ 10.863702, 53.564632 ], [ 10.823261, 53.575181 ], [ 10.831906, 53.542582 ], [ 10.814518, 53.522025 ], [ 10.824334, 53.513741 ], [ 10.786431, 53.510457 ], [ 10.777781, 53.495181 ], [ 10.756012, 53.483394 ], [ 10.701661, 53.478255 ], [ 10.692973, 53.455138 ], [ 10.652043, 53.461477 ], [ 10.632308, 53.454803 ], [ 10.618366, 53.425371 ], [ 10.616904, 53.38457 ], [ 10.593673, 53.367856 ], [ 10.703123, 53.36942 ], [ 10.728462, 53.356674 ], [ 10.738086, 53.342344 ], [ 10.763085, 53.338851 ], [ 10.759654, 53.329987 ], [ 10.835806, 53.30497 ], [ 10.87024, 53.317716 ], [ 10.866043, 53.326912 ], [ 10.888029, 53.324382 ], [ 10.880321, 53.335527 ], [ 10.899241, 53.334196 ], [ 10.919361, 53.34842 ], [ 10.955539, 53.333461 ], [ 10.959361, 53.338525 ], [ 10.988001, 53.333427 ], [ 10.982661, 53.327536 ], [ 10.999076, 53.321024 ], [ 11.009456, 53.281479 ], [ 11.028106, 53.278479 ], [ 11.080145, 53.220521 ], [ 11.138487, 53.202505 ], [ 11.14499, 53.197779 ], [ 11.136704, 53.191842 ], [ 11.194111, 53.181186 ], [ 11.189082, 53.16562 ], [ 11.171862, 53.156644 ], [ 11.184574, 53.136421 ], [ 11.22338, 53.143774 ], [ 11.290417, 53.116903 ], [ 11.393768, 53.110303 ], [ 11.400568, 53.115818 ], [ 11.391801, 53.129654 ], [ 11.395628, 53.14 ], [ 11.460835, 53.140231 ], [ 11.473707, 53.134609 ], [ 11.47343, 53.127251 ], [ 11.502223, 53.121386 ], [ 11.548511, 53.130823 ], [ 11.555962, 53.138779 ], [ 11.550083, 53.151074 ], [ 11.569467, 53.166606 ], [ 11.562553, 53.175827 ], [ 11.56708, 53.182495 ], [ 11.557824, 53.184859 ], [ 11.56058, 53.202673 ], [ 11.551586, 53.208407 ], [ 11.588957, 53.215841 ], [ 11.625925, 53.241375 ], [ 11.700018, 53.243978 ], [ 11.714625, 53.230508 ], [ 11.727527, 53.231665 ], [ 11.72933, 53.217152 ], [ 11.740463, 53.218223 ], [ 11.769071, 53.227491 ], [ 11.828894, 53.228655 ], [ 11.82961, 53.236508 ], [ 11.796067, 53.253348 ], [ 11.861747, 53.248217 ], [ 11.889861, 53.269051 ], [ 11.892603, 53.278981 ], [ 11.954249, 53.273809 ], [ 11.973858, 53.299159 ], [ 11.997067, 53.293906 ], [ 12.023639, 53.304143 ], [ 12.014611, 53.334424 ], [ 12.057339, 53.349342 ], [ 12.045285, 53.370988 ], [ 12.077547, 53.369387 ], [ 12.082078, 53.346299 ], [ 12.092089, 53.344856 ], [ 12.13445, 53.34843 ], [ 12.139441, 53.361417 ], [ 12.151951, 53.361505 ], [ 12.16856, 53.339117 ], [ 12.186848, 53.343335 ], [ 12.19112, 53.353951 ], [ 12.229435, 53.358161 ], [ 12.23643, 53.341979 ], [ 12.260207, 53.323912 ], [ 12.310765, 53.327242 ], [ 12.394248, 53.301805 ], [ 12.391832, 53.285057 ], [ 12.428009, 53.274988 ], [ 12.445312, 53.249928 ], [ 12.529768, 53.264788 ], [ 12.606047, 53.244395 ], [ 12.628419, 53.254555 ], [ 12.654933, 53.255251 ], [ 12.675658, 53.247719 ], [ 12.663967, 53.234951 ], [ 12.671179, 53.229505 ], [ 12.757411, 53.224353 ], [ 12.739493, 53.199602 ], [ 12.764381, 53.188931 ], [ 12.845979, 53.201402 ], [ 12.88011, 53.17969 ], [ 12.912842, 53.195174 ], [ 12.929738, 53.194417 ], [ 12.919966, 53.186377 ], [ 12.942431, 53.185927 ], [ 12.937115, 53.194316 ], [ 12.964245, 53.200392 ], [ 12.979434, 53.190552 ], [ 12.941998, 53.174315 ], [ 12.961514, 53.177738 ], [ 12.980466, 53.162527 ], [ 13.004615, 53.166917 ], [ 13.020037, 53.17571 ], [ 13.018727, 53.185246 ], [ 13.042415, 53.196499 ], [ 13.079533, 53.200184 ], [ 13.08727, 53.2154 ], [ 13.106564, 53.215153 ], [ 13.103262, 53.23554 ], [ 13.109926, 53.240228 ], [ 13.132977, 53.237318 ], [ 13.152221, 53.251114 ], [ 13.15255, 53.246038 ], [ 13.181914, 53.250734 ], [ 13.202681, 53.222121 ], [ 13.229392, 53.216587 ], [ 13.251243, 53.24739 ], [ 13.243751, 53.248691 ], [ 13.252714, 53.262305 ], [ 13.275314, 53.265061 ], [ 13.297802, 53.280893 ], [ 13.337076, 53.273428 ], [ 13.360451, 53.277999 ], [ 13.386534, 53.244055 ], [ 13.405175, 53.246418 ], [ 13.407684, 53.262631 ], [ 13.442401, 53.286485 ], [ 13.434136, 53.289939 ], [ 13.438208, 53.299733 ], [ 13.456185, 53.297955 ], [ 13.461283, 53.288693 ], [ 13.483064, 53.291203 ], [ 13.507267, 53.316233 ], [ 13.502843, 53.327333 ], [ 13.510114, 53.317449 ], [ 13.523531, 53.320085 ], [ 13.525261, 53.35102 ], [ 13.516854, 53.352093 ], [ 13.525997, 53.366347 ], [ 13.543425, 53.364032 ], [ 13.55637, 53.376092 ], [ 13.550207, 53.380936 ], [ 13.556587, 53.391563 ], [ 13.546207, 53.394195 ], [ 13.550112, 53.399081 ], [ 13.610509, 53.413759 ], [ 13.625217, 53.409303 ], [ 13.636017, 53.423519 ], [ 13.628841, 53.432 ], [ 13.6373, 53.432584 ], [ 13.6405, 53.447239 ], [ 13.65129, 53.443691 ], [ 13.662562, 53.45774 ], [ 13.7154, 53.482261 ], [ 13.741373, 53.485807 ], [ 13.778939, 53.474215 ], [ 13.812079, 53.483944 ], [ 13.827102, 53.498714 ], [ 13.80146, 53.497956 ], [ 13.792463, 53.510942 ], [ 13.777657, 53.513705 ], [ 13.776376, 53.53129 ], [ 13.791347, 53.558578 ], [ 13.800571, 53.558255 ], [ 13.798463, 53.54569 ], [ 13.821728, 53.51811 ], [ 13.879268, 53.50414 ], [ 13.873925, 53.490595 ], [ 13.88459, 53.485337 ], [ 13.875592, 53.473466 ], [ 13.918213, 53.455998 ], [ 13.902894, 53.432025 ], [ 13.916373, 53.422266 ], [ 14.001217, 53.434992 ], [ 14.045604, 53.429425 ], [ 14.050578, 53.413988 ], [ 14.082224, 53.410912 ], [ 14.105426, 53.422426 ], [ 14.121844, 53.441708 ], [ 14.176962, 53.422867 ], [ 14.205911, 53.423027 ], [ 14.224661, 53.434248 ], [ 14.237712, 53.427342 ], [ 14.243144, 53.392321 ], [ 14.223407, 53.358563 ], [ 14.109653, 53.282638 ], [ 14.098817, 53.261672 ], [ 14.160239, 53.267811 ], [ 14.211058, 53.254814 ], [ 14.266048, 53.259595 ], [ 14.262189, 53.276602 ], [ 14.301854, 53.286224 ], [ 14.316569, 53.312336 ], [ 14.34866, 53.30997 ], [ 14.412381, 53.329593 ] ] ] ] } },
{ "type": "Feature", "properties": { "name": "Niedersachsen", "area": 47745.640520696696 }, "geometry": { "type": "MultiPolygon", "coordinates": [ [ [ [ 6.865542, 53.590933 ], [ 6.86238, 53.589826 ], [ 6.868922, 53.591893 ], [ 6.865542, 53.590933 ] ] ], [ [ [ 6.813623, 53.603321 ], [ 6.760059, 53.617684 ], [ 6.656499, 53.607933 ], [ 6.639255, 53.593373 ], [ 6.653968, 53.598484 ], [ 6.664621, 53.577925 ], [ 6.717831, 53.557097 ], [ 6.724827, 53.556071 ], [ 6.721123, 53.567734 ], [ 6.733128, 53.569566 ], [ 6.747385, 53.557399 ], [ 6.757661, 53.56762 ], [ 6.717595, 53.583521 ], [ 6.760923, 53.597624 ], [ 6.813623, 53.603321 ] ] ], [ [ [ 6.900066, 53.647818 ], [ 6.905671, 53.652241 ], [ 6.864974, 53.641555 ], [ 6.877563, 53.628381 ], [ 6.894435, 53.62578 ], [ 6.891464, 53.631691 ], [ 6.910214, 53.643757 ], [ 6.900066, 53.647818 ] ] ], [ [ [ 7.075789, 53.687022 ], [ 6.977641, 53.681404 ], [ 6.86333, 53.668802 ], [ 6.853593, 53.663317 ], [ 7.099753, 53.68095 ], [ 7.075789, 53.687022 ] ] ], [ [ [ 7.346951, 53.724166 ], [ 7.18715, 53.722802 ], [ 7.137296, 53.706976 ], [ 7.152756, 53.696877 ], [ 7.164608, 53.697553 ], [ 7.170356, 53.707853 ], [ 7.193784, 53.699104 ], [ 7.208766, 53.706599 ], [ 7.270238, 53.70369 ], [ 7.347222, 53.71666 ], [ 7.346951, 53.724166 ] ] ], [ [ [ 7.430014, 53.72418 ], [ 7.435036, 53.730701 ], [ 7.39386, 53.736137 ], [ 7.359472, 53.726907 ], [ 7.364279, 53.72032 ], [ 7.430014, 53.72418 ] ] ], [ [ [ 7.574251, 53.759218 ], [ 7.479802, 53.75436 ], [ 7.460545, 53.724801 ], [ 7.505414, 53.723683 ], [ 7.502006, 53.734463 ], [ 7.511634, 53.74326 ], [ 7.625549, 53.747154 ], [ 7.642708, 53.753611 ], [ 7.574251, 53.759218 ] ] ], [ [ [ 7.815403, 53.778051 ], [ 7.683397, 53.776444 ], [ 7.665431, 53.760026 ], [ 7.682719, 53.750929 ], [ 7.693718, 53.763121 ], [ 7.7674, 53.763788 ], [ 7.815403, 53.778051 ] ] ], [ [ [ 7.885377, 53.794553 ], [ 7.846275, 53.786976 ], [ 7.864773, 53.773067 ], [ 7.875558, 53.788576 ], [ 7.977988, 53.777421 ], [ 7.954793, 53.786971 ], [ 7.885377, 53.794553 ] ] ], [ [ [ 11.265732, 53.121978 ], [ 11.226407, 53.14328 ], [ 11.184574, 53.136421 ], [ 11.171862, 53.156644 ], [ 11.189082, 53.16562 ], [ 11.194111, 53.181186 ], [ 11.136704, 53.191842 ], [ 11.14499, 53.197779 ], [ 11.138487, 53.202505 ], [ 11.089324, 53.214641 ], [ 11.062258, 53.235453 ], [ 11.027572, 53.27894 ], [ 11.009456, 53.281479 ], [ 10.999076, 53.321024 ], [ 10.982661, 53.327536 ], [ 10.988001, 53.333427 ], [ 10.946762, 53.335606 ], [ 10.928245, 53.348118 ], [ 10.899241, 53.334196 ], [ 10.880321, 53.335527 ], [ 10.888029, 53.324382 ], [ 10.866043, 53.326912 ], [ 10.87024, 53.317716 ], [ 10.835806, 53.30497 ], [ 10.759654, 53.329987 ], [ 10.763085, 53.338851 ], [ 10.738086, 53.342344 ], [ 10.728462, 53.356674 ], [ 10.703123, 53.36942 ], [ 10.630704, 53.370773 ], [ 10.574325, 53.360196 ], [ 10.498919, 53.37446 ], [ 10.370534, 53.425919 ], [ 10.330768, 53.424967 ], [ 10.306326, 53.433057 ], [ 10.258646, 53.417785 ], [ 10.236568, 53.395754 ], [ 10.175689, 53.396583 ], [ 10.136396, 53.422232 ], [ 10.108736, 53.426674 ], [ 10.084602, 53.450401 ], [ 10.051811, 53.463919 ], [ 10.042038, 53.456808 ], [ 10.045739, 53.446741 ], [ 10.020945, 53.446863 ], [ 10.014613, 53.442201 ], [ 10.029273, 53.435164 ], [ 9.984433, 53.415414 ], [ 9.949212, 53.43095 ], [ 9.942016, 53.421052 ], [ 9.906566, 53.415791 ], [ 9.921486, 53.43655 ], [ 9.901584, 53.457323 ], [ 9.861543, 53.439543 ], [ 9.862387, 53.429877 ], [ 9.799804, 53.469637 ], [ 9.802426, 53.493252 ], [ 9.782232, 53.491464 ], [ 9.784525, 53.500012 ], [ 9.763794, 53.508107 ], [ 9.771585, 53.522756 ], [ 9.77832, 53.519461 ], [ 9.765442, 53.541115 ], [ 9.774389, 53.554323 ], [ 9.67576, 53.564689 ], [ 9.55063, 53.616014 ], [ 9.502181, 53.696805 ], [ 9.433311, 53.731978 ], [ 9.358718, 53.817903 ], [ 9.319524, 53.850836 ], [ 9.289728, 53.863351 ], [ 9.272733, 53.867663 ], [ 9.275123, 53.857269 ], [ 9.193717, 53.865811 ], [ 9.101771, 53.863481 ], [ 9.013168, 53.840239 ], [ 9.018513, 53.834841 ], [ 8.978509, 53.83996 ], [ 8.906159, 53.828788 ], [ 8.823256, 53.831119 ], [ 8.774858, 53.837422 ], [ 8.72885, 53.8567 ], [ 8.702246, 53.878711 ], [ 8.690275, 53.878061 ], [ 8.683228, 53.885848 ], [ 8.687173, 53.891908 ], [ 8.669285, 53.891666 ], [ 8.614914, 53.882118 ], [ 8.574624, 53.843423 ], [ 8.56606, 53.845958 ], [ 8.541967, 53.80714 ], [ 8.537743, 53.792141 ], [ 8.544716, 53.788874 ], [ 8.48279, 53.688183 ], [ 8.483953, 53.655913 ], [ 8.52041, 53.606205 ], [ 8.592283, 53.592933 ], [ 8.623296, 53.605333 ], [ 8.650632, 53.602565 ], [ 8.616803, 53.57437 ], [ 8.63086, 53.55569 ], [ 8.646354, 53.555546 ], [ 8.638656, 53.534954 ], [ 8.650555, 53.510782 ], [ 8.605905, 53.484234 ], [ 8.57376, 53.488643 ], [ 8.492652, 53.47242 ], [ 8.509038, 53.497644 ], [ 8.552684, 53.516176 ], [ 8.55071, 53.537542 ], [ 8.520775, 53.54708 ], [ 8.517614, 53.558301 ], [ 8.504078, 53.550688 ], [ 8.464465, 53.55247 ], [ 8.398862, 53.569125 ], [ 8.337981, 53.61155 ], [ 8.291096, 53.612921 ], [ 8.242973, 53.582398 ], [ 8.226916, 53.520084 ], [ 8.309415, 53.52282 ], [ 8.316887, 53.514599 ], [ 8.315575, 53.460194 ], [ 8.280469, 53.413374 ], [ 8.250797, 53.398551 ], [ 8.202859, 53.403399 ], [ 8.152211, 53.447977 ], [ 8.136145, 53.452674 ], [ 8.098999, 53.445677 ], [ 8.071311, 53.467432 ], [ 8.062259, 53.482526 ], [ 8.062341, 53.505668 ], [ 8.092632, 53.501915 ], [ 8.15433, 53.513555 ], [ 8.170975, 53.54047 ], [ 8.14236, 53.579668 ], [ 8.155599, 53.585753 ], [ 8.148864, 53.601832 ], [ 8.123346, 53.598609 ], [ 8.086671, 53.643638 ], [ 8.044694, 53.641408 ], [ 8.022062, 53.682906 ], [ 8.03213, 53.705278 ], [ 8.012121, 53.711704 ], [ 7.911923, 53.717833 ], [ 7.750001, 53.700401 ], [ 7.703839, 53.703518 ], [ 7.527114, 53.6715 ], [ 7.480576, 53.683211 ], [ 7.342867, 53.685506 ], [ 7.243065, 53.668539 ], [ 7.170177, 53.628868 ], [ 7.156217, 53.630172 ], [ 7.145168, 53.610995 ], [ 7.112405, 53.594822 ], [ 7.087065, 53.571467 ], [ 7.131756, 53.533408 ], [ 7.085946, 53.521426 ], [ 7.076756, 53.53274 ], [ 7.064619, 53.527671 ], [ 7.034145, 53.54567 ], [ 7.03677, 53.536308 ], [ 7.029007, 53.531983 ], [ 7.048688, 53.508072 ], [ 7.024108, 53.482371 ], [ 7.010322, 53.424076 ], [ 7.011055, 53.385299 ], [ 6.998089, 53.365334 ], [ 7.027581, 53.336494 ], [ 7.225655, 53.333768 ], [ 7.265761, 53.327197 ], [ 7.24506, 53.318298 ], [ 7.191116, 53.317602 ], [ 7.216927, 53.214465 ], [ 7.217365, 53.197708 ], [ 7.20796, 53.188484 ], [ 7.227095, 53.180489 ], [ 7.203743, 53.1765 ], [ 7.178938, 53.138143 ], [ 7.182865, 53.121709 ], [ 7.202794, 53.113282 ], [ 7.199255, 53.081019 ], [ 7.217281, 53.006984 ], [ 7.18157, 52.941304 ], [ 7.087324, 52.849929 ], [ 7.092692, 52.838201 ], [ 7.072045, 52.810874 ], [ 7.055577, 52.64337 ], [ 7.041867, 52.632681 ], [ 6.975804, 52.646257 ], [ 6.919652, 52.639841 ], [ 6.913953, 52.646675 ], [ 6.873112, 52.653117 ], [ 6.752644, 52.648133 ], [ 6.710086, 52.627319 ], [ 6.72714, 52.615051 ], [ 6.718713, 52.588684 ], [ 6.766622, 52.561513 ], [ 6.726181, 52.563212 ], [ 6.716081, 52.548571 ], [ 6.680868, 52.553336 ], [ 6.705367, 52.520264 ], [ 6.69772, 52.486345 ], [ 6.753103, 52.463797 ], [ 6.854308, 52.459599 ], [ 6.852613, 52.449943 ], [ 6.941684, 52.43549 ], [ 6.962381, 52.444047 ], [ 6.977563, 52.465477 ], [ 6.991803, 52.467453 ], [ 7.010889, 52.429073 ], [ 7.035835, 52.402526 ], [ 7.058798, 52.399332 ], [ 7.072192, 52.373412 ], [ 7.072174, 52.352266 ], [ 7.026305, 52.287444 ], [ 7.042445, 52.256103 ], [ 7.065868, 52.241259 ], [ 7.101885, 52.243487 ], [ 7.121248, 52.261078 ], [ 7.153168, 52.266513 ], [ 7.29789, 52.263975 ], [ 7.317481, 52.280272 ], [ 7.361555, 52.288312 ], [ 7.38648, 52.309304 ], [ 7.427224, 52.314013 ], [ 7.437776, 52.333357 ], [ 7.504727, 52.360844 ], [ 7.582104, 52.376404 ], [ 7.571322, 52.381235 ], [ 7.602719, 52.421031 ], [ 7.564311, 52.432312 ], [ 7.60423, 52.47509 ], [ 7.688382, 52.453673 ], [ 7.713825, 52.401002 ], [ 7.807089, 52.371427 ], [ 7.843036, 52.369028 ], [ 7.89177, 52.380513 ], [ 7.93667, 52.364977 ], [ 7.94201, 52.347569 ], [ 7.953497, 52.347221 ], [ 7.948564, 52.335128 ], [ 7.990608, 52.30954 ], [ 7.98724, 52.303584 ], [ 7.93179, 52.301846 ], [ 7.930762, 52.286422 ], [ 7.956465, 52.272491 ], [ 7.925624, 52.262814 ], [ 7.928135, 52.230101 ], [ 7.899769, 52.208069 ], [ 7.902993, 52.198869 ], [ 7.912949, 52.185135 ], [ 7.933987, 52.176922 ], [ 7.974333, 52.17113 ], [ 8.007512, 52.175957 ], [ 8.025189, 52.16351 ], [ 7.997386, 52.15448 ], [ 8.007796, 52.115333 ], [ 7.971769, 52.115983 ], [ 7.958075, 52.10524 ], [ 7.885159, 52.083302 ], [ 7.920705, 52.057997 ], [ 7.916921, 52.051637 ], [ 7.981102, 52.03551 ], [ 7.993717, 52.049636 ], [ 8.032748, 52.068441 ], [ 8.087008, 52.06453 ], [ 8.096448, 52.057145 ], [ 8.151527, 52.076364 ], [ 8.192495, 52.072619 ], [ 8.208914, 52.096774 ], [ 8.245896, 52.121397 ], [ 8.262539, 52.120378 ], [ 8.266732, 52.132281 ], [ 8.28715, 52.135172 ], [ 8.28525, 52.125488 ], [ 8.311215, 52.118329 ], [ 8.323918, 52.125922 ], [ 8.363706, 52.118353 ], [ 8.373228, 52.109812 ], [ 8.404937, 52.111489 ], [ 8.410628, 52.115773 ], [ 8.404652, 52.129957 ], [ 8.412882, 52.137606 ], [ 8.481537, 52.159885 ], [ 8.517437, 52.18495 ], [ 8.460188, 52.195955 ], [ 8.442392, 52.213307 ], [ 8.461092, 52.229113 ], [ 8.459848, 52.242801 ], [ 8.468063, 52.247114 ], [ 8.458797, 52.258185 ], [ 8.466186, 52.267614 ], [ 8.457972, 52.301997 ], [ 8.472149, 52.315364 ], [ 8.460649, 52.318732 ], [ 8.442615, 52.35901 ], [ 8.393053, 52.384638 ], [ 8.314039, 52.405728 ], [ 8.322903, 52.41073 ], [ 8.315882, 52.412523 ], [ 8.322037, 52.426162 ], [ 8.311724, 52.436357 ], [ 8.303993, 52.434309 ], [ 8.308313, 52.444726 ], [ 8.297214, 52.456498 ], [ 8.345691, 52.452823 ], [ 8.359687, 52.444031 ], [ 8.400104, 52.450927 ], [ 8.418135, 52.444422 ], [ 8.45429, 52.461007 ], [ 8.458861, 52.491672 ], [ 8.508849, 52.514693 ], [ 8.556858, 52.499096 ], [ 8.65255, 52.531443 ], [ 8.671481, 52.517395 ], [ 8.690314, 52.518775 ], [ 8.684122, 52.514395 ], [ 8.702062, 52.503473 ], [ 8.698549, 52.486698 ], [ 8.709323, 52.477036 ], [ 8.710709, 52.463698 ], [ 8.703326, 52.443195 ], [ 8.718081, 52.429363 ], [ 8.704834, 52.418694 ], [ 8.707486, 52.395351 ], [ 8.715236, 52.392569 ], [ 8.724914, 52.400929 ], [ 8.746087, 52.387872 ], [ 8.786784, 52.398706 ], [ 8.855101, 52.389234 ], [ 8.889183, 52.395981 ], [ 8.89246, 52.405709 ], [ 8.937105, 52.401906 ], [ 8.946065, 52.413527 ], [ 8.941128, 52.416323 ], [ 8.957962, 52.416161 ], [ 8.962193, 52.424996 ], [ 8.987056, 52.432516 ], [ 8.979176, 52.436261 ], [ 8.986727, 52.445514 ], [ 8.978418, 52.450722 ], [ 9.017038, 52.46017 ], [ 9.02295, 52.477262 ], [ 9.044076, 52.482646 ], [ 9.052294, 52.500114 ], [ 9.09942, 52.497478 ], [ 9.136709, 52.475546 ], [ 9.123289, 52.47461 ], [ 9.125618, 52.468296 ], [ 9.102923, 52.456926 ], [ 9.09453, 52.442824 ], [ 9.110523, 52.435427 ], [ 9.109809, 52.421873 ], [ 9.123767, 52.421548 ], [ 9.121596, 52.401662 ], [ 9.095461, 52.386662 ], [ 9.098799, 52.372948 ], [ 9.08366, 52.354789 ], [ 9.059175, 52.346861 ], [ 9.057925, 52.339577 ], [ 9.027357, 52.345611 ], [ 9.018908, 52.330988 ], [ 8.998321, 52.326215 ], [ 8.988077, 52.287569 ], [ 8.963537, 52.279027 ], [ 8.978577, 52.274792 ], [ 8.97487, 52.262555 ], [ 9.076616, 52.233437 ], [ 9.051748, 52.220213 ], [ 9.03576, 52.224525 ], [ 9.034065, 52.21764 ], [ 9.045856, 52.210785 ], [ 9.045349, 52.183773 ], [ 9.021111, 52.183836 ], [ 9.01359, 52.195375 ], [ 9.006991, 52.189517 ], [ 8.994036, 52.196138 ], [ 8.985834, 52.194599 ], [ 9.021603, 52.171999 ], [ 9.012669, 52.162411 ], [ 9.017539, 52.147744 ], [ 9.011016, 52.13577 ], [ 9.071615, 52.148259 ], [ 9.067803, 52.140252 ], [ 9.107039, 52.132385 ], [ 9.129796, 52.139746 ], [ 9.153344, 52.129147 ], [ 9.159335, 52.11984 ], [ 9.135863, 52.105837 ], [ 9.132978, 52.096629 ], [ 9.155605, 52.09783 ], [ 9.154689, 52.091792 ], [ 9.176087, 52.086117 ], [ 9.193281, 52.070311 ], [ 9.174432, 52.060427 ], [ 9.172169, 52.047371 ], [ 9.197353, 52.011671 ], [ 9.179262, 52.00269 ], [ 9.196794, 51.996917 ], [ 9.176231, 51.980353 ], [ 9.187813, 51.972816 ], [ 9.18582, 51.966181 ], [ 9.208896, 51.959855 ], [ 9.216922, 51.973624 ], [ 9.274375, 51.973604 ], [ 9.286324, 51.95711 ], [ 9.263913, 51.948054 ], [ 9.27707, 51.943853 ], [ 9.272069, 51.932304 ], [ 9.286738, 51.921048 ], [ 9.315183, 51.922668 ], [ 9.340842, 51.908002 ], [ 9.344327, 51.880201 ], [ 9.335757, 51.856052 ], [ 9.323344, 51.855061 ], [ 9.3347, 51.853611 ], [ 9.362866, 51.864879 ], [ 9.404902, 51.855593 ], [ 9.459649, 51.862797 ], [ 9.460285, 51.85467 ], [ 9.433315, 51.840666 ], [ 9.442178, 51.829221 ], [ 9.42733, 51.810492 ], [ 9.440817, 51.803452 ], [ 9.436367, 51.797015 ], [ 9.448157, 51.794799 ], [ 9.402697, 51.759372 ], [ 9.384336, 51.757851 ], [ 9.375365, 51.743614 ], [ 9.394416, 51.731971 ], [ 9.387318, 51.71939 ], [ 9.401665, 51.701656 ], [ 9.386923, 51.689822 ], [ 9.395688, 51.673989 ], [ 9.379389, 51.665927 ], [ 9.374662, 51.649846 ], [ 9.453276, 51.645749 ], [ 9.494613, 51.657363 ], [ 9.49193, 51.634722 ], [ 9.51633, 51.626191 ], [ 9.543631, 51.639867 ], [ 9.570708, 51.62472 ], [ 9.625999, 51.636914 ], [ 9.637835, 51.608805 ], [ 9.688081, 51.580002 ], [ 9.684004, 51.566533 ], [ 9.630463, 51.583847 ], [ 9.626494, 51.570089 ], [ 9.647755, 51.552511 ], [ 9.622443, 51.548673 ], [ 9.60931, 51.556905 ], [ 9.62195, 51.541867 ], [ 9.620297, 51.532514 ], [ 9.585751, 51.517318 ], [ 9.619587, 51.481029 ], [ 9.643308, 51.470038 ], [ 9.630149, 51.458209 ], [ 9.627621, 51.444209 ], [ 9.643582, 51.418261 ], [ 9.630582, 51.406106 ], [ 9.578518, 51.401411 ], [ 9.559337, 51.379234 ], [ 9.576746, 51.369294 ], [ 9.548441, 51.358955 ], [ 9.568025, 51.340001 ], [ 9.581657, 51.342196 ], [ 9.604435, 51.325556 ], [ 9.621252, 51.327788 ], [ 9.632079, 51.326339 ], [ 9.638543, 51.322392 ], [ 9.632933, 51.324429 ], [ 9.628524, 51.311903 ], [ 9.669386, 51.317711 ], [ 9.732304, 51.295232 ], [ 9.7682, 51.306726 ], [ 9.775202, 51.325196 ], [ 9.76351, 51.325339 ], [ 9.772456, 51.336291 ], [ 9.738248, 51.319429 ], [ 9.702144, 51.364572 ], [ 9.738459, 51.369213 ], [ 9.765861, 51.385978 ], [ 9.80145, 51.386915 ], [ 9.794137, 51.40716 ], [ 9.81627, 51.410466 ], [ 9.840637, 51.402642 ], [ 9.840107, 51.383593 ], [ 9.865276, 51.371613 ], [ 9.850743, 51.414414 ], [ 9.868535, 51.413791 ], [ 9.878315, 51.404477 ], [ 9.883152, 51.414966 ], [ 9.906021, 51.421139 ], [ 9.913393, 51.410631 ], [ 9.907043, 51.407711 ], [ 9.931109, 51.392733 ], [ 9.928339, 51.375299 ], [ 9.965943, 51.395477 ], [ 10.000375, 51.403655 ], [ 10.009329, 51.420604 ], [ 10.037844, 51.420005 ], [ 10.051442, 51.430321 ], [ 10.046803, 51.436673 ], [ 10.058782, 51.434893 ], [ 10.069108, 51.418438 ], [ 10.080108, 51.43456 ], [ 10.150399, 51.429425 ], [ 10.140005, 51.442614 ], [ 10.174306, 51.446256 ], [ 10.186012, 51.462174 ], [ 10.178252, 51.470016 ], [ 10.201975, 51.48652 ], [ 10.218202, 51.47854 ], [ 10.216946, 51.470075 ], [ 10.235878, 51.471428 ], [ 10.244678, 51.483735 ], [ 10.29967, 51.493896 ], [ 10.308818, 51.51514 ], [ 10.342275, 51.519497 ], [ 10.348125, 51.532173 ], [ 10.367664, 51.543036 ], [ 10.372185, 51.552993 ], [ 10.365365, 51.555891 ], [ 10.378624, 51.562707 ], [ 10.378791, 51.579381 ], [ 10.370023, 51.587536 ], [ 10.444382, 51.589656 ], [ 10.495696, 51.572788 ], [ 10.518974, 51.553763 ], [ 10.560269, 51.557068 ], [ 10.604264, 51.579575 ], [ 10.636525, 51.562227 ], [ 10.660745, 51.560752 ], [ 10.666307, 51.578099 ], [ 10.638675, 51.584117 ], [ 10.634445, 51.594306 ], [ 10.633496, 51.607903 ], [ 10.649001, 51.606514 ], [ 10.63821, 51.619437 ], [ 10.682481, 51.628917 ], [ 10.677283, 51.638376 ], [ 10.701372, 51.642188 ], [ 10.670507, 51.666913 ], [ 10.66306, 51.691212 ], [ 10.672617, 51.696966 ], [ 10.668307, 51.709908 ], [ 10.642023, 51.72529 ], [ 10.626097, 51.759017 ], [ 10.5912, 51.768988 ], [ 10.574174, 51.811127 ], [ 10.58843, 51.835786 ], [ 10.579101, 51.848257 ], [ 10.602615, 51.854545 ], [ 10.649322, 51.889105 ], [ 10.648215, 51.908245 ], [ 10.613314, 51.921515 ], [ 10.61326, 51.939468 ], [ 10.651304, 51.957561 ], [ 10.641704, 51.962628 ], [ 10.619941, 51.957679 ], [ 10.619617, 51.966936 ], [ 10.606237, 51.968666 ], [ 10.606233, 51.977287 ], [ 10.58569, 51.97623 ], [ 10.586779, 51.982732 ], [ 10.561227, 52.004066 ], [ 10.59228, 52.014204 ], [ 10.600194, 52.007166 ], [ 10.62602, 52.008198 ], [ 10.621436, 52.010334 ], [ 10.655492, 52.024687 ], [ 10.647887, 52.041721 ], [ 10.687385, 52.048138 ], [ 10.759893, 52.045085 ], [ 10.851442, 52.050337 ], [ 10.878944, 52.059203 ], [ 10.964415, 52.056643 ], [ 10.97305, 52.073124 ], [ 10.970653, 52.086265 ], [ 10.942005, 52.094363 ], [ 10.94216, 52.10309 ], [ 10.976878, 52.105729 ], [ 11.01747, 52.12826 ], [ 11.044135, 52.133666 ], [ 11.045039, 52.143554 ], [ 11.060428, 52.153474 ], [ 11.054618, 52.160256 ], [ 11.060337, 52.172387 ], [ 11.019245, 52.178087 ], [ 11.013647, 52.199556 ], [ 11.02458, 52.201096 ], [ 11.029448, 52.211448 ], [ 11.077185, 52.218677 ], [ 11.086244, 52.228634 ], [ 11.073268, 52.24324 ], [ 11.058907, 52.240652 ], [ 11.052168, 52.267364 ], [ 11.029067, 52.270121 ], [ 11.013801, 52.286649 ], [ 11.039223, 52.301672 ], [ 11.036015, 52.310396 ], [ 11.011617, 52.328241 ], [ 11.001077, 52.327481 ], [ 11.002083, 52.336585 ], [ 10.987912, 52.335016 ], [ 10.983674, 52.341686 ], [ 11.057474, 52.350333 ], [ 11.068684, 52.355478 ], [ 11.067, 52.369877 ], [ 11.07448, 52.374403 ], [ 11.046753, 52.38787 ], [ 11.01516, 52.388107 ], [ 11.018695, 52.397042 ], [ 11.005579, 52.408872 ], [ 10.933746, 52.460952 ], [ 10.934585, 52.476174 ], [ 10.949994, 52.495606 ], [ 10.97484, 52.501363 ], [ 11.008782, 52.496748 ], [ 10.958992, 52.535554 ], [ 10.937576, 52.5674 ], [ 10.947436, 52.58255 ], [ 10.939817, 52.589573 ], [ 10.975629, 52.606825 ], [ 10.976968, 52.624142 ], [ 10.921412, 52.610437 ], [ 10.925026, 52.614597 ], [ 10.904378, 52.627467 ], [ 10.877759, 52.663832 ], [ 10.837507, 52.69581 ], [ 10.829703, 52.716135 ], [ 10.796697, 52.714326 ], [ 10.788176, 52.733172 ], [ 10.791666, 52.748197 ], [ 10.776208, 52.754789 ], [ 10.755321, 52.78483 ], [ 10.761744, 52.802726 ], [ 10.756946, 52.819775 ], [ 10.771729, 52.833946 ], [ 10.764697, 52.840479 ], [ 10.866102, 52.855726 ], [ 10.884684, 52.845796 ], [ 10.895667, 52.856373 ], [ 10.939634, 52.853336 ], [ 10.968082, 52.879321 ], [ 10.985508, 52.882033 ], [ 10.992573, 52.906457 ], [ 11.002076, 52.911477 ], [ 11.098676, 52.912877 ], [ 11.093187, 52.899471 ], [ 11.106406, 52.896223 ], [ 11.155258, 52.906211 ], [ 11.220645, 52.897666 ], [ 11.241126, 52.879018 ], [ 11.290662, 52.889126 ], [ 11.295411, 52.874907 ], [ 11.31425, 52.878236 ], [ 11.384778, 52.903578 ], [ 11.406578, 52.904102 ], [ 11.470062, 52.938926 ], [ 11.505027, 52.941033 ], [ 11.492343, 52.959663 ], [ 11.512491, 53.007445 ], [ 11.556417, 52.998666 ], [ 11.560444, 53.0038 ], [ 11.55209, 53.004728 ], [ 11.55925, 53.01308 ], [ 11.598078, 53.034548 ], [ 11.548104, 53.052393 ], [ 11.502138, 53.050122 ], [ 11.448379, 53.078382 ], [ 11.338867, 53.055099 ], [ 11.273159, 53.097219 ], [ 11.265732, 53.121978 ] ], [ [ 8.613038, 53.198566 ], [ 8.615218, 53.195911 ], [ 8.611903, 53.197442 ], [ 8.613038, 53.198566 ] ], [ [ 8.504608, 53.228919 ], [ 8.553699, 53.207806 ], [ 8.578478, 53.21727 ], [ 8.599039, 53.212546 ], [ 8.581098, 53.198707 ], [ 8.580352, 53.190028 ], [ 8.593251, 53.183634 ], [ 8.627994, 53.198372 ], [ 8.663828, 53.176244 ], [ 8.699358, 53.185479 ], [ 8.706293, 53.175421 ], [ 8.714396, 53.183002 ], [ 8.728652, 53.180224 ], [ 8.743082, 53.172277 ], [ 8.741246, 53.164636 ], [ 8.775396, 53.158684 ], [ 8.829227, 53.164376 ], [ 8.864023, 53.131724 ], [ 8.90393, 53.138176 ], [ 8.912143, 53.132619 ], [ 8.920908, 53.144654 ], [ 8.945083, 53.152013 ], [ 8.984185, 53.126071 ], [ 8.947018, 53.116101 ], [ 8.962989, 53.100299 ], [ 8.990913, 53.096673 ], [ 8.961377, 53.085218 ], [ 8.963729, 53.057426 ], [ 8.980267, 53.046747 ], [ 8.93813, 53.024986 ], [ 8.935916, 53.013667 ], [ 8.915827, 53.011021 ], [ 8.891157, 53.01539 ], [ 8.867235, 53.033004 ], [ 8.867006, 53.040833 ], [ 8.861867, 53.036178 ], [ 8.866756, 53.022117 ], [ 8.850792, 53.016608 ], [ 8.849841, 53.023371 ], [ 8.822005, 53.021267 ], [ 8.778298, 53.039667 ], [ 8.770705, 53.053407 ], [ 8.756271, 53.038781 ], [ 8.731492, 53.034933 ], [ 8.709801, 53.046018 ], [ 8.709155, 53.075908 ], [ 8.666494, 53.091559 ], [ 8.669831, 53.102975 ], [ 8.654899, 53.108865 ], [ 8.657681, 53.118492 ], [ 8.651967, 53.116445 ], [ 8.631067, 53.138176 ], [ 8.619465, 53.167521 ], [ 8.504712, 53.200786 ], [ 8.481735, 53.22645 ], [ 8.504608, 53.228919 ] ], [ [ 8.643769, 53.605473 ], [ 8.653535, 53.610051 ], [ 8.660884, 53.607086 ], [ 8.643769, 53.605473 ] ] ] ] } },
{ "type": "Feature", "properties": { "name": "Nordrhein-Westfalen", "area": 34110.754465325204 }, "geometry": { "type": "MultiPolygon", "coordinates": [ [ [ [ 6.205109, 50.521969 ], [ 6.195291, 50.530981 ], [ 6.187262, 50.52709 ], [ 6.192201, 50.521056 ], [ 6.205109, 50.521969 ] ] ], [ [ [ 9.440457, 51.650394 ], [ 9.374662, 51.649846 ], [ 9.379389, 51.665927 ], [ 9.395688, 51.673989 ], [ 9.386923, 51.689822 ], [ 9.401665, 51.701656 ], [ 9.387318, 51.71939 ], [ 9.394416, 51.731971 ], [ 9.375365, 51.743614 ], [ 9.384336, 51.757851 ], [ 9.402697, 51.759372 ], [ 9.448157, 51.794799 ], [ 9.436367, 51.797015 ], [ 9.440817, 51.803452 ], [ 9.42733, 51.810492 ], [ 9.442178, 51.829221 ], [ 9.433315, 51.840666 ], [ 9.460285, 51.85467 ], [ 9.459649, 51.862797 ], [ 9.404902, 51.855593 ], [ 9.362866, 51.864879 ], [ 9.3347, 51.853611 ], [ 9.323344, 51.855061 ], [ 9.335757, 51.856052 ], [ 9.344327, 51.880201 ], [ 9.340842, 51.908002 ], [ 9.315183, 51.922668 ], [ 9.286738, 51.921048 ], [ 9.272069, 51.932304 ], [ 9.27707, 51.943853 ], [ 9.263913, 51.948054 ], [ 9.286324, 51.95711 ], [ 9.274375, 51.973604 ], [ 9.216922, 51.973624 ], [ 9.208896, 51.959855 ], [ 9.18582, 51.966181 ], [ 9.187813, 51.972816 ], [ 9.176231, 51.980353 ], [ 9.196794, 51.996917 ], [ 9.179262, 52.00269 ], [ 9.197353, 52.011671 ], [ 9.172169, 52.047371 ], [ 9.174432, 52.060427 ], [ 9.193281, 52.070311 ], [ 9.176087, 52.086117 ], [ 9.154689, 52.091792 ], [ 9.155605, 52.09783 ], [ 9.132978, 52.096629 ], [ 9.135863, 52.105837 ], [ 9.159335, 52.11984 ], [ 9.153344, 52.129147 ], [ 9.129796, 52.139746 ], [ 9.09914, 52.133021 ], [ 9.067803, 52.140252 ], [ 9.071615, 52.148259 ], [ 9.063024, 52.148469 ], [ 9.017792, 52.132427 ], [ 9.011016, 52.13577 ], [ 9.017539, 52.147744 ], [ 9.012669, 52.162411 ], [ 9.021603, 52.171999 ], [ 8.985834, 52.194599 ], [ 9.006991, 52.189517 ], [ 9.01359, 52.195375 ], [ 9.021111, 52.183836 ], [ 9.045349, 52.183773 ], [ 9.045856, 52.210785 ], [ 9.034065, 52.21764 ], [ 9.03576, 52.224525 ], [ 9.051748, 52.220213 ], [ 9.076449, 52.232578 ], [ 8.97487, 52.262555 ], [ 8.978577, 52.274792 ], [ 8.963537, 52.279027 ], [ 8.988077, 52.287569 ], [ 8.998321, 52.326215 ], [ 9.018908, 52.330988 ], [ 9.027357, 52.345611 ], [ 9.057925, 52.339577 ], [ 9.059175, 52.346861 ], [ 9.085111, 52.355858 ], [ 9.098799, 52.372948 ], [ 9.095461, 52.386662 ], [ 9.117432, 52.397147 ], [ 9.125252, 52.411993 ], [ 9.123767, 52.421548 ], [ 9.105946, 52.425183 ], [ 9.110523, 52.435427 ], [ 9.09453, 52.442824 ], [ 9.102923, 52.456926 ], [ 9.125618, 52.468296 ], [ 9.123289, 52.47461 ], [ 9.136709, 52.475546 ], [ 9.131974, 52.483983 ], [ 9.112376, 52.485782 ], [ 9.09942, 52.497478 ], [ 9.052656, 52.500298 ], [ 9.044076, 52.482646 ], [ 9.02295, 52.477262 ], [ 9.017038, 52.46017 ], [ 8.978418, 52.450722 ], [ 8.986727, 52.445514 ], [ 8.979176, 52.436261 ], [ 8.987056, 52.432516 ], [ 8.962193, 52.424996 ], [ 8.957962, 52.416161 ], [ 8.941128, 52.416323 ], [ 8.946065, 52.413527 ], [ 8.937105, 52.401906 ], [ 8.89246, 52.405709 ], [ 8.889183, 52.395981 ], [ 8.855101, 52.389234 ], [ 8.786784, 52.398706 ], [ 8.746087, 52.387872 ], [ 8.724914, 52.400929 ], [ 8.715236, 52.392569 ], [ 8.707486, 52.395351 ], [ 8.704834, 52.418694 ], [ 8.718081, 52.429363 ], [ 8.703326, 52.443195 ], [ 8.710709, 52.463698 ], [ 8.709323, 52.477036 ], [ 8.698549, 52.486698 ], [ 8.702062, 52.503473 ], [ 8.684122, 52.514395 ], [ 8.690314, 52.518775 ], [ 8.671481, 52.517395 ], [ 8.65255, 52.531443 ], [ 8.556858, 52.499096 ], [ 8.508849, 52.514693 ], [ 8.458861, 52.491672 ], [ 8.45429, 52.461007 ], [ 8.418135, 52.444422 ], [ 8.400104, 52.450927 ], [ 8.359687, 52.444031 ], [ 8.303433, 52.459005 ], [ 8.297214, 52.456498 ], [ 8.308313, 52.444726 ], [ 8.303993, 52.434309 ], [ 8.311724, 52.436357 ], [ 8.322037, 52.426162 ], [ 8.315882, 52.412523 ], [ 8.322903, 52.41073 ], [ 8.314039, 52.405728 ], [ 8.393053, 52.384638 ], [ 8.442615, 52.35901 ], [ 8.460649, 52.318732 ], [ 8.472149, 52.315364 ], [ 8.457972, 52.301997 ], [ 8.466186, 52.267614 ], [ 8.458797, 52.258185 ], [ 8.468063, 52.247114 ], [ 8.459848, 52.242801 ], [ 8.461092, 52.229113 ], [ 8.442392, 52.213307 ], [ 8.460188, 52.195955 ], [ 8.517437, 52.18495 ], [ 8.481537, 52.159885 ], [ 8.412882, 52.137606 ], [ 8.404652, 52.129957 ], [ 8.410628, 52.115773 ], [ 8.404937, 52.111489 ], [ 8.373228, 52.109812 ], [ 8.363706, 52.118353 ], [ 8.323918, 52.125922 ], [ 8.311215, 52.118329 ], [ 8.28525, 52.125488 ], [ 8.28715, 52.135172 ], [ 8.266732, 52.132281 ], [ 8.262539, 52.120378 ], [ 8.245896, 52.121397 ], [ 8.208914, 52.096774 ], [ 8.192495, 52.072619 ], [ 8.151527, 52.076364 ], [ 8.096448, 52.057145 ], [ 8.087008, 52.06453 ], [ 8.032748, 52.068441 ], [ 7.993717, 52.049636 ], [ 7.981102, 52.03551 ], [ 7.916921, 52.051637 ], [ 7.920705, 52.057997 ], [ 7.885163, 52.083535 ], [ 7.958075, 52.10524 ], [ 7.971769, 52.115983 ], [ 8.007796, 52.115333 ], [ 7.997386, 52.15448 ], [ 8.023015, 52.16018 ], [ 8.016978, 52.172051 ], [ 7.933987, 52.176922 ], [ 7.912949, 52.185135 ], [ 7.89984, 52.206829 ], [ 7.926551, 52.226512 ], [ 7.925624, 52.262814 ], [ 7.956465, 52.272491 ], [ 7.930762, 52.286422 ], [ 7.93179, 52.301846 ], [ 7.98724, 52.303584 ], [ 7.990608, 52.30954 ], [ 7.948564, 52.335128 ], [ 7.953497, 52.347221 ], [ 7.94201, 52.347569 ], [ 7.93667, 52.364977 ], [ 7.89177, 52.380513 ], [ 7.843036, 52.369028 ], [ 7.807089, 52.371427 ], [ 7.713825, 52.401002 ], [ 7.688382, 52.453673 ], [ 7.60423, 52.47509 ], [ 7.564311, 52.432312 ], [ 7.602719, 52.421031 ], [ 7.571322, 52.381235 ], [ 7.582104, 52.376404 ], [ 7.504727, 52.360844 ], [ 7.437776, 52.333357 ], [ 7.427224, 52.314013 ], [ 7.38648, 52.309304 ], [ 7.361555, 52.288312 ], [ 7.317481, 52.280272 ], [ 7.29789, 52.263975 ], [ 7.153168, 52.266513 ], [ 7.121248, 52.261078 ], [ 7.105451, 52.244584 ], [ 7.065868, 52.241259 ], [ 7.03897, 52.227647 ], [ 6.989197, 52.226859 ], [ 6.951316, 52.181007 ], [ 6.906802, 52.175176 ], [ 6.880446, 52.155995 ], [ 6.873352, 52.130201 ], [ 6.855393, 52.120434 ], [ 6.76063, 52.118723 ], [ 6.755072, 52.0949 ], [ 6.744523, 52.093084 ], [ 6.751216, 52.085493 ], [ 6.735591, 52.074678 ], [ 6.694653, 52.069803 ], [ 6.687726, 52.039899 ], [ 6.752642, 52.028647 ], [ 6.807751, 51.994999 ], [ 6.826574, 51.993532 ], [ 6.832877, 51.971842 ], [ 6.828513, 51.964067 ], [ 6.798644, 51.958818 ], [ 6.788895, 51.92965 ], [ 6.732607, 51.898707 ], [ 6.721664, 51.896175 ], [ 6.684231, 51.917618 ], [ 6.560401, 51.882101 ], [ 6.544463, 51.88467 ], [ 6.472576, 51.853808 ], [ 6.451068, 51.865314 ], [ 6.432407, 51.859394 ], [ 6.390816, 51.873934 ], [ 6.388057, 51.861952 ], [ 6.40919, 51.852332 ], [ 6.402422, 51.844569 ], [ 6.40778, 51.828092 ], [ 6.401752, 51.827292 ], [ 6.36294, 51.83623 ], [ 6.360171, 51.845796 ], [ 6.346812, 51.850647 ], [ 6.306561, 51.849215 ], [ 6.298936, 51.867895 ], [ 6.279518, 51.874084 ], [ 6.215439, 51.867796 ], [ 6.185243, 51.881502 ], [ 6.181898, 51.885904 ], [ 6.191121, 51.891645 ], [ 6.169564, 51.901341 ], [ 6.118047, 51.90167 ], [ 6.103341, 51.892617 ], [ 6.137377, 51.885585 ], [ 6.14451, 51.869859 ], [ 6.166815, 51.86097 ], [ 6.166408, 51.840835 ], [ 6.099342, 51.849486 ], [ 6.063382, 51.865444 ], [ 6.051808, 51.856632 ], [ 6.055267, 51.852304 ], [ 6.03501, 51.842865 ], [ 5.993682, 51.83083 ], [ 5.96289, 51.836792 ], [ 5.94503, 51.823656 ], [ 5.957807, 51.817156 ], [ 5.948134, 51.811293 ], [ 5.978174, 51.797232 ], [ 5.974579, 51.785046 ], [ 5.990532, 51.783188 ], [ 5.982323, 51.773669 ], [ 5.990529, 51.766245 ], [ 5.952022, 51.749099 ], [ 5.955123, 51.738065 ], [ 5.992463, 51.738585 ], [ 6.029084, 51.725679 ], [ 6.044985, 51.71698 ], [ 6.026396, 51.709278 ], [ 6.030723, 51.677113 ], [ 6.11824, 51.656086 ], [ 6.093984, 51.622132 ], [ 6.091235, 51.605909 ], [ 6.157022, 51.566678 ], [ 6.17702, 51.538665 ], [ 6.212085, 51.513378 ], [ 6.223172, 51.468932 ], [ 6.20522, 51.399518 ], [ 6.226379, 51.399657 ], [ 6.214416, 51.389629 ], [ 6.22613, 51.360518 ], [ 6.18984, 51.33935 ], [ 6.193071, 51.334732 ], [ 6.168623, 51.332949 ], [ 6.124481, 51.274585 ], [ 6.072657, 51.242587 ], [ 6.085776, 51.222605 ], [ 6.067974, 51.220514 ], [ 6.073338, 51.182967 ], [ 6.082306, 51.171638 ], [ 6.100093, 51.169971 ], [ 6.165018, 51.194361 ], [ 6.180699, 51.186425 ], [ 6.138811, 51.173333 ], [ 6.175415, 51.15848 ], [ 6.163407, 51.148841 ], [ 6.091868, 51.134974 ], [ 6.087061, 51.124628 ], [ 6.060306, 51.115932 ], [ 6.037469, 51.097035 ], [ 5.997787, 51.084259 ], [ 5.969847, 51.060606 ], [ 5.968971, 51.046653 ], [ 5.957888, 51.03471 ], [ 5.938115, 51.035141 ], [ 5.91317, 51.066731 ], [ 5.892345, 51.053228 ], [ 5.86625, 51.051204 ], [ 5.878026, 51.037545 ], [ 5.878665, 51.018141 ], [ 5.905518, 51.00216 ], [ 5.903813, 50.987495 ], [ 5.892668, 50.980347 ], [ 5.897198, 50.974845 ], [ 5.955159, 50.988406 ], [ 5.968204, 50.97947 ], [ 6.026435, 50.983274 ], [ 6.005264, 50.956836 ], [ 6.016799, 50.952512 ], [ 6.01816, 50.934437 ], [ 6.050868, 50.929995 ], [ 6.056662, 50.921772 ], [ 6.093925, 50.921325 ], [ 6.075313, 50.8934 ], [ 6.08819, 50.872434 ], [ 6.07398, 50.84678 ], [ 6.05484, 50.857354 ], [ 6.018875, 50.846274 ], [ 6.025051, 50.814164 ], [ 6.003484, 50.801314 ], [ 5.984027, 50.810085 ], [ 5.974861, 50.797973 ], [ 6.027799, 50.773734 ], [ 6.018324, 50.763172 ], [ 6.021394, 50.753114 ], [ 6.040481, 50.745513 ], [ 6.033151, 50.730985 ], [ 6.03903, 50.718378 ], [ 6.044563, 50.72836 ], [ 6.115294, 50.722114 ], [ 6.165281, 50.66279 ], [ 6.188023, 50.665145 ], [ 6.195539, 50.662931 ], [ 6.197131, 50.656737 ], [ 6.183974, 50.647112 ], [ 6.187662, 50.64111 ], [ 6.219733, 50.64121 ], [ 6.231505, 50.649983 ], [ 6.266895, 50.641528 ], [ 6.273983, 50.628206 ], [ 6.247746, 50.603709 ], [ 6.236761, 50.566253 ], [ 6.225795, 50.554462 ], [ 6.211951, 50.553768 ], [ 6.196995, 50.531032 ], [ 6.20716, 50.524273 ], [ 6.226632, 50.494369 ], [ 6.269941, 50.504512 ], [ 6.351259, 50.488268 ], [ 6.337486, 50.474748 ], [ 6.340232, 50.462591 ], [ 6.371824, 50.455582 ], [ 6.377623, 50.439389 ], [ 6.366706, 50.419162 ], [ 6.369877, 50.408931 ], [ 6.342219, 50.380006 ], [ 6.360603, 50.37145 ], [ 6.368075, 50.358112 ], [ 6.398321, 50.345661 ], [ 6.40787, 50.335134 ], [ 6.405028, 50.323309 ], [ 6.425295, 50.323012 ], [ 6.424062, 50.333827 ], [ 6.407909, 50.33938 ], [ 6.397181, 50.357912 ], [ 6.405977, 50.363822 ], [ 6.395452, 50.361419 ], [ 6.385006, 50.384187 ], [ 6.413043, 50.389486 ], [ 6.422031, 50.381948 ], [ 6.41485, 50.374546 ], [ 6.420878, 50.368903 ], [ 6.430024, 50.36319 ], [ 6.448561, 50.371338 ], [ 6.461162, 50.359027 ], [ 6.451615, 50.336424 ], [ 6.465982, 50.342589 ], [ 6.484744, 50.338561 ], [ 6.507122, 50.359877 ], [ 6.516404, 50.355388 ], [ 6.530451, 50.369345 ], [ 6.559016, 50.36941 ], [ 6.603086, 50.388222 ], [ 6.604088, 50.375119 ], [ 6.62743, 50.371917 ], [ 6.623559, 50.351627 ], [ 6.649959, 50.348168 ], [ 6.656015, 50.367435 ], [ 6.667351, 50.371968 ], [ 6.686768, 50.358379 ], [ 6.699245, 50.336097 ], [ 6.732404, 50.352497 ], [ 6.776766, 50.358089 ], [ 6.777686, 50.364434 ], [ 6.800711, 50.361781 ], [ 6.802745, 50.369305 ], [ 6.784687, 50.374751 ], [ 6.769312, 50.392748 ], [ 6.785123, 50.420633 ], [ 6.770693, 50.425045 ], [ 6.771201, 50.436053 ], [ 6.745524, 50.43593 ], [ 6.766624, 50.458644 ], [ 6.757073, 50.463031 ], [ 6.758145, 50.470932 ], [ 6.747733, 50.466156 ], [ 6.744603, 50.47263 ], [ 6.800937, 50.491319 ], [ 6.81207, 50.472244 ], [ 6.858574, 50.453266 ], [ 6.901482, 50.469092 ], [ 6.905594, 50.485048 ], [ 6.897867, 50.492266 ], [ 6.907069, 50.502642 ], [ 6.888554, 50.507009 ], [ 6.897819, 50.517695 ], [ 6.882098, 50.526949 ], [ 6.92935, 50.533143 ], [ 6.922046, 50.554281 ], [ 6.930971, 50.560452 ], [ 6.951382, 50.563379 ], [ 6.972098, 50.555907 ], [ 6.983577, 50.565734 ], [ 6.998096, 50.56505 ], [ 7.056131, 50.606241 ], [ 7.087431, 50.586012 ], [ 7.103797, 50.591323 ], [ 7.115121, 50.611786 ], [ 7.147852, 50.600293 ], [ 7.154717, 50.614705 ], [ 7.17302, 50.612552 ], [ 7.189839, 50.623895 ], [ 7.190636, 50.636041 ], [ 7.203787, 50.64966 ], [ 7.211464, 50.64816 ], [ 7.2124, 50.623405 ], [ 7.333481, 50.638396 ], [ 7.358977, 50.649494 ], [ 7.355821, 50.665231 ], [ 7.372063, 50.682107 ], [ 7.365116, 50.687611 ], [ 7.368308, 50.69709 ], [ 7.357136, 50.697904 ], [ 7.374011, 50.718219 ], [ 7.443151, 50.711197 ], [ 7.501941, 50.730013 ], [ 7.520124, 50.728997 ], [ 7.519388, 50.737407 ], [ 7.5519, 50.746343 ], [ 7.592375, 50.740545 ], [ 7.591617, 50.7562 ], [ 7.601043, 50.766313 ], [ 7.655451, 50.76787 ], [ 7.662161, 50.773156 ], [ 7.658936, 50.784828 ], [ 7.675945, 50.779328 ], [ 7.682222, 50.795369 ], [ 7.675048, 50.802669 ], [ 7.679511, 50.810047 ], [ 7.661004, 50.820364 ], [ 7.699427, 50.825011 ], [ 7.729342, 50.850523 ], [ 7.762187, 50.845134 ], [ 7.753187, 50.851369 ], [ 7.765974, 50.856819 ], [ 7.74831, 50.867217 ], [ 7.758767, 50.879772 ], [ 7.753022, 50.888379 ], [ 7.760427, 50.900394 ], [ 7.735459, 50.917765 ], [ 7.757281, 50.920164 ], [ 7.792811, 50.942335 ], [ 7.851496, 50.925832 ], [ 7.83371, 50.908347 ], [ 7.829264, 50.882387 ], [ 7.882458, 50.874891 ], [ 7.905851, 50.848109 ], [ 7.957688, 50.848869 ], [ 7.978313, 50.833312 ], [ 7.964248, 50.783822 ], [ 7.984028, 50.76099 ], [ 8.040326, 50.725657 ], [ 8.03969, 50.697375 ], [ 8.099173, 50.703558 ], [ 8.125777, 50.685814 ], [ 8.131279, 50.69692 ], [ 8.142607, 50.695448 ], [ 8.166829, 50.735711 ], [ 8.151834, 50.759854 ], [ 8.135641, 50.767216 ], [ 8.141662, 50.77166 ], [ 8.125512, 50.788356 ], [ 8.165807, 50.803476 ], [ 8.182841, 50.824873 ], [ 8.231314, 50.85064 ], [ 8.269667, 50.881876 ], [ 8.292017, 50.882136 ], [ 8.305473, 50.861121 ], [ 8.3586, 50.86069 ], [ 8.371917, 50.874266 ], [ 8.385576, 50.875793 ], [ 8.38803, 50.891929 ], [ 8.433426, 50.918239 ], [ 8.456441, 50.916531 ], [ 8.449324, 50.941083 ], [ 8.462277, 50.949693 ], [ 8.459665, 50.96665 ], [ 8.477892, 50.969047 ], [ 8.473368, 50.975035 ], [ 8.514076, 51.009237 ], [ 8.538782, 51.019448 ], [ 8.520681, 51.043003 ], [ 8.505144, 51.041433 ], [ 8.527573, 51.062894 ], [ 8.50323, 51.074577 ], [ 8.508023, 51.085388 ], [ 8.55102, 51.102764 ], [ 8.656632, 51.094903 ], [ 8.690535, 51.109159 ], [ 8.719655, 51.110326 ], [ 8.701741, 51.116577 ], [ 8.692162, 51.132834 ], [ 8.758214, 51.177182 ], [ 8.750004, 51.181464 ], [ 8.749502, 51.197732 ], [ 8.768194, 51.208874 ], [ 8.741697, 51.218423 ], [ 8.727598, 51.250103 ], [ 8.736585, 51.26222 ], [ 8.721998, 51.273744 ], [ 8.692552, 51.276407 ], [ 8.679953, 51.268077 ], [ 8.628341, 51.260505 ], [ 8.609212, 51.246688 ], [ 8.593563, 51.247497 ], [ 8.578218, 51.267478 ], [ 8.556348, 51.277495 ], [ 8.621098, 51.336528 ], [ 8.637788, 51.343613 ], [ 8.653654, 51.33979 ], [ 8.65556, 51.349611 ], [ 8.683477, 51.362178 ], [ 8.677446, 51.371795 ], [ 8.693811, 51.376785 ], [ 8.732851, 51.372417 ], [ 8.803993, 51.390798 ], [ 8.836584, 51.388501 ], [ 8.85402, 51.377138 ], [ 8.889581, 51.392722 ], [ 8.939502, 51.389499 ], [ 8.940763, 51.410322 ], [ 8.95153, 51.413493 ], [ 8.948109, 51.428219 ], [ 8.918787, 51.430285 ], [ 8.921783, 51.446054 ], [ 8.890377, 51.481928 ], [ 9.017649, 51.518239 ], [ 9.039286, 51.501922 ], [ 9.076522, 51.503475 ], [ 9.092329, 51.494388 ], [ 9.077185, 51.464872 ], [ 9.086937, 51.461165 ], [ 9.086416, 51.449083 ], [ 9.09433, 51.444598 ], [ 9.135749, 51.450187 ], [ 9.158408, 51.443096 ], [ 9.1851, 51.466334 ], [ 9.216466, 51.459594 ], [ 9.216641, 51.481165 ], [ 9.225185, 51.489837 ], [ 9.264333, 51.497911 ], [ 9.282285, 51.514373 ], [ 9.308325, 51.512643 ], [ 9.315851, 51.523019 ], [ 9.309969, 51.530911 ], [ 9.317031, 51.552366 ], [ 9.373523, 51.591014 ], [ 9.337098, 51.614702 ], [ 9.426669, 51.630814 ], [ 9.444924, 51.644199 ], [ 9.440457, 51.650394 ] ] ], [ [ [ 6.2247, 50.556666 ], [ 6.239548, 50.587454 ], [ 6.225181, 50.590457 ], [ 6.203099, 50.569294 ], [ 6.174412, 50.557514 ], [ 6.178032, 50.541607 ], [ 6.196655, 50.536166 ], [ 6.209621, 50.555088 ], [ 6.2247, 50.556666 ] ] ], [ [ [ 6.194321, 50.633906 ], [ 6.271319, 50.629921 ], [ 6.263975, 50.640996 ], [ 6.245495, 50.63977 ], [ 6.231522, 50.648036 ], [ 6.224864, 50.640921 ], [ 6.214651, 50.63921 ], [ 6.188229, 50.639258 ], [ 6.182379, 50.64695 ], [ 6.16659, 50.643687 ], [ 6.183289, 50.632286 ], [ 6.175562, 50.627274 ], [ 6.181838, 50.62376 ], [ 6.194321, 50.633906 ] ] ], [ [ [ 6.183855, 50.648865 ], [ 6.188728, 50.663326 ], [ 6.16698, 50.661021 ], [ 6.183855, 50.648865 ] ] ] ] } },
{ "type": "Feature", "properties": { "name": "Rheinland-Pfalz", "area": 19856.469081585761 }, "geometry": { "type": "Polygon", "coordinates": [ [ [ 8.422439, 49.583385 ], [ 8.381985, 49.627284 ], [ 8.356488, 49.677987 ], [ 8.357267, 49.692142 ], [ 8.381522, 49.707043 ], [ 8.438206, 49.722317 ], [ 8.479186, 49.764212 ], [ 8.429196, 49.766445 ], [ 8.416297, 49.773868 ], [ 8.406077, 49.796569 ], [ 8.378449, 49.82482 ], [ 8.383584, 49.855678 ], [ 8.357524, 49.864901 ], [ 8.34401, 49.880109 ], [ 8.354723, 49.913213 ], [ 8.340964, 49.951076 ], [ 8.27235, 50.010296 ], [ 8.236404, 50.030131 ], [ 8.180949, 50.035206 ], [ 8.07957, 50.006899 ], [ 8.036357, 50.002312 ], [ 7.967402, 49.977773 ], [ 7.887255, 49.971843 ], [ 7.866058, 49.980454 ], [ 7.850557, 50.013937 ], [ 7.772491, 50.058469 ], [ 7.773997, 50.06654 ], [ 7.803461, 50.08458 ], [ 7.837194, 50.084129 ], [ 7.830071, 50.098026 ], [ 7.854016, 50.128329 ], [ 7.884717, 50.114378 ], [ 7.903224, 50.121552 ], [ 7.920364, 50.10368 ], [ 7.930097, 50.10374 ], [ 7.922488, 50.134457 ], [ 7.932942, 50.143884 ], [ 7.884014, 50.169569 ], [ 7.888663, 50.173708 ], [ 7.88283, 50.181317 ], [ 7.910215, 50.193495 ], [ 7.911142, 50.20373 ], [ 7.947395, 50.210072 ], [ 7.953052, 50.220398 ], [ 7.986557, 50.228088 ], [ 7.990204, 50.238665 ], [ 8.011773, 50.218033 ], [ 8.035444, 50.215662 ], [ 8.039718, 50.228585 ], [ 8.05891, 50.234406 ], [ 8.021651, 50.258345 ], [ 8.035892, 50.271192 ], [ 8.072088, 50.273153 ], [ 8.082993, 50.265902 ], [ 8.079032, 50.261002 ], [ 8.103121, 50.259789 ], [ 8.121914, 50.277225 ], [ 8.118601, 50.29968 ], [ 8.102414, 50.309826 ], [ 8.102678, 50.327017 ], [ 8.071944, 50.331773 ], [ 8.07677, 50.348403 ], [ 8.059757, 50.375312 ], [ 8.046051, 50.37466 ], [ 8.042556, 50.386054 ], [ 8.01456, 50.384525 ], [ 8.023757, 50.400766 ], [ 7.987154, 50.398055 ], [ 7.982419, 50.408097 ], [ 7.964192, 50.412225 ], [ 7.987782, 50.427922 ], [ 7.988095, 50.435509 ], [ 7.975182, 50.437621 ], [ 8.010766, 50.452692 ], [ 8.010475, 50.460573 ], [ 7.979198, 50.484641 ], [ 7.978903, 50.495384 ], [ 7.989967, 50.498569 ], [ 7.982937, 50.511461 ], [ 7.996564, 50.517232 ], [ 7.992858, 50.522112 ], [ 8.041611, 50.556993 ], [ 8.066422, 50.548931 ], [ 8.070521, 50.537998 ], [ 8.117738, 50.534509 ], [ 8.120881, 50.53966 ], [ 8.11117, 50.543663 ], [ 8.137913, 50.550948 ], [ 8.133351, 50.561819 ], [ 8.152161, 50.593675 ], [ 8.126019, 50.610093 ], [ 8.140885, 50.630228 ], [ 8.110092, 50.657251 ], [ 8.112584, 50.675568 ], [ 8.125777, 50.685814 ], [ 8.099173, 50.703558 ], [ 8.03969, 50.697375 ], [ 8.040326, 50.725657 ], [ 7.984028, 50.76099 ], [ 7.964248, 50.783822 ], [ 7.978313, 50.833312 ], [ 7.957688, 50.848869 ], [ 7.905851, 50.848109 ], [ 7.882458, 50.874891 ], [ 7.829264, 50.882387 ], [ 7.83371, 50.908347 ], [ 7.851496, 50.925832 ], [ 7.828198, 50.928995 ], [ 7.813266, 50.940027 ], [ 7.792811, 50.942335 ], [ 7.757281, 50.920164 ], [ 7.735459, 50.917765 ], [ 7.760427, 50.900394 ], [ 7.753022, 50.888379 ], [ 7.758767, 50.879772 ], [ 7.74831, 50.867217 ], [ 7.765974, 50.856819 ], [ 7.753187, 50.851369 ], [ 7.762187, 50.845134 ], [ 7.729342, 50.850523 ], [ 7.699427, 50.825011 ], [ 7.661004, 50.820364 ], [ 7.679511, 50.810047 ], [ 7.675048, 50.802669 ], [ 7.682222, 50.795369 ], [ 7.675945, 50.779328 ], [ 7.658936, 50.784828 ], [ 7.662161, 50.773156 ], [ 7.655451, 50.76787 ], [ 7.601043, 50.766313 ], [ 7.591617, 50.7562 ], [ 7.592375, 50.740545 ], [ 7.5519, 50.746343 ], [ 7.519388, 50.737407 ], [ 7.520124, 50.728997 ], [ 7.501941, 50.730013 ], [ 7.443151, 50.711197 ], [ 7.374011, 50.718219 ], [ 7.357136, 50.697904 ], [ 7.368308, 50.69709 ], [ 7.365116, 50.687611 ], [ 7.372063, 50.682107 ], [ 7.355821, 50.665231 ], [ 7.358977, 50.649494 ], [ 7.333481, 50.638396 ], [ 7.2124, 50.623405 ], [ 7.211464, 50.64816 ], [ 7.203787, 50.64966 ], [ 7.190636, 50.636041 ], [ 7.189839, 50.623895 ], [ 7.17302, 50.612552 ], [ 7.154717, 50.614705 ], [ 7.147852, 50.600293 ], [ 7.115121, 50.611786 ], [ 7.103797, 50.591323 ], [ 7.087431, 50.586012 ], [ 7.056131, 50.606241 ], [ 6.998096, 50.56505 ], [ 6.983577, 50.565734 ], [ 6.972098, 50.555907 ], [ 6.951382, 50.563379 ], [ 6.930971, 50.560452 ], [ 6.922046, 50.554281 ], [ 6.92935, 50.533143 ], [ 6.882098, 50.526949 ], [ 6.897819, 50.517695 ], [ 6.888554, 50.507009 ], [ 6.907069, 50.502642 ], [ 6.897867, 50.492266 ], [ 6.905594, 50.485048 ], [ 6.901482, 50.469092 ], [ 6.858574, 50.453266 ], [ 6.81207, 50.472244 ], [ 6.800937, 50.491319 ], [ 6.744603, 50.47263 ], [ 6.747733, 50.466156 ], [ 6.758145, 50.470932 ], [ 6.757073, 50.463031 ], [ 6.766624, 50.458644 ], [ 6.745524, 50.43593 ], [ 6.771201, 50.436053 ], [ 6.770693, 50.425045 ], [ 6.785123, 50.420633 ], [ 6.769312, 50.392748 ], [ 6.784687, 50.374751 ], [ 6.802745, 50.369305 ], [ 6.795592, 50.359544 ], [ 6.777686, 50.364434 ], [ 6.776766, 50.358089 ], [ 6.732404, 50.352497 ], [ 6.699245, 50.336097 ], [ 6.686768, 50.358379 ], [ 6.667351, 50.371968 ], [ 6.656015, 50.367435 ], [ 6.654226, 50.351077 ], [ 6.636206, 50.345372 ], [ 6.622245, 50.353659 ], [ 6.625354, 50.374884 ], [ 6.604088, 50.375119 ], [ 6.603086, 50.388222 ], [ 6.559016, 50.36941 ], [ 6.530451, 50.369345 ], [ 6.516404, 50.355388 ], [ 6.507122, 50.359877 ], [ 6.484744, 50.338561 ], [ 6.465982, 50.342589 ], [ 6.451615, 50.336424 ], [ 6.461162, 50.359027 ], [ 6.448561, 50.371338 ], [ 6.430024, 50.36319 ], [ 6.41485, 50.374546 ], [ 6.422031, 50.381948 ], [ 6.413043, 50.389486 ], [ 6.385006, 50.384187 ], [ 6.395452, 50.361419 ], [ 6.405977, 50.363822 ], [ 6.397181, 50.357912 ], [ 6.414995, 50.332661 ], [ 6.424062, 50.333827 ], [ 6.425295, 50.323012 ], [ 6.382575, 50.322046 ], [ 6.375073, 50.313795 ], [ 6.358963, 50.3135 ], [ 6.363317, 50.305429 ], [ 6.334891, 50.316422 ], [ 6.333323, 50.32316 ], [ 6.306466, 50.320145 ], [ 6.309232, 50.311702 ], [ 6.296116, 50.309015 ], [ 6.298095, 50.302148 ], [ 6.28586, 50.294065 ], [ 6.29209, 50.278829 ], [ 6.277943, 50.266431 ], [ 6.215766, 50.257012 ], [ 6.197518, 50.238104 ], [ 6.175687, 50.235416 ], [ 6.177081, 50.226816 ], [ 6.166408, 50.22004 ], [ 6.188914, 50.20528 ], [ 6.183889, 50.192067 ], [ 6.192752, 50.181874 ], [ 6.165317, 50.179062 ], [ 6.160342, 50.171816 ], [ 6.146895, 50.177776 ], [ 6.139711, 50.168336 ], [ 6.147523, 50.16063 ], [ 6.132078, 50.1553 ], [ 6.140554, 50.147981 ], [ 6.152871, 50.15009 ], [ 6.154658, 50.1419 ], [ 6.129603, 50.121581 ], [ 6.135513, 50.103377 ], [ 6.125529, 50.099733 ], [ 6.132981, 50.093236 ], [ 6.120487, 50.092214 ], [ 6.116141, 50.074333 ], [ 6.129286, 50.073549 ], [ 6.112562, 50.059229 ], [ 6.123938, 50.059752 ], [ 6.121508, 50.052876 ], [ 6.13433, 50.040118 ], [ 6.129668, 50.029981 ], [ 6.145884, 50.022732 ], [ 6.129769, 50.018796 ], [ 6.149644, 50.008882 ], [ 6.138016, 49.998222 ], [ 6.172373, 49.984801 ], [ 6.164933, 49.970548 ], [ 6.177786, 49.954035 ], [ 6.187855, 49.955962 ], [ 6.181772, 49.96383 ], [ 6.190994, 49.968757 ], [ 6.197562, 49.948405 ], [ 6.205202, 49.955187 ], [ 6.223907, 49.949939 ], [ 6.216597, 49.944433 ], [ 6.226167, 49.929389 ], [ 6.217967, 49.923537 ], [ 6.231752, 49.918523 ], [ 6.227022, 49.910763 ], [ 6.234006, 49.900032 ], [ 6.29654, 49.866482 ], [ 6.311001, 49.869945 ], [ 6.326685, 49.836264 ], [ 6.341378, 49.848819 ], [ 6.364172, 49.850767 ], [ 6.397427, 49.822305 ], [ 6.42914, 49.810859 ], [ 6.454502, 49.811537 ], [ 6.470854, 49.822562 ], [ 6.511375, 49.801792 ], [ 6.520193, 49.813144 ], [ 6.530682, 49.80624 ], [ 6.505874, 49.789412 ], [ 6.516818, 49.783246 ], [ 6.509761, 49.774159 ], [ 6.51862, 49.76245 ], [ 6.500499, 49.752139 ], [ 6.501632, 49.734705 ], [ 6.517163, 49.723595 ], [ 6.495977, 49.725956 ], [ 6.507019, 49.71264 ], [ 6.42996, 49.668857 ], [ 6.426601, 49.661236 ], [ 6.440803, 49.65592 ], [ 6.421434, 49.620049 ], [ 6.374925, 49.591894 ], [ 6.380962, 49.577176 ], [ 6.357852, 49.573821 ], [ 6.381404, 49.558407 ], [ 6.380053, 49.551105 ], [ 6.41432, 49.543259 ], [ 6.430298, 49.548963 ], [ 6.452072, 49.538277 ], [ 6.467922, 49.544366 ], [ 6.494121, 49.530623 ], [ 6.514927, 49.53508 ], [ 6.517437, 49.527547 ], [ 6.538554, 49.539453 ], [ 6.563963, 49.540558 ], [ 6.579729, 49.522188 ], [ 6.604679, 49.517259 ], [ 6.616972, 49.535522 ], [ 6.645951, 49.539143 ], [ 6.65282, 49.550936 ], [ 6.664115, 49.542737 ], [ 6.684183, 49.548154 ], [ 6.690447, 49.535204 ], [ 6.708582, 49.553308 ], [ 6.747982, 49.557908 ], [ 6.813442, 49.591999 ], [ 6.835421, 49.582932 ], [ 6.839124, 49.592636 ], [ 6.846006, 49.589616 ], [ 6.866435, 49.60866 ], [ 6.879561, 49.601171 ], [ 6.891445, 49.616287 ], [ 6.929578, 49.612435 ], [ 6.927692, 49.618294 ], [ 6.937776, 49.617738 ], [ 6.932763, 49.631027 ], [ 6.940917, 49.634922 ], [ 6.948612, 49.635128 ], [ 6.951395, 49.625119 ], [ 6.991535, 49.635468 ], [ 6.985964, 49.620731 ], [ 7.02798, 49.639438 ], [ 7.05908, 49.63048 ], [ 7.087675, 49.599584 ], [ 7.100159, 49.605683 ], [ 7.118404, 49.595983 ], [ 7.149309, 49.603679 ], [ 7.173713, 49.599068 ], [ 7.173454, 49.585084 ], [ 7.188374, 49.575662 ], [ 7.209999, 49.577149 ], [ 7.213353, 49.565846 ], [ 7.240829, 49.568974 ], [ 7.268704, 49.584083 ], [ 7.262101, 49.573611 ], [ 7.274862, 49.560568 ], [ 7.276111, 49.537423 ], [ 7.302015, 49.534812 ], [ 7.309872, 49.523221 ], [ 7.285689, 49.516907 ], [ 7.280944, 49.505525 ], [ 7.287067, 49.499063 ], [ 7.278136, 49.484275 ], [ 7.296841, 49.48355 ], [ 7.304826, 49.472446 ], [ 7.286927, 49.457689 ], [ 7.246438, 49.445518 ], [ 7.255328, 49.440597 ], [ 7.250246, 49.435178 ], [ 7.260958, 49.423622 ], [ 7.29007, 49.414705 ], [ 7.298941, 49.398519 ], [ 7.289341, 49.388814 ], [ 7.355817, 49.37977 ], [ 7.354844, 49.374422 ], [ 7.369107, 49.373983 ], [ 7.36638, 49.36341 ], [ 7.399838, 49.371739 ], [ 7.393352, 49.363479 ], [ 7.402625, 49.356209 ], [ 7.389889, 49.349835 ], [ 7.403773, 49.346115 ], [ 7.377726, 49.320394 ], [ 7.392083, 49.320849 ], [ 7.394449, 49.314654 ], [ 7.380675, 49.306736 ], [ 7.385427, 49.294124 ], [ 7.374717, 49.282905 ], [ 7.334463, 49.278285 ], [ 7.344019, 49.270442 ], [ 7.324858, 49.257463 ], [ 7.324554, 49.248142 ], [ 7.306515, 49.25614 ], [ 7.303464, 49.245498 ], [ 7.289732, 49.238669 ], [ 7.294504, 49.234708 ], [ 7.288958, 49.230595 ], [ 7.304004, 49.222113 ], [ 7.295757, 49.205347 ], [ 7.338485, 49.184432 ], [ 7.335878, 49.175867 ], [ 7.362668, 49.158389 ], [ 7.368865, 49.1618 ], [ 7.365143, 49.171836 ], [ 7.445647, 49.184151 ], [ 7.435884, 49.179664 ], [ 7.441713, 49.172026 ], [ 7.43335, 49.165185 ], [ 7.493984, 49.169364 ], [ 7.496055, 49.155073 ], [ 7.505979, 49.150515 ], [ 7.489566, 49.136474 ], [ 7.51551, 49.120956 ], [ 7.528678, 49.097092 ], [ 7.563619, 49.080226 ], [ 7.600972, 49.083235 ], [ 7.629311, 49.073551 ], [ 7.631201, 49.054886 ], [ 7.674717, 49.044967 ], [ 7.697622, 49.049701 ], [ 7.695948, 49.057797 ], [ 7.731427, 49.055531 ], [ 7.73227, 49.043961 ], [ 7.761088, 49.045515 ], [ 7.794402, 49.065686 ], [ 7.866826, 49.032917 ], [ 7.889132, 49.049041 ], [ 7.916983, 49.040882 ], [ 7.932792, 49.058058 ], [ 7.966525, 49.041541 ], [ 7.974789, 49.0268 ], [ 7.99633, 49.029053 ], [ 8.048976, 49.014292 ], [ 8.087684, 48.98982 ], [ 8.139902, 48.97845 ], [ 8.194394, 48.977132 ], [ 8.199481, 48.966898 ], [ 8.221821, 48.975939 ], [ 8.232633, 48.966571 ], [ 8.279879, 48.991561 ], [ 8.297374, 49.013505 ], [ 8.311687, 49.054307 ], [ 8.358091, 49.097784 ], [ 8.372708, 49.151981 ], [ 8.368431, 49.168052 ], [ 8.405252, 49.220561 ], [ 8.398535, 49.225753 ], [ 8.384804, 49.219628 ], [ 8.389294, 49.233981 ], [ 8.489069, 49.293124 ], [ 8.48385, 49.304948 ], [ 8.455804, 49.31421 ], [ 8.450485, 49.323141 ], [ 8.496811, 49.36418 ], [ 8.500398, 49.389014 ], [ 8.473231, 49.373364 ], [ 8.463528, 49.384429 ], [ 8.496189, 49.402136 ], [ 8.508242, 49.434493 ], [ 8.498879, 49.442654 ], [ 8.442691, 49.450239 ], [ 8.444322, 49.459187 ], [ 8.463795, 49.470403 ], [ 8.442964, 49.492696 ], [ 8.414725, 49.553897 ], [ 8.422439, 49.583385 ] ] ] } },
{ "type": "Feature", "properties": { "name": "Saarland", "area": 2571.0467495883399 }, "geometry": { "type": "Polygon", "coordinates": [ [ [ 6.380053, 49.551105 ], [ 6.356994, 49.531294 ], [ 6.36752, 49.50273 ], [ 6.367084, 49.469512 ], [ 6.393405, 49.46405 ], [ 6.429131, 49.476241 ], [ 6.550816, 49.42538 ], [ 6.557388, 49.419529 ], [ 6.538676, 49.412205 ], [ 6.540819, 49.401251 ], [ 6.586653, 49.385147 ], [ 6.583148, 49.368423 ], [ 6.602159, 49.367109 ], [ 6.588417, 49.349883 ], [ 6.574056, 49.358665 ], [ 6.563621, 49.355913 ], [ 6.565664, 49.347652 ], [ 6.578393, 49.334962 ], [ 6.591164, 49.336245 ], [ 6.595596, 49.330057 ], [ 6.589121, 49.322058 ], [ 6.615106, 49.301349 ], [ 6.638799, 49.295681 ], [ 6.65337, 49.281237 ], [ 6.670166, 49.280254 ], [ 6.661415, 49.258075 ], [ 6.689999, 49.249556 ], [ 6.685317, 49.240961 ], [ 6.695825, 49.215274 ], [ 6.723465, 49.218829 ], [ 6.731445, 49.205957 ], [ 6.711208, 49.188342 ], [ 6.738601, 49.163675 ], [ 6.782724, 49.168159 ], [ 6.834057, 49.15108 ], [ 6.847518, 49.157158 ], [ 6.844397, 49.173057 ], [ 6.861768, 49.178839 ], [ 6.837991, 49.213495 ], [ 6.858873, 49.222757 ], [ 6.893345, 49.209147 ], [ 6.925061, 49.223346 ], [ 6.938108, 49.222434 ], [ 6.959604, 49.20309 ], [ 6.975231, 49.209454 ], [ 7.010753, 49.187953 ], [ 7.035013, 49.191416 ], [ 7.027733, 49.170133 ], [ 7.046502, 49.137337 ], [ 7.044232, 49.120194 ], [ 7.055031, 49.11209 ], [ 7.089396, 49.130185 ], [ 7.082181, 49.152064 ], [ 7.101069, 49.155998 ], [ 7.113235, 49.151962 ], [ 7.104057, 49.13839 ], [ 7.125785, 49.141896 ], [ 7.1356, 49.128405 ], [ 7.159406, 49.120467 ], [ 7.165058, 49.128595 ], [ 7.18547, 49.131236 ], [ 7.198041, 49.115167 ], [ 7.205482, 49.123613 ], [ 7.245054, 49.130111 ], [ 7.281587, 49.12437 ], [ 7.282359, 49.116911 ], [ 7.293177, 49.114907 ], [ 7.321358, 49.141388 ], [ 7.362726, 49.143148 ], [ 7.368755, 49.161458 ], [ 7.350148, 49.162838 ], [ 7.335878, 49.175867 ], [ 7.338485, 49.184432 ], [ 7.295757, 49.205347 ], [ 7.304004, 49.222113 ], [ 7.288958, 49.230595 ], [ 7.294504, 49.234708 ], [ 7.289132, 49.237821 ], [ 7.303464, 49.245498 ], [ 7.306515, 49.25614 ], [ 7.324554, 49.248142 ], [ 7.324858, 49.257463 ], [ 7.344019, 49.270442 ], [ 7.334463, 49.278285 ], [ 7.355823, 49.28372 ], [ 7.365327, 49.278124 ], [ 7.385427, 49.294124 ], [ 7.380675, 49.306736 ], [ 7.394494, 49.316352 ], [ 7.377726, 49.320394 ], [ 7.400526, 49.337698 ], [ 7.403773, 49.346115 ], [ 7.389889, 49.349835 ], [ 7.402625, 49.356209 ], [ 7.393352, 49.363479 ], [ 7.402075, 49.367719 ], [ 7.395899, 49.372046 ], [ 7.36638, 49.36341 ], [ 7.369107, 49.373983 ], [ 7.354844, 49.374422 ], [ 7.355817, 49.37977 ], [ 7.289341, 49.388814 ], [ 7.298941, 49.398519 ], [ 7.29007, 49.414705 ], [ 7.260958, 49.423622 ], [ 7.250246, 49.435178 ], [ 7.255328, 49.440597 ], [ 7.246438, 49.445518 ], [ 7.286927, 49.457689 ], [ 7.304826, 49.472446 ], [ 7.296841, 49.48355 ], [ 7.278136, 49.484275 ], [ 7.287067, 49.499063 ], [ 7.280944, 49.505525 ], [ 7.285689, 49.516907 ], [ 7.309872, 49.523221 ], [ 7.302015, 49.534812 ], [ 7.276111, 49.537423 ], [ 7.274862, 49.560568 ], [ 7.262101, 49.573611 ], [ 7.268704, 49.584083 ], [ 7.240829, 49.568974 ], [ 7.213353, 49.565846 ], [ 7.209999, 49.577149 ], [ 7.188374, 49.575662 ], [ 7.173454, 49.585084 ], [ 7.173713, 49.599068 ], [ 7.149309, 49.603679 ], [ 7.118404, 49.595983 ], [ 7.100159, 49.605683 ], [ 7.087675, 49.599584 ], [ 7.05908, 49.63048 ], [ 7.02798, 49.639438 ], [ 6.985964, 49.620731 ], [ 6.991535, 49.635468 ], [ 6.951395, 49.625119 ], [ 6.948612, 49.635128 ], [ 6.940917, 49.634922 ], [ 6.932763, 49.631027 ], [ 6.937776, 49.617738 ], [ 6.927692, 49.618294 ], [ 6.929578, 49.612435 ], [ 6.891445, 49.616287 ], [ 6.879561, 49.601171 ], [ 6.866435, 49.60866 ], [ 6.846006, 49.589616 ], [ 6.839124, 49.592636 ], [ 6.835421, 49.582932 ], [ 6.813442, 49.591999 ], [ 6.747982, 49.557908 ], [ 6.708582, 49.553308 ], [ 6.690447, 49.535204 ], [ 6.684183, 49.548154 ], [ 6.664115, 49.542737 ], [ 6.65282, 49.550936 ], [ 6.645951, 49.539143 ], [ 6.616972, 49.535522 ], [ 6.604679, 49.517259 ], [ 6.579729, 49.522188 ], [ 6.563963, 49.540558 ], [ 6.538554, 49.539453 ], [ 6.517437, 49.527547 ], [ 6.514927, 49.53508 ], [ 6.494121, 49.530623 ], [ 6.467922, 49.544366 ], [ 6.452072, 49.538277 ], [ 6.430298, 49.548963 ], [ 6.41432, 49.543259 ], [ 6.380053, 49.551105 ] ] ] } },
{ "type": "Feature", "properties": { "name": "Sachsen", "area": 18448.925831592911 }, "geometry": { "type": "Polygon", "coordinates": [ [ [ 12.1009, 50.318028 ], [ 12.184453, 50.322325 ], [ 12.186792, 50.311679 ], [ 12.201345, 50.308952 ], [ 12.195619, 50.293172 ], [ 12.201457, 50.272782 ], [ 12.253703, 50.271086 ], [ 12.266036, 50.250215 ], [ 12.24754, 50.25779 ], [ 12.239627, 50.246169 ], [ 12.293878, 50.22127 ], [ 12.282873, 50.213666 ], [ 12.288467, 50.203976 ], [ 12.274669, 50.196687 ], [ 12.290232, 50.185053 ], [ 12.289804, 50.17693 ], [ 12.334554, 50.171749 ], [ 12.323662, 50.182039 ], [ 12.33822, 50.192478 ], [ 12.323055, 50.207453 ], [ 12.326521, 50.218654 ], [ 12.334514, 50.216883 ], [ 12.331084, 50.242714 ], [ 12.349036, 50.236497 ], [ 12.359299, 50.242318 ], [ 12.352117, 50.261746 ], [ 12.370863, 50.285273 ], [ 12.400566, 50.295208 ], [ 12.398015, 50.321153 ], [ 12.4312, 50.322724 ], [ 12.441802, 50.341159 ], [ 12.469427, 50.35499 ], [ 12.489307, 50.349817 ], [ 12.486528, 50.370843 ], [ 12.512048, 50.397258 ], [ 12.600187, 50.405809 ], [ 12.616952, 50.41561 ], [ 12.649173, 50.410746 ], [ 12.673122, 50.416876 ], [ 12.707057, 50.397317 ], [ 12.707607, 50.40783 ], [ 12.734613, 50.432198 ], [ 12.79493, 50.449447 ], [ 12.810619, 50.431057 ], [ 12.806652, 50.443891 ], [ 12.819381, 50.459795 ], [ 12.912392, 50.423729 ], [ 12.937308, 50.406328 ], [ 12.947973, 50.40428 ], [ 12.941898, 50.411493 ], [ 12.983451, 50.419715 ], [ 13.019865, 50.446732 ], [ 13.020174, 50.475427 ], [ 13.031746, 50.509732 ], [ 13.085346, 50.500271 ], [ 13.132671, 50.518278 ], [ 13.136737, 50.506424 ], [ 13.19527, 50.503263 ], [ 13.194689, 50.51526 ], [ 13.229077, 50.549737 ], [ 13.222862, 50.562903 ], [ 13.248438, 50.592053 ], [ 13.278771, 50.592995 ], [ 13.290913, 50.575018 ], [ 13.323678, 50.581649 ], [ 13.3194, 50.602166 ], [ 13.324732, 50.608039 ], [ 13.3777, 50.627675 ], [ 13.370983, 50.650546 ], [ 13.392108, 50.646318 ], [ 13.415309, 50.616332 ], [ 13.464768, 50.601893 ], [ 13.497029, 50.631424 ], [ 13.524193, 50.639265 ], [ 13.52611, 50.649422 ], [ 13.512807, 50.653713 ], [ 13.540244, 50.668011 ], [ 13.544373, 50.677448 ], [ 13.52682, 50.705017 ], [ 13.556327, 50.714546 ], [ 13.602253, 50.710059 ], [ 13.664309, 50.731929 ], [ 13.706468, 50.716924 ], [ 13.71239, 50.719664 ], [ 13.708217, 50.725317 ], [ 13.728176, 50.733651 ], [ 13.740404, 50.727174 ], [ 13.758342, 50.735815 ], [ 13.807332, 50.733264 ], [ 13.827069, 50.724221 ], [ 13.855193, 50.72711 ], [ 13.861778, 50.742909 ], [ 13.880231, 50.737815 ], [ 13.89819, 50.744486 ], [ 13.902752, 50.752909 ], [ 13.887531, 50.77046 ], [ 13.901055, 50.793429 ], [ 13.93918, 50.789979 ], [ 13.955841, 50.80059 ], [ 13.953779, 50.80729 ], [ 13.990311, 50.820005 ], [ 14.030665, 50.804162 ], [ 14.078378, 50.81242 ], [ 14.089526, 50.82585 ], [ 14.223292, 50.859237 ], [ 14.23602, 50.87645 ], [ 14.23315, 50.887524 ], [ 14.267505, 50.895305 ], [ 14.304845, 50.883981 ], [ 14.348213, 50.892571 ], [ 14.349273, 50.900726 ], [ 14.387635, 50.899088 ], [ 14.385643, 50.91649 ], [ 14.402144, 50.924073 ], [ 14.396728, 50.936491 ], [ 14.311708, 50.95376 ], [ 14.316912, 50.960671 ], [ 14.302559, 50.965332 ], [ 14.328423, 50.973506 ], [ 14.323554, 50.985364 ], [ 14.285775, 50.976996 ], [ 14.258647, 50.987538 ], [ 14.268802, 51.000041 ], [ 14.260643, 51.008829 ], [ 14.280222, 51.014096 ], [ 14.286315, 51.026962 ], [ 14.273792, 51.039772 ], [ 14.28839, 51.03912 ], [ 14.301858, 51.055046 ], [ 14.316924, 51.055424 ], [ 14.33663, 51.039019 ], [ 14.361987, 51.045425 ], [ 14.382566, 51.03857 ], [ 14.384764, 51.026958 ], [ 14.408442, 51.018772 ], [ 14.45382, 51.035893 ], [ 14.492658, 51.023404 ], [ 14.491221, 51.043531 ], [ 14.508212, 51.043155 ], [ 14.498558, 51.022059 ], [ 14.532146, 51.016529 ], [ 14.539889, 51.010377 ], [ 14.534698, 51.003714 ], [ 14.564531, 51.010138 ], [ 14.599178, 50.987111 ], [ 14.596074, 50.962808 ], [ 14.560662, 50.925374 ], [ 14.564811, 50.918353 ], [ 14.58321, 50.914257 ], [ 14.650215, 50.931535 ], [ 14.652896, 50.905486 ], [ 14.636234, 50.897449 ], [ 14.618868, 50.85771 ], [ 14.690199, 50.837999 ], [ 14.708707, 50.840889 ], [ 14.722323, 50.822082 ], [ 14.744952, 50.829451 ], [ 14.766438, 50.819349 ], [ 14.793912, 50.820148 ], [ 14.824749, 50.866968 ], [ 14.820432, 50.886254 ], [ 14.896553, 50.940642 ], [ 14.892963, 50.949584 ], [ 14.903871, 50.961222 ], [ 14.903083, 50.971717 ], [ 14.919432, 50.975342 ], [ 14.917198, 50.995203 ], [ 14.929047, 50.99798 ], [ 14.937981, 51.011466 ], [ 14.935209, 51.020175 ], [ 14.949061, 51.030601 ], [ 14.948964, 51.042831 ], [ 14.964697, 51.050362 ], [ 14.967693, 51.070999 ], [ 14.979275, 51.07708 ], [ 14.976329, 51.08701 ], [ 14.984007, 51.09075 ], [ 14.980915, 51.116054 ], [ 14.997767, 51.122417 ], [ 14.990428, 51.142152 ], [ 15.000713, 51.149481 ], [ 14.993207, 51.162461 ], [ 15.005043, 51.167712 ], [ 15.004737, 51.190881 ], [ 15.014299, 51.19609 ], [ 15.007653, 51.199828 ], [ 15.009805, 51.213453 ], [ 15.016875, 51.214926 ], [ 15.016202, 51.227602 ], [ 15.02833, 51.241558 ], [ 15.037619, 51.244203 ], [ 15.023392, 51.250707 ], [ 15.038167, 51.258483 ], [ 15.041789, 51.274035 ], [ 15.034368, 51.277442 ], [ 15.033481, 51.293933 ], [ 15.012006, 51.301311 ], [ 15.009246, 51.316299 ], [ 14.986147, 51.329291 ], [ 14.976218, 51.356936 ], [ 14.965243, 51.361083 ], [ 14.983741, 51.37355 ], [ 14.969301, 51.379076 ], [ 14.958283, 51.395345 ], [ 14.968926, 51.39773 ], [ 14.958724, 51.409754 ], [ 14.96707, 51.417324 ], [ 14.958634, 51.431245 ], [ 14.970072, 51.432172 ], [ 14.974216, 51.441674 ], [ 14.952465, 51.468433 ], [ 14.926111, 51.473484 ], [ 14.915781, 51.483767 ], [ 14.851639, 51.489556 ], [ 14.795971, 51.517872 ], [ 14.735763, 51.525956 ], [ 14.726305, 51.539002 ], [ 14.729349, 51.549742 ], [ 14.711241, 51.562655 ], [ 14.729866, 51.581777 ], [ 14.707559, 51.597308 ], [ 14.696648, 51.596661 ], [ 14.706452, 51.57646 ], [ 14.692759, 51.576335 ], [ 14.691142, 51.562786 ], [ 14.674013, 51.550645 ], [ 14.609887, 51.55015 ], [ 14.599026, 51.57175 ], [ 14.569635, 51.58119 ], [ 14.544438, 51.573615 ], [ 14.545185, 51.561777 ], [ 14.515454, 51.554235 ], [ 14.45407, 51.556372 ], [ 14.446735, 51.552728 ], [ 14.447771, 51.542069 ], [ 14.387158, 51.541771 ], [ 14.386689, 51.534021 ], [ 14.339931, 51.520762 ], [ 14.342118, 51.510844 ], [ 14.33235, 51.505018 ], [ 14.322918, 51.519426 ], [ 14.274005, 51.53213 ], [ 14.247044, 51.527842 ], [ 14.213018, 51.539812 ], [ 14.136709, 51.543309 ], [ 14.12973, 51.533861 ], [ 14.142359, 51.522804 ], [ 14.107797, 51.521761 ], [ 14.09567, 51.498717 ], [ 14.073822, 51.492667 ], [ 14.087258, 51.477397 ], [ 14.033006, 51.475102 ], [ 14.055292, 51.460948 ], [ 14.052588, 51.452508 ], [ 14.062837, 51.445506 ], [ 14.038162, 51.435578 ], [ 14.046241, 51.429135 ], [ 14.038245, 51.428444 ], [ 14.04459, 51.418754 ], [ 14.015904, 51.405138 ], [ 14.028091, 51.395936 ], [ 14.003564, 51.395612 ], [ 14.008315, 51.391981 ], [ 13.996318, 51.382608 ], [ 14.000697, 51.372596 ], [ 13.970209, 51.375841 ], [ 13.972344, 51.393822 ], [ 13.956224, 51.397072 ], [ 13.883068, 51.375117 ], [ 13.833191, 51.383839 ], [ 13.835313, 51.37679 ], [ 13.818972, 51.369499 ], [ 13.787941, 51.370907 ], [ 13.763253, 51.35902 ], [ 13.766615, 51.370724 ], [ 13.739111, 51.361202 ], [ 13.691251, 51.374013 ], [ 13.682765, 51.367615 ], [ 13.668404, 51.376126 ], [ 13.661452, 51.368975 ], [ 13.594063, 51.369356 ], [ 13.589855, 51.384235 ], [ 13.569962, 51.385666 ], [ 13.542628, 51.369316 ], [ 13.537766, 51.381046 ], [ 13.523118, 51.381026 ], [ 13.521218, 51.402057 ], [ 13.463282, 51.411754 ], [ 13.465533, 51.421775 ], [ 13.473786, 51.417881 ], [ 13.463308, 51.426262 ], [ 13.450052, 51.423008 ], [ 13.445913, 51.43145 ], [ 13.446058, 51.425957 ], [ 13.421425, 51.421505 ], [ 13.42815, 51.431245 ], [ 13.40105, 51.454172 ], [ 13.382146, 51.436046 ], [ 13.372939, 51.437796 ], [ 13.383076, 51.428057 ], [ 13.376648, 51.424611 ], [ 13.35835, 51.433971 ], [ 13.337948, 51.429165 ], [ 13.333354, 51.437441 ], [ 13.320323, 51.4375 ], [ 13.328344, 51.426642 ], [ 13.286672, 51.411383 ], [ 13.286355, 51.399288 ], [ 13.259984, 51.400399 ], [ 13.268543, 51.384793 ], [ 13.250655, 51.394109 ], [ 13.217309, 51.395056 ], [ 13.19975, 51.433226 ], [ 13.189424, 51.434256 ], [ 13.184649, 51.423787 ], [ 13.174311, 51.428254 ], [ 13.203122, 51.451013 ], [ 13.20308, 51.458732 ], [ 13.182922, 51.471341 ], [ 13.182297, 51.491959 ], [ 13.201294, 51.491717 ], [ 13.196534, 51.494471 ], [ 13.207042, 51.504937 ], [ 13.207957, 51.524353 ], [ 13.190055, 51.53959 ], [ 13.185572, 51.558075 ], [ 13.143169, 51.567461 ], [ 13.161772, 51.592148 ], [ 13.154955, 51.600197 ], [ 13.143777, 51.597873 ], [ 13.121025, 51.618888 ], [ 13.086304, 51.608135 ], [ 13.051025, 51.647677 ], [ 13.023467, 51.637303 ], [ 13.017192, 51.659632 ], [ 12.996292, 51.669247 ], [ 12.966821, 51.665665 ], [ 12.971503, 51.650249 ], [ 12.949528, 51.649434 ], [ 12.952355, 51.643589 ], [ 12.942164, 51.638006 ], [ 12.928109, 51.649565 ], [ 12.897525, 51.647426 ], [ 12.889195, 51.666884 ], [ 12.865794, 51.655027 ], [ 12.862227, 51.673782 ], [ 12.843862, 51.684974 ], [ 12.792534, 51.665501 ], [ 12.772706, 51.647509 ], [ 12.686676, 51.661993 ], [ 12.649113, 51.620446 ], [ 12.608332, 51.610602 ], [ 12.629229, 51.625236 ], [ 12.606439, 51.626816 ], [ 12.591857, 51.618358 ], [ 12.580263, 51.626065 ], [ 12.55998, 51.608519 ], [ 12.538621, 51.602361 ], [ 12.507007, 51.608456 ], [ 12.482988, 51.593184 ], [ 12.47714, 51.596279 ], [ 12.486374, 51.604278 ], [ 12.443962, 51.60987 ], [ 12.433313, 51.605834 ], [ 12.436823, 51.599305 ], [ 12.427329, 51.599299 ], [ 12.425419, 51.582131 ], [ 12.336977, 51.586227 ], [ 12.343483, 51.581497 ], [ 12.319375, 51.577578 ], [ 12.293179, 51.560557 ], [ 12.250478, 51.558949 ], [ 12.243211, 51.566876 ], [ 12.232904, 51.561125 ], [ 12.231346, 51.547346 ], [ 12.192766, 51.531299 ], [ 12.190395, 51.507767 ], [ 12.207897, 51.502592 ], [ 12.203082, 51.485141 ], [ 12.175705, 51.482222 ], [ 12.175521, 51.46968 ], [ 12.148913, 51.463107 ], [ 12.158257, 51.451243 ], [ 12.157214, 51.432711 ], [ 12.182482, 51.432379 ], [ 12.189822, 51.420854 ], [ 12.173533, 51.410257 ], [ 12.178139, 51.389147 ], [ 12.184828, 51.387584 ], [ 12.172144, 51.384158 ], [ 12.177745, 51.375168 ], [ 12.189964, 51.37945 ], [ 12.181756, 51.368511 ], [ 12.19364, 51.369275 ], [ 12.185632, 51.365964 ], [ 12.195757, 51.359728 ], [ 12.190256, 51.351359 ], [ 12.194347, 51.330568 ], [ 12.147654, 51.319967 ], [ 12.157403, 51.292277 ], [ 12.168948, 51.293757 ], [ 12.172255, 51.285681 ], [ 12.166101, 51.266074 ], [ 12.189389, 51.257623 ], [ 12.199492, 51.238419 ], [ 12.192477, 51.235071 ], [ 12.204742, 51.214202 ], [ 12.18959, 51.203983 ], [ 12.187185, 51.191463 ], [ 12.173737, 51.190082 ], [ 12.174844, 51.181327 ], [ 12.213084, 51.1835 ], [ 12.197154, 51.159911 ], [ 12.196192, 51.141907 ], [ 12.241638, 51.130705 ], [ 12.229074, 51.120228 ], [ 12.220556, 51.123039 ], [ 12.221199, 51.109915 ], [ 12.253084, 51.097268 ], [ 12.278575, 51.099283 ], [ 12.29075, 51.090985 ], [ 12.321574, 51.094615 ], [ 12.331599, 51.103783 ], [ 12.35658, 51.094343 ], [ 12.353618, 51.084607 ], [ 12.361026, 51.0798 ], [ 12.392958, 51.084116 ], [ 12.410448, 51.072855 ], [ 12.450745, 51.077306 ], [ 12.458383, 51.084551 ], [ 12.462915, 51.0669 ], [ 12.501522, 51.064076 ], [ 12.508576, 51.053063 ], [ 12.501926, 51.051726 ], [ 12.502894, 51.0349 ], [ 12.512452, 51.026419 ], [ 12.507388, 51.017276 ], [ 12.516333, 51.01822 ], [ 12.514369, 51.026877 ], [ 12.538852, 51.024252 ], [ 12.54018, 51.005733 ], [ 12.52755, 50.998898 ], [ 12.555759, 50.997486 ], [ 12.582987, 50.981962 ], [ 12.581022, 50.989235 ], [ 12.607534, 50.996732 ], [ 12.621289, 50.975771 ], [ 12.630113, 50.942503 ], [ 12.624357, 50.93971 ], [ 12.654115, 50.919063 ], [ 12.640121, 50.903074 ], [ 12.620062, 50.909381 ], [ 12.573426, 50.901078 ], [ 12.507863, 50.903729 ], [ 12.51112, 50.894099 ], [ 12.486666, 50.893897 ], [ 12.459254, 50.880449 ], [ 12.464026, 50.870125 ], [ 12.448357, 50.867448 ], [ 12.437453, 50.842417 ], [ 12.420206, 50.83959 ], [ 12.412985, 50.856873 ], [ 12.40295, 50.849226 ], [ 12.374133, 50.853249 ], [ 12.348317, 50.837535 ], [ 12.347577, 50.823632 ], [ 12.306948, 50.818763 ], [ 12.298584, 50.8299 ], [ 12.302356, 50.817197 ], [ 12.289715, 50.823965 ], [ 12.279863, 50.809704 ], [ 12.276982, 50.81786 ], [ 12.259758, 50.811451 ], [ 12.250495, 50.818538 ], [ 12.242835, 50.80906 ], [ 12.253484, 50.799509 ], [ 12.253154, 50.788835 ], [ 12.287644, 50.789643 ], [ 12.290161, 50.783427 ], [ 12.263921, 50.760456 ], [ 12.24069, 50.76724 ], [ 12.228688, 50.757453 ], [ 12.226985, 50.738218 ], [ 12.264757, 50.737547 ], [ 12.27343, 50.728202 ], [ 12.253382, 50.715705 ], [ 12.264901, 50.703699 ], [ 12.262762, 50.695276 ], [ 12.274762, 50.686117 ], [ 12.318896, 50.684003 ], [ 12.317718, 50.663364 ], [ 12.264286, 50.643385 ], [ 12.265518, 50.630793 ], [ 12.232812, 50.627067 ], [ 12.198197, 50.641315 ], [ 12.190752, 50.614423 ], [ 12.182766, 50.612111 ], [ 12.174722, 50.614514 ], [ 12.170442, 50.629235 ], [ 12.14989, 50.628803 ], [ 12.147222, 50.606098 ], [ 12.114901, 50.596982 ], [ 12.110151, 50.58872 ], [ 12.156092, 50.585579 ], [ 12.156024, 50.573492 ], [ 12.127654, 50.574129 ], [ 12.115773, 50.566948 ], [ 12.101518, 50.57894 ], [ 12.083594, 50.578567 ], [ 12.07269, 50.555119 ], [ 12.030272, 50.549398 ], [ 12.03099, 50.557776 ], [ 12.017535, 50.567841 ], [ 12.035634, 50.581365 ], [ 12.036138, 50.59395 ], [ 12.005482, 50.612019 ], [ 12.022118, 50.62554 ], [ 12.003938, 50.634825 ], [ 11.979269, 50.62141 ], [ 11.98675, 50.609485 ], [ 11.923566, 50.585708 ], [ 11.933676, 50.568525 ], [ 11.926011, 50.556844 ], [ 11.885209, 50.551942 ], [ 11.871463, 50.539823 ], [ 11.888218, 50.516679 ], [ 11.91846, 50.516981 ], [ 11.915851, 50.524518 ], [ 11.925251, 50.526319 ], [ 11.932932, 50.521256 ], [ 11.933976, 50.506035 ], [ 11.964229, 50.486963 ], [ 11.937693, 50.471692 ], [ 11.950798, 50.454069 ], [ 11.931895, 50.464223 ], [ 11.888509, 50.443606 ], [ 11.899641, 50.435248 ], [ 11.9278, 50.432515 ], [ 11.919323, 50.424728 ], [ 11.945645, 50.416283 ], [ 11.954374, 50.407074 ], [ 11.949377, 50.394809 ], [ 11.964572, 50.399935 ], [ 11.983943, 50.388707 ], [ 11.978961, 50.369495 ], [ 11.984773, 50.364696 ], [ 11.976512, 50.361945 ], [ 11.982555, 50.356667 ], [ 11.976044, 50.352293 ], [ 12.014776, 50.34756 ], [ 12.046852, 50.324999 ], [ 12.046436, 50.331151 ], [ 12.079893, 50.326835 ], [ 12.091343, 50.33261 ], [ 12.090347, 50.324251 ], [ 12.1009, 50.318028 ] ] ] } },
{ "type": "Feature", "properties": { "name": "Sachsen-Anhalt", "area": 20552.216101946691 }, "geometry": { "type": "MultiPolygon", "coordinates": [ [ [ [ 11.597785, 53.035926 ], [ 11.55925, 53.01308 ], [ 11.55209, 53.004728 ], [ 11.560444, 53.0038 ], [ 11.556417, 52.998666 ], [ 11.512491, 53.007445 ], [ 11.492343, 52.959663 ], [ 11.505027, 52.941033 ], [ 11.470062, 52.938926 ], [ 11.406578, 52.904102 ], [ 11.384778, 52.903578 ], [ 11.31425, 52.878236 ], [ 11.295411, 52.874907 ], [ 11.290662, 52.889126 ], [ 11.241126, 52.879018 ], [ 11.220645, 52.897666 ], [ 11.155258, 52.906211 ], [ 11.106406, 52.896223 ], [ 11.093187, 52.899471 ], [ 11.098676, 52.912877 ], [ 11.002076, 52.911477 ], [ 10.992573, 52.906457 ], [ 10.985508, 52.882033 ], [ 10.968082, 52.879321 ], [ 10.939634, 52.853336 ], [ 10.895667, 52.856373 ], [ 10.884684, 52.845796 ], [ 10.866102, 52.855726 ], [ 10.764697, 52.840479 ], [ 10.771729, 52.833946 ], [ 10.756946, 52.819775 ], [ 10.761744, 52.802726 ], [ 10.755321, 52.78483 ], [ 10.776208, 52.754789 ], [ 10.791666, 52.748197 ], [ 10.788176, 52.733172 ], [ 10.796697, 52.714326 ], [ 10.829703, 52.716135 ], [ 10.837507, 52.69581 ], [ 10.877759, 52.663832 ], [ 10.904378, 52.627467 ], [ 10.925026, 52.614597 ], [ 10.921412, 52.610437 ], [ 10.976968, 52.624142 ], [ 10.975629, 52.606825 ], [ 10.939817, 52.589573 ], [ 10.947436, 52.58255 ], [ 10.937576, 52.5674 ], [ 10.958992, 52.535554 ], [ 11.008782, 52.496748 ], [ 10.97484, 52.501363 ], [ 10.949994, 52.495606 ], [ 10.934585, 52.476174 ], [ 10.933746, 52.460952 ], [ 11.005579, 52.408872 ], [ 11.018695, 52.397042 ], [ 11.01516, 52.388107 ], [ 11.046753, 52.38787 ], [ 11.07448, 52.374403 ], [ 11.067, 52.369877 ], [ 11.068684, 52.355478 ], [ 11.057474, 52.350333 ], [ 10.983674, 52.341686 ], [ 10.987912, 52.335016 ], [ 11.002083, 52.336585 ], [ 11.001077, 52.327481 ], [ 11.011617, 52.328241 ], [ 11.036015, 52.310396 ], [ 11.039223, 52.301672 ], [ 11.013801, 52.286649 ], [ 11.029067, 52.270121 ], [ 11.052168, 52.267364 ], [ 11.058907, 52.240652 ], [ 11.073268, 52.24324 ], [ 11.086244, 52.228634 ], [ 11.077185, 52.218677 ], [ 11.029448, 52.211448 ], [ 11.02458, 52.201096 ], [ 11.013647, 52.199556 ], [ 11.019245, 52.178087 ], [ 11.060337, 52.172387 ], [ 11.054618, 52.160256 ], [ 11.060428, 52.153474 ], [ 11.045039, 52.143554 ], [ 11.044135, 52.133666 ], [ 11.01747, 52.12826 ], [ 10.976878, 52.105729 ], [ 10.94216, 52.10309 ], [ 10.942005, 52.094363 ], [ 10.970653, 52.086265 ], [ 10.97305, 52.073124 ], [ 10.964415, 52.056643 ], [ 10.878944, 52.059203 ], [ 10.851442, 52.050337 ], [ 10.759893, 52.045085 ], [ 10.687385, 52.048138 ], [ 10.647887, 52.041721 ], [ 10.655492, 52.024687 ], [ 10.621436, 52.010334 ], [ 10.62602, 52.008198 ], [ 10.600194, 52.007166 ], [ 10.59228, 52.014204 ], [ 10.561227, 52.004066 ], [ 10.586779, 51.982732 ], [ 10.58569, 51.97623 ], [ 10.606233, 51.977287 ], [ 10.606237, 51.968666 ], [ 10.619617, 51.966936 ], [ 10.619941, 51.957679 ], [ 10.641704, 51.962628 ], [ 10.651304, 51.957561 ], [ 10.61326, 51.939468 ], [ 10.613314, 51.921515 ], [ 10.640422, 51.914717 ], [ 10.650437, 51.891303 ], [ 10.63233, 51.872165 ], [ 10.579101, 51.848257 ], [ 10.58843, 51.835786 ], [ 10.574174, 51.811127 ], [ 10.584163, 51.797779 ], [ 10.580437, 51.78275 ], [ 10.593025, 51.767664 ], [ 10.626097, 51.759017 ], [ 10.642023, 51.72529 ], [ 10.668307, 51.709908 ], [ 10.672617, 51.696966 ], [ 10.66306, 51.691212 ], [ 10.670507, 51.666913 ], [ 10.696011, 51.642988 ], [ 10.749366, 51.640334 ], [ 10.764511, 51.649008 ], [ 10.818216, 51.639026 ], [ 10.822568, 51.62354 ], [ 10.858615, 51.6329 ], [ 10.886601, 51.612111 ], [ 10.922013, 51.618447 ], [ 10.914091, 51.610163 ], [ 10.937064, 51.603487 ], [ 10.930538, 51.591681 ], [ 10.903331, 51.593828 ], [ 10.894476, 51.601833 ], [ 10.882052, 51.580508 ], [ 10.893072, 51.576518 ], [ 10.900496, 51.550655 ], [ 10.911162, 51.555431 ], [ 10.947972, 51.537573 ], [ 10.927335, 51.520854 ], [ 10.945087, 51.50619 ], [ 10.939721, 51.500726 ], [ 10.948649, 51.50163 ], [ 10.972944, 51.481961 ], [ 10.960817, 51.471225 ], [ 10.972703, 51.453666 ], [ 10.966734, 51.432353 ], [ 11.010664, 51.425315 ], [ 10.992033, 51.417853 ], [ 11.049852, 51.420197 ], [ 11.046041, 51.42627 ], [ 11.06139, 51.429792 ], [ 11.127573, 51.413254 ], [ 11.125661, 51.408118 ], [ 11.141755, 51.402633 ], [ 11.192411, 51.402875 ], [ 11.223883, 51.413186 ], [ 11.230167, 51.405743 ], [ 11.247897, 51.405421 ], [ 11.248506, 51.395133 ], [ 11.32126, 51.410372 ], [ 11.330796, 51.390266 ], [ 11.396852, 51.381331 ], [ 11.389836, 51.367987 ], [ 11.399437, 51.344836 ], [ 11.428815, 51.342829 ], [ 11.413595, 51.333128 ], [ 11.475226, 51.298054 ], [ 11.467785, 51.288387 ], [ 11.459877, 51.29405 ], [ 11.456112, 51.277201 ], [ 11.441745, 51.273314 ], [ 11.439522, 51.263379 ], [ 11.412632, 51.241062 ], [ 11.397795, 51.236738 ], [ 11.400613, 51.24291 ], [ 11.384567, 51.245641 ], [ 11.364833, 51.221359 ], [ 11.389825, 51.217515 ], [ 11.39142, 51.203533 ], [ 11.430949, 51.212476 ], [ 11.446045, 51.208144 ], [ 11.452403, 51.192477 ], [ 11.468568, 51.192654 ], [ 11.470818, 51.169838 ], [ 11.485548, 51.168017 ], [ 11.474948, 51.165826 ], [ 11.479285, 51.158778 ], [ 11.471929, 51.148184 ], [ 11.451004, 51.14667 ], [ 11.465454, 51.127382 ], [ 11.463362, 51.11276 ], [ 11.485219, 51.102534 ], [ 11.512078, 51.107974 ], [ 11.545643, 51.10245 ], [ 11.54782, 51.111702 ], [ 11.558241, 51.108951 ], [ 11.57166, 51.119365 ], [ 11.607503, 51.111607 ], [ 11.620212, 51.097449 ], [ 11.63824, 51.111123 ], [ 11.66695, 51.110785 ], [ 11.67244, 51.102902 ], [ 11.692382, 51.099852 ], [ 11.701582, 51.085823 ], [ 11.70081, 51.069403 ], [ 11.7323, 51.068417 ], [ 11.75325, 51.056989 ], [ 11.746197, 51.051954 ], [ 11.75969, 51.042858 ], [ 11.772094, 51.045008 ], [ 11.774634, 51.053157 ], [ 11.803894, 51.047211 ], [ 11.888807, 51.05584 ], [ 11.897453, 51.045295 ], [ 11.910867, 51.04502 ], [ 11.911896, 51.028179 ], [ 11.943066, 51.032441 ], [ 11.977137, 51.016455 ], [ 11.978644, 51.003696 ], [ 11.969873, 50.994328 ], [ 12.006571, 50.991024 ], [ 12.017188, 50.979061 ], [ 12.010659, 50.974691 ], [ 12.014126, 50.968671 ], [ 12.092158, 50.97653 ], [ 12.132134, 50.961263 ], [ 12.16353, 50.9586 ], [ 12.163208, 50.966485 ], [ 12.182508, 50.975866 ], [ 12.197979, 50.956784 ], [ 12.213819, 50.958436 ], [ 12.21458, 50.938032 ], [ 12.238717, 50.951528 ], [ 12.241671, 50.961514 ], [ 12.232349, 50.961353 ], [ 12.239892, 50.97568 ], [ 12.283518, 51.006436 ], [ 12.293915, 51.03133 ], [ 12.28058, 51.040478 ], [ 12.250268, 51.037873 ], [ 12.262207, 51.049611 ], [ 12.258493, 51.066144 ], [ 12.269307, 51.071812 ], [ 12.265597, 51.076984 ], [ 12.273208, 51.07506 ], [ 12.288279, 51.088242 ], [ 12.278575, 51.099283 ], [ 12.253084, 51.097268 ], [ 12.221199, 51.109915 ], [ 12.220556, 51.123039 ], [ 12.229074, 51.120228 ], [ 12.241638, 51.130705 ], [ 12.196192, 51.141907 ], [ 12.197154, 51.159911 ], [ 12.213084, 51.1835 ], [ 12.174844, 51.181327 ], [ 12.173737, 51.190082 ], [ 12.187185, 51.191463 ], [ 12.18959, 51.203983 ], [ 12.204742, 51.214202 ], [ 12.195589, 51.223618 ], [ 12.192076, 51.236932 ], [ 12.199492, 51.238419 ], [ 12.189389, 51.257623 ], [ 12.166101, 51.266074 ], [ 12.172255, 51.285681 ], [ 12.168948, 51.293757 ], [ 12.157403, 51.292277 ], [ 12.147654, 51.319967 ], [ 12.194347, 51.330568 ], [ 12.190256, 51.351359 ], [ 12.195757, 51.359728 ], [ 12.186085, 51.362129 ], [ 12.192879, 51.371477 ], [ 12.181756, 51.368511 ], [ 12.189964, 51.37945 ], [ 12.177745, 51.375168 ], [ 12.172144, 51.384158 ], [ 12.184828, 51.387584 ], [ 12.178139, 51.389147 ], [ 12.173533, 51.410257 ], [ 12.189822, 51.420854 ], [ 12.182482, 51.432379 ], [ 12.157214, 51.432711 ], [ 12.158257, 51.451243 ], [ 12.148673, 51.459495 ], [ 12.175521, 51.46968 ], [ 12.175705, 51.482222 ], [ 12.203082, 51.485141 ], [ 12.207897, 51.502592 ], [ 12.190395, 51.507767 ], [ 12.192766, 51.531299 ], [ 12.231346, 51.547346 ], [ 12.232904, 51.561125 ], [ 12.243211, 51.566876 ], [ 12.250478, 51.558949 ], [ 12.293179, 51.560557 ], [ 12.319375, 51.577578 ], [ 12.343483, 51.581497 ], [ 12.336977, 51.586227 ], [ 12.425419, 51.582131 ], [ 12.427329, 51.599299 ], [ 12.436823, 51.599305 ], [ 12.433313, 51.605834 ], [ 12.443962, 51.60987 ], [ 12.486374, 51.604278 ], [ 12.47714, 51.596279 ], [ 12.482988, 51.593184 ], [ 12.507007, 51.608456 ], [ 12.538621, 51.602361 ], [ 12.55998, 51.608519 ], [ 12.580263, 51.626065 ], [ 12.591857, 51.618358 ], [ 12.606439, 51.626816 ], [ 12.629229, 51.625236 ], [ 12.608332, 51.610602 ], [ 12.649113, 51.620446 ], [ 12.686676, 51.661993 ], [ 12.772706, 51.647509 ], [ 12.792534, 51.665501 ], [ 12.843862, 51.684974 ], [ 12.862227, 51.673782 ], [ 12.865794, 51.655027 ], [ 12.889195, 51.666884 ], [ 12.897525, 51.647426 ], [ 12.928109, 51.649565 ], [ 12.942164, 51.638006 ], [ 12.952355, 51.643589 ], [ 12.949528, 51.649434 ], [ 12.971503, 51.650249 ], [ 12.966821, 51.665665 ], [ 12.996292, 51.669247 ], [ 13.017192, 51.659632 ], [ 13.023467, 51.637303 ], [ 13.154529, 51.686706 ], [ 13.16246, 51.691815 ], [ 13.155101, 51.710787 ], [ 13.17011, 51.708087 ], [ 13.168685, 51.718669 ], [ 13.187072, 51.715625 ], [ 13.179535, 51.731171 ], [ 13.15401, 51.744248 ], [ 13.163295, 51.754936 ], [ 13.147482, 51.766639 ], [ 13.170104, 51.787024 ], [ 13.157995, 51.788448 ], [ 13.163011, 51.802018 ], [ 13.14209, 51.820655 ], [ 13.123536, 51.854593 ], [ 13.150913, 51.85961 ], [ 13.150933, 51.868926 ], [ 13.124465, 51.882948 ], [ 13.080548, 51.867478 ], [ 13.039239, 51.870912 ], [ 13.029164, 51.881042 ], [ 13.048538, 51.89186 ], [ 13.045408, 51.900515 ], [ 12.972665, 51.900881 ], [ 12.976536, 51.919863 ], [ 12.955974, 51.922657 ], [ 12.960568, 51.934911 ], [ 12.918372, 51.93936 ], [ 12.917462, 51.932691 ], [ 12.890424, 51.92838 ], [ 12.888172, 51.934769 ], [ 12.85273, 51.935005 ], [ 12.844154, 51.967734 ], [ 12.777613, 51.964591 ], [ 12.774325, 51.97836 ], [ 12.669187, 52.012881 ], [ 12.648597, 52.008311 ], [ 12.644748, 51.99438 ], [ 12.614397, 51.991723 ], [ 12.61516, 51.982281 ], [ 12.539395, 51.984889 ], [ 12.536307, 52.00288 ], [ 12.498827, 52.008923 ], [ 12.484956, 52.01715 ], [ 12.480615, 52.033335 ], [ 12.460758, 52.034721 ], [ 12.450002, 52.016213 ], [ 12.430228, 52.018306 ], [ 12.389599, 52.043566 ], [ 12.359777, 52.0465 ], [ 12.32903, 52.069632 ], [ 12.315824, 52.092372 ], [ 12.276724, 52.104018 ], [ 12.26511, 52.13066 ], [ 12.24532, 52.138733 ], [ 12.231304, 52.154951 ], [ 12.234004, 52.162794 ], [ 12.216783, 52.170069 ], [ 12.228585, 52.185985 ], [ 12.248292, 52.184223 ], [ 12.2418, 52.194277 ], [ 12.253675, 52.205646 ], [ 12.245249, 52.207389 ], [ 12.248921, 52.211737 ], [ 12.297277, 52.227545 ], [ 12.264533, 52.233547 ], [ 12.275314, 52.237203 ], [ 12.244648, 52.248438 ], [ 12.262765, 52.295072 ], [ 12.308128, 52.344697 ], [ 12.283811, 52.364255 ], [ 12.30599, 52.377433 ], [ 12.291807, 52.386144 ], [ 12.302326, 52.405013 ], [ 12.27447, 52.416062 ], [ 12.29699, 52.423778 ], [ 12.289252, 52.430695 ], [ 12.302675, 52.434493 ], [ 12.304343, 52.450502 ], [ 12.316684, 52.452385 ], [ 12.315081, 52.46046 ], [ 12.325116, 52.464231 ], [ 12.330782, 52.478556 ], [ 12.315935, 52.47502 ], [ 12.309361, 52.486265 ], [ 12.330384, 52.496367 ], [ 12.271445, 52.487481 ], [ 12.262452, 52.49547 ], [ 12.270083, 52.500998 ], [ 12.259922, 52.504233 ], [ 12.258216, 52.517885 ], [ 12.235559, 52.523782 ], [ 12.221679, 52.500665 ], [ 12.184704, 52.495776 ], [ 12.167295, 52.514985 ], [ 12.188689, 52.532423 ], [ 12.173888, 52.538692 ], [ 12.141811, 52.528394 ], [ 12.15931, 52.56099 ], [ 12.181078, 52.575177 ], [ 12.173385, 52.582255 ], [ 12.17197, 52.625947 ], [ 12.203537, 52.618746 ], [ 12.236873, 52.628877 ], [ 12.231002, 52.63989 ], [ 12.23789, 52.645556 ], [ 12.232524, 52.653611 ], [ 12.239352, 52.671736 ], [ 12.226812, 52.683797 ], [ 12.232877, 52.689044 ], [ 12.220879, 52.690439 ], [ 12.217542, 52.699822 ], [ 12.224185, 52.702785 ], [ 12.203919, 52.713353 ], [ 12.209844, 52.717622 ], [ 12.197549, 52.718375 ], [ 12.205957, 52.726514 ], [ 12.201294, 52.729004 ], [ 12.223169, 52.739747 ], [ 12.205958, 52.760911 ], [ 12.214869, 52.763996 ], [ 12.213132, 52.773607 ], [ 12.223507, 52.775696 ], [ 12.220176, 52.790128 ], [ 12.24466, 52.787224 ], [ 12.257536, 52.804908 ], [ 12.24367, 52.820685 ], [ 12.234057, 52.859378 ], [ 12.217391, 52.865984 ], [ 12.209955, 52.862417 ], [ 12.196937, 52.877978 ], [ 12.123715, 52.853796 ], [ 12.133116, 52.865776 ], [ 12.120213, 52.875514 ], [ 12.124601, 52.893586 ], [ 12.112623, 52.875729 ], [ 12.022614, 52.89037 ], [ 11.98155, 52.876029 ], [ 11.932253, 52.891579 ], [ 11.897335, 52.893362 ], [ 11.871508, 52.908874 ], [ 11.833998, 52.910361 ], [ 11.823092, 52.923258 ], [ 11.847927, 52.941032 ], [ 11.844217, 52.952681 ], [ 11.786304, 52.960958 ], [ 11.764193, 52.981411 ], [ 11.74379, 52.988545 ], [ 11.692084, 52.978407 ], [ 11.677165, 53.008137 ], [ 11.645753, 53.005384 ], [ 11.626327, 53.012647 ], [ 11.639366, 53.038719 ], [ 11.597785, 53.035926 ] ], [ [ 12.264446, 52.231713 ], [ 12.270474, 52.231103 ], [ 12.275204, 52.231051 ], [ 12.264446, 52.231713 ] ], [ [ 12.279125, 52.229418 ], [ 12.285081, 52.227017 ], [ 12.276546, 52.228296 ], [ 12.279125, 52.229418 ] ], [ [ 12.222308, 52.862549 ], [ 12.217115, 52.861993 ], [ 12.221316, 52.863813 ], [ 12.222308, 52.862549 ] ] ], [ [ [ 11.439672, 51.197668 ], [ 11.446614, 51.19888 ], [ 11.439386, 51.199766 ], [ 11.439672, 51.197668 ] ] ] ] } },
{ "type": "Feature", "properties": { "name": "Schleswig-Holstein", "area": 15825.685467489404 }, "geometry": { "type": "MultiPolygon", "coordinates": [ [ [ [ 8.692577, 54.060445 ], [ 8.700025, 54.068315 ], [ 8.684128, 54.064492 ], [ 8.680575, 54.050577 ], [ 8.691927, 54.045722 ], [ 8.702116, 54.047828 ], [ 8.684255, 54.052228 ], [ 8.700431, 54.058034 ], [ 8.692577, 54.060445 ] ] ], [ [ [ 7.919787, 54.188723 ], [ 7.891416, 54.193011 ], [ 7.8691, 54.187827 ], [ 7.890842, 54.169834 ], [ 7.907685, 54.168881 ], [ 7.906634, 54.182275 ], [ 7.918168, 54.181312 ], [ 7.919787, 54.188723 ] ] ], [ [ [ 11.08248, 54.43891 ], [ 11.088576, 54.435907 ], [ 11.091348, 54.43812 ], [ 11.089401, 54.437976 ], [ 11.08248, 54.43891 ] ] ], [ [ [ 8.735938, 54.467624 ], [ 8.727035, 54.467917 ], [ 8.71848, 54.466442 ], [ 8.727233, 54.462323 ], [ 8.735938, 54.467624 ] ] ], [ [ [ 8.552751, 54.45973 ], [ 8.559347, 54.461864 ], [ 8.561972, 54.46479 ], [ 8.547709, 54.46863 ], [ 8.552751, 54.45973 ] ] ], [ [ [ 8.507215, 54.527601 ], [ 8.514462, 54.527826 ], [ 8.51669, 54.529015 ], [ 8.507215, 54.527601 ] ] ], [ [ [ 11.165483, 54.522483 ], [ 11.064244, 54.535056 ], [ 11.031163, 54.511804 ], [ 11.010318, 54.482557 ], [ 11.00786, 54.442499 ], [ 11.038218, 54.429859 ], [ 11.047145, 54.428282 ], [ 11.021973, 54.44297 ], [ 11.06319, 54.452814 ], [ 11.095116, 54.445453 ], [ 11.101799, 54.431568 ], [ 11.095145, 54.409534 ], [ 11.120966, 54.402075 ], [ 11.172951, 54.401482 ], [ 11.229886, 54.412225 ], [ 11.312663, 54.402258 ], [ 11.298077, 54.430765 ], [ 11.252616, 54.471755 ], [ 11.232678, 54.506863 ], [ 11.216731, 54.504378 ], [ 11.165483, 54.522483 ] ] ], [ [ [ 8.827787, 54.545838 ], [ 8.804573, 54.555732 ], [ 8.789375, 54.551904 ], [ 8.827787, 54.545838 ] ] ], [ [ [ 8.705041, 54.557561 ], [ 8.595325, 54.533838 ], [ 8.587826, 54.528854 ], [ 8.58825, 54.515722 ], [ 8.624865, 54.489067 ], [ 8.669849, 54.494527 ], [ 8.687279, 54.509021 ], [ 8.701746, 54.500392 ], [ 8.688708, 54.510788 ], [ 8.696814, 54.517497 ], [ 8.686992, 54.520879 ], [ 8.706042, 54.537596 ], [ 8.710874, 54.552964 ], [ 8.705041, 54.557561 ] ] ], [ [ [ 8.57557, 54.560456 ], [ 8.549937, 54.579431 ], [ 8.508545, 54.576695 ], [ 8.547985, 54.557024 ], [ 8.57557, 54.560456 ] ] ], [ [ [ 8.833228, 54.603409 ], [ 8.814715, 54.601873 ], [ 8.80813, 54.603974 ], [ 8.818851, 54.594806 ], [ 8.833228, 54.603409 ] ] ], [ [ [ 8.771499, 54.636985 ], [ 8.766412, 54.63785 ], [ 8.761153, 54.635964 ], [ 8.762667, 54.635216 ], [ 8.771499, 54.636985 ] ] ], [ [ [ 8.73629, 54.643938 ], [ 8.717477, 54.640872 ], [ 8.710003, 54.631949 ], [ 8.728686, 54.628883 ], [ 8.739965, 54.636284 ], [ 8.73629, 54.643938 ] ] ], [ [ [ 8.656802, 54.643674 ], [ 8.663465, 54.655879 ], [ 8.65187, 54.657638 ], [ 8.602667, 54.641935 ], [ 8.540466, 54.63641 ], [ 8.528868, 54.627306 ], [ 8.547566, 54.617761 ], [ 8.584645, 54.634121 ], [ 8.656802, 54.643674 ] ] ], [ [ [ 8.713081, 54.680072 ], [ 8.690774, 54.676286 ], [ 8.681026, 54.675241 ], [ 8.709707, 54.672387 ], [ 8.713081, 54.680072 ] ] ], [ [ [ 8.342427, 54.693551 ], [ 8.360575, 54.710751 ], [ 8.314112, 54.687546 ], [ 8.294792, 54.664619 ], [ 8.365544, 54.609268 ], [ 8.397153, 54.614081 ], [ 8.403447, 54.622391 ], [ 8.396662, 54.617896 ], [ 8.390431, 54.624269 ], [ 8.401299, 54.627379 ], [ 8.384793, 54.628556 ], [ 8.383315, 54.639618 ], [ 8.361101, 54.649786 ], [ 8.342427, 54.693551 ] ] ], [ [ [ 8.58633, 54.743552 ], [ 8.534184, 54.755864 ], [ 8.427282, 54.746184 ], [ 8.404361, 54.730131 ], [ 8.394951, 54.708775 ], [ 8.402844, 54.700175 ], [ 8.450908, 54.693015 ], [ 8.47072, 54.682572 ], [ 8.566453, 54.679975 ], [ 8.578685, 54.692626 ], [ 8.581768, 54.710203 ], [ 8.597, 54.719091 ], [ 8.584335, 54.730226 ], [ 8.58633, 54.743552 ] ] ], [ [ [ 8.367109, 54.868546 ], [ 8.361992, 54.870004 ], [ 8.360129, 54.869291 ], [ 8.362064, 54.867295 ], [ 8.365562, 54.867425 ], [ 8.367109, 54.868546 ] ] ], [ [ [ 10.307954, 53.433201 ], [ 10.330768, 53.424967 ], [ 10.375434, 53.42483 ], [ 10.502239, 53.373545 ], [ 10.587499, 53.361192 ], [ 10.599105, 53.377828 ], [ 10.616904, 53.38457 ], [ 10.618366, 53.425371 ], [ 10.632308, 53.454803 ], [ 10.652043, 53.461477 ], [ 10.692973, 53.455138 ], [ 10.701661, 53.478255 ], [ 10.756012, 53.483394 ], [ 10.777781, 53.495181 ], [ 10.786431, 53.510457 ], [ 10.824334, 53.513741 ], [ 10.814518, 53.522025 ], [ 10.831906, 53.542582 ], [ 10.823261, 53.575181 ], [ 10.863702, 53.564632 ], [ 10.909484, 53.57145 ], [ 10.923795, 53.584186 ], [ 10.917465, 53.599316 ], [ 10.929563, 53.628707 ], [ 10.954884, 53.656705 ], [ 10.938627, 53.665822 ], [ 10.941767, 53.684542 ], [ 10.918972, 53.689159 ], [ 10.926054, 53.692046 ], [ 10.922142, 53.699469 ], [ 10.905289, 53.703294 ], [ 10.850944, 53.700125 ], [ 10.852171, 53.705845 ], [ 10.810876, 53.720072 ], [ 10.805917, 53.73921 ], [ 10.758033, 53.747517 ], [ 10.757977, 53.763594 ], [ 10.770256, 53.775481 ], [ 10.765915, 53.779901 ], [ 10.773252, 53.792387 ], [ 10.761591, 53.822601 ], [ 10.747851, 53.833364 ], [ 10.75365, 53.848574 ], [ 10.747711, 53.851511 ], [ 10.771923, 53.873735 ], [ 10.799417, 53.876155 ], [ 10.818927, 53.893533 ], [ 10.847211, 53.896943 ], [ 10.848295, 53.905114 ], [ 10.882572, 53.924497 ], [ 10.911294, 53.915226 ], [ 10.902097, 53.906291 ], [ 10.911024, 53.897952 ], [ 10.968376, 53.908862 ], [ 10.89844, 53.92231 ], [ 10.895584, 53.934454 ], [ 10.909411, 53.9476 ], [ 10.903662, 53.956822 ], [ 10.882768, 53.958792 ], [ 10.878837, 53.985947 ], [ 10.860774, 53.993733 ], [ 10.787249, 53.997439 ], [ 10.760187, 54.024607 ], [ 10.75108, 54.045452 ], [ 10.802785, 54.091097 ], [ 10.877515, 54.088018 ], [ 10.955098, 54.141084 ], [ 11.091936, 54.19732 ], [ 11.071918, 54.342246 ], [ 11.125609, 54.373614 ], [ 11.12883, 54.389906 ], [ 11.109707, 54.389159 ], [ 11.107674, 54.397507 ], [ 11.073367, 54.376596 ], [ 11.023741, 54.367712 ], [ 11.022071, 54.38045 ], [ 10.931205, 54.38194 ], [ 10.871763, 54.35827 ], [ 10.789503, 54.312133 ], [ 10.706974, 54.305036 ], [ 10.684634, 54.310319 ], [ 10.638803, 54.347845 ], [ 10.599608, 54.363731 ], [ 10.473699, 54.392473 ], [ 10.387982, 54.426446 ], [ 10.321948, 54.435748 ], [ 10.302108, 54.433153 ], [ 10.276061, 54.42148 ], [ 10.293979, 54.425814 ], [ 10.279878, 54.418175 ], [ 10.226061, 54.413906 ], [ 10.193662, 54.379254 ], [ 10.195952, 54.36602 ], [ 10.178221, 54.361143 ], [ 10.174162, 54.345745 ], [ 10.152083, 54.363327 ], [ 10.192262, 54.390212 ], [ 10.188773, 54.411083 ], [ 10.168852, 54.434131 ], [ 10.199383, 54.455562 ], [ 10.134027, 54.484338 ], [ 9.924255, 54.462294 ], [ 9.901907, 54.450931 ], [ 9.866104, 54.448121 ], [ 9.85537, 54.456283 ], [ 9.875706, 54.475847 ], [ 9.984868, 54.51248 ], [ 10.027329, 54.553117 ], [ 10.031249, 54.647233 ], [ 10.043211, 54.659562 ], [ 10.033501, 54.663465 ], [ 10.036023, 54.688417 ], [ 9.988994, 54.718315 ], [ 9.976906, 54.756836 ], [ 9.957234, 54.779856 ], [ 9.90951, 54.79992 ], [ 9.899698, 54.77279 ], [ 9.905374, 54.763343 ], [ 9.894489, 54.771141 ], [ 9.87202, 54.758919 ], [ 9.874559, 54.752355 ], [ 9.845579, 54.756036 ], [ 9.746718, 54.824125 ], [ 9.604633, 54.854594 ], [ 9.628017, 54.879748 ], [ 9.591911, 54.88697 ], [ 9.463041, 54.831644 ], [ 9.42872, 54.82711 ], [ 9.411131, 54.842297 ], [ 9.382681, 54.839201 ], [ 9.373848, 54.821128 ], [ 9.343133, 54.807066 ], [ 9.34361, 54.800248 ], [ 9.250081, 54.809715 ], [ 9.235755, 54.831104 ], [ 9.24483, 54.843865 ], [ 9.240138, 54.849984 ], [ 9.14333, 54.873023 ], [ 9.04824, 54.871877 ], [ 8.947939, 54.902563 ], [ 8.892036, 54.904913 ], [ 8.859446, 54.896638 ], [ 8.824018, 54.906833 ], [ 8.79896, 54.904576 ], [ 8.776912, 54.892669 ], [ 8.727996, 54.892707 ], [ 8.680346, 54.910491 ], [ 8.638003, 54.911252 ], [ 8.635145, 54.894152 ], [ 8.610286, 54.888391 ], [ 8.427409, 54.877399 ], [ 8.366895, 54.903172 ], [ 8.361672, 54.957818 ], [ 8.352822, 54.967857 ], [ 8.379902, 54.996776 ], [ 8.440029, 55.01587 ], [ 8.427298, 55.030891 ], [ 8.436686, 55.037485 ], [ 8.436704, 55.039409 ], [ 8.426277, 55.032807 ], [ 8.40054, 55.034814 ], [ 8.396235, 55.046155 ], [ 8.464196, 55.045715 ], [ 8.418144, 55.058778 ], [ 8.390665, 55.047025 ], [ 8.292444, 54.896872 ], [ 8.27943, 54.75139 ], [ 8.298827, 54.740824 ], [ 8.293746, 54.757572 ], [ 8.301762, 54.773039 ], [ 8.292048, 54.785986 ], [ 8.299841, 54.803451 ], [ 8.293417, 54.826926 ], [ 8.299249, 54.849408 ], [ 8.308139, 54.859116 ], [ 8.332827, 54.863258 ], [ 8.340561, 54.880575 ], [ 8.345525, 54.874257 ], [ 8.364263, 54.875908 ], [ 8.377918, 54.858598 ], [ 8.414381, 54.847241 ], [ 8.510182, 54.881395 ], [ 8.603369, 54.885708 ], [ 8.612614, 54.878468 ], [ 8.607762, 54.841055 ], [ 8.644229, 54.819083 ], [ 8.65915, 54.795407 ], [ 8.68471, 54.792812 ], [ 8.701674, 54.773688 ], [ 8.697389, 54.760356 ], [ 8.715451, 54.737716 ], [ 8.68621, 54.730341 ], [ 8.741094, 54.716368 ], [ 8.752832, 54.681254 ], [ 8.831947, 54.652591 ], [ 8.846531, 54.625464 ], [ 8.885822, 54.60894 ], [ 8.892968, 54.596777 ], [ 8.868609, 54.561809 ], [ 8.87789, 54.545463 ], [ 8.871453, 54.528293 ], [ 8.806437, 54.498342 ], [ 8.819247, 54.486516 ], [ 8.807015, 54.470159 ], [ 8.841772, 54.460616 ], [ 8.893399, 54.460576 ], [ 8.915991, 54.470573 ], [ 8.931127, 54.491775 ], [ 8.948146, 54.500062 ], [ 8.945454, 54.512426 ], [ 8.983599, 54.524046 ], [ 9.015607, 54.484315 ], [ 9.00338, 54.479242 ], [ 9.018963, 54.474746 ], [ 9.004988, 54.473735 ], [ 9.002396, 54.463668 ], [ 8.958947, 54.45386 ], [ 8.947586, 54.438904 ], [ 8.911436, 54.417736 ], [ 8.871239, 54.404807 ], [ 8.809687, 54.409461 ], [ 8.741622, 54.398751 ], [ 8.672551, 54.399649 ], [ 8.652768, 54.389511 ], [ 8.649062, 54.379754 ], [ 8.691042, 54.373076 ], [ 8.69149, 54.35563 ], [ 8.653718, 54.348989 ], [ 8.644, 54.337925 ], [ 8.601383, 54.339071 ], [ 8.606375, 54.329031 ], [ 8.599642, 54.321527 ], [ 8.608311, 54.308788 ], [ 8.674358, 54.27876 ], [ 8.689112, 54.278619 ], [ 8.70647, 54.293145 ], [ 8.738377, 54.29378 ], [ 8.768693, 54.288568 ], [ 8.77227, 54.281593 ], [ 8.822038, 54.29131 ], [ 8.839509, 54.281728 ], [ 8.84389, 54.256617 ], [ 8.831171, 54.236723 ], [ 8.839979, 54.232882 ], [ 8.83373, 54.214462 ], [ 8.809689, 54.191012 ], [ 8.808868, 54.171037 ], [ 8.835847, 54.134109 ], [ 8.854733, 54.128269 ], [ 8.857866, 54.119193 ], [ 8.892974, 54.133236 ], [ 8.926768, 54.131569 ], [ 8.947816, 54.091146 ], [ 8.976615, 54.071228 ], [ 8.95866, 54.063393 ], [ 8.98549, 54.060127 ], [ 8.977429, 54.041233 ], [ 8.958583, 54.034 ], [ 8.881443, 54.046052 ], [ 8.804832, 54.024415 ], [ 8.832592, 54.023929 ], [ 8.8561, 53.994702 ], [ 8.878042, 53.983625 ], [ 8.877716, 53.973219 ], [ 8.914905, 53.924899 ], [ 8.97026, 53.892196 ], [ 9.019934, 53.889943 ], [ 9.02242, 53.879518 ], [ 9.230586, 53.877772 ], [ 9.319524, 53.850836 ], [ 9.367622, 53.808589 ], [ 9.422587, 53.740668 ], [ 9.507804, 53.691164 ], [ 9.55063, 53.616014 ], [ 9.702788, 53.559328 ], [ 9.730104, 53.557581 ], [ 9.742487, 53.578206 ], [ 9.736263, 53.581852 ], [ 9.74726, 53.591775 ], [ 9.743436, 53.597576 ], [ 9.755618, 53.602529 ], [ 9.759101, 53.610925 ], [ 9.753535, 53.612994 ], [ 9.763673, 53.627495 ], [ 9.770294, 53.627462 ], [ 9.770634, 53.61623 ], [ 9.798123, 53.607516 ], [ 9.789554, 53.603972 ], [ 9.797516, 53.596101 ], [ 9.828782, 53.585291 ], [ 9.889685, 53.622327 ], [ 9.905366, 53.652194 ], [ 9.985599, 53.647235 ], [ 9.998696, 53.681467 ], [ 10.069265, 53.679451 ], [ 10.06067, 53.688397 ], [ 10.077505, 53.699749 ], [ 10.069519, 53.711168 ], [ 10.081842, 53.72042 ], [ 10.121056, 53.713395 ], [ 10.162874, 53.738087 ], [ 10.193671, 53.731015 ], [ 10.181588, 53.709197 ], [ 10.157523, 53.705029 ], [ 10.159455, 53.690819 ], [ 10.140273, 53.680127 ], [ 10.196056, 53.654704 ], [ 10.198619, 53.646436 ], [ 10.189665, 53.638381 ], [ 10.221761, 53.633723 ], [ 10.188952, 53.613014 ], [ 10.20145, 53.584076 ], [ 10.161723, 53.585699 ], [ 10.152558, 53.577901 ], [ 10.148368, 53.563975 ], [ 10.160539, 53.557683 ], [ 10.152583, 53.539793 ], [ 10.166903, 53.537319 ], [ 10.164643, 53.519939 ], [ 10.189709, 53.512631 ], [ 10.210601, 53.520047 ], [ 10.223945, 53.505771 ], [ 10.218607, 53.499055 ], [ 10.236679, 53.496354 ], [ 10.238367, 53.483264 ], [ 10.264326, 53.47514 ], [ 10.26929, 53.464109 ], [ 10.301646, 53.443195 ], [ 10.311646, 53.452323 ], [ 10.325959, 53.44964 ], [ 10.315488, 53.441087 ], [ 10.31819, 53.435331 ], [ 10.307954, 53.433201 ] ] ] ] } },
{ "type": "Feature", "properties": { "name": "Thüringen", "area": 16200.832166657599 }, "geometry": { "type": "Polygon", "coordinates": [ [ [ 11.824265, 50.389757 ], [ 11.9278, 50.432515 ], [ 11.899641, 50.435248 ], [ 11.888509, 50.443606 ], [ 11.931895, 50.464223 ], [ 11.950798, 50.454069 ], [ 11.937693, 50.471692 ], [ 11.964229, 50.486963 ], [ 11.933976, 50.506035 ], [ 11.932932, 50.521256 ], [ 11.925251, 50.526319 ], [ 11.915851, 50.524518 ], [ 11.91846, 50.516981 ], [ 11.888218, 50.516679 ], [ 11.871463, 50.539823 ], [ 11.885209, 50.551942 ], [ 11.926011, 50.556844 ], [ 11.933676, 50.568525 ], [ 11.923566, 50.585708 ], [ 11.98675, 50.609485 ], [ 11.979269, 50.62141 ], [ 12.010397, 50.635461 ], [ 12.022118, 50.62554 ], [ 12.005482, 50.612019 ], [ 12.036138, 50.59395 ], [ 12.035634, 50.581365 ], [ 12.017535, 50.567841 ], [ 12.03099, 50.557776 ], [ 12.030272, 50.549398 ], [ 12.052068, 50.550961 ], [ 12.076644, 50.558008 ], [ 12.083594, 50.578567 ], [ 12.101518, 50.57894 ], [ 12.115773, 50.566948 ], [ 12.127654, 50.574129 ], [ 12.156024, 50.573492 ], [ 12.156092, 50.585579 ], [ 12.110151, 50.58872 ], [ 12.114901, 50.596982 ], [ 12.147222, 50.606098 ], [ 12.146427, 50.625979 ], [ 12.15364, 50.630505 ], [ 12.170442, 50.629235 ], [ 12.174722, 50.614514 ], [ 12.182766, 50.612111 ], [ 12.190752, 50.614423 ], [ 12.198197, 50.641315 ], [ 12.232812, 50.627067 ], [ 12.265518, 50.630793 ], [ 12.264286, 50.643385 ], [ 12.317718, 50.663364 ], [ 12.314455, 50.671417 ], [ 12.322048, 50.681434 ], [ 12.274762, 50.686117 ], [ 12.253382, 50.715705 ], [ 12.273353, 50.729574 ], [ 12.264757, 50.737547 ], [ 12.226985, 50.738218 ], [ 12.228688, 50.757453 ], [ 12.24069, 50.76724 ], [ 12.263921, 50.760456 ], [ 12.290161, 50.783427 ], [ 12.287644, 50.789643 ], [ 12.253154, 50.788835 ], [ 12.253484, 50.799509 ], [ 12.242835, 50.80906 ], [ 12.250495, 50.818538 ], [ 12.259758, 50.811451 ], [ 12.276982, 50.81786 ], [ 12.279863, 50.809704 ], [ 12.289715, 50.823965 ], [ 12.302356, 50.817197 ], [ 12.298584, 50.8299 ], [ 12.306948, 50.818763 ], [ 12.347577, 50.823632 ], [ 12.348317, 50.837535 ], [ 12.374133, 50.853249 ], [ 12.40295, 50.849226 ], [ 12.412985, 50.856873 ], [ 12.420206, 50.83959 ], [ 12.442502, 50.844027 ], [ 12.444152, 50.862584 ], [ 12.464026, 50.870125 ], [ 12.459254, 50.880449 ], [ 12.486666, 50.893897 ], [ 12.51112, 50.894099 ], [ 12.507863, 50.903729 ], [ 12.521322, 50.907599 ], [ 12.538191, 50.900686 ], [ 12.620062, 50.909381 ], [ 12.640121, 50.903074 ], [ 12.652866, 50.923678 ], [ 12.624357, 50.93971 ], [ 12.630113, 50.942503 ], [ 12.621289, 50.975771 ], [ 12.607534, 50.996732 ], [ 12.581022, 50.989235 ], [ 12.583807, 50.981833 ], [ 12.555759, 50.997486 ], [ 12.528349, 50.99828 ], [ 12.54018, 51.005733 ], [ 12.538852, 51.024252 ], [ 12.514369, 51.026877 ], [ 12.516333, 51.01822 ], [ 12.507388, 51.017276 ], [ 12.512452, 51.026419 ], [ 12.502894, 51.0349 ], [ 12.50446, 51.060791 ], [ 12.462915, 51.0669 ], [ 12.458383, 51.084551 ], [ 12.450745, 51.077306 ], [ 12.410448, 51.072855 ], [ 12.392958, 51.084116 ], [ 12.372409, 51.077474 ], [ 12.353618, 51.084607 ], [ 12.35658, 51.094343 ], [ 12.331599, 51.103783 ], [ 12.31847, 51.093827 ], [ 12.283547, 51.091924 ], [ 12.288279, 51.088242 ], [ 12.273208, 51.07506 ], [ 12.265597, 51.076984 ], [ 12.269307, 51.071812 ], [ 12.258493, 51.066144 ], [ 12.262207, 51.049611 ], [ 12.250268, 51.037873 ], [ 12.281378, 51.040228 ], [ 12.293915, 51.03133 ], [ 12.292991, 51.021582 ], [ 12.283518, 51.006436 ], [ 12.239892, 50.97568 ], [ 12.232349, 50.961353 ], [ 12.241671, 50.961514 ], [ 12.238717, 50.951528 ], [ 12.21458, 50.938032 ], [ 12.213819, 50.958436 ], [ 12.197979, 50.956784 ], [ 12.182508, 50.975866 ], [ 12.163208, 50.966485 ], [ 12.16353, 50.9586 ], [ 12.132134, 50.961263 ], [ 12.092158, 50.97653 ], [ 12.014126, 50.968671 ], [ 12.010659, 50.974691 ], [ 12.017188, 50.979061 ], [ 12.006571, 50.991024 ], [ 11.969873, 50.994328 ], [ 11.978644, 51.003696 ], [ 11.977137, 51.016455 ], [ 11.943066, 51.032441 ], [ 11.911896, 51.028179 ], [ 11.910867, 51.04502 ], [ 11.897453, 51.045295 ], [ 11.888807, 51.05584 ], [ 11.803894, 51.047211 ], [ 11.774634, 51.053157 ], [ 11.772094, 51.045008 ], [ 11.75969, 51.042858 ], [ 11.746197, 51.051954 ], [ 11.75325, 51.056989 ], [ 11.7323, 51.068417 ], [ 11.70081, 51.069403 ], [ 11.701582, 51.085823 ], [ 11.692382, 51.099852 ], [ 11.67244, 51.102902 ], [ 11.66695, 51.110785 ], [ 11.63824, 51.111123 ], [ 11.620212, 51.097449 ], [ 11.607503, 51.111607 ], [ 11.57166, 51.119365 ], [ 11.558241, 51.108951 ], [ 11.54782, 51.111702 ], [ 11.545643, 51.10245 ], [ 11.512078, 51.107974 ], [ 11.485219, 51.102534 ], [ 11.463362, 51.11276 ], [ 11.465454, 51.127382 ], [ 11.451004, 51.14667 ], [ 11.471929, 51.148184 ], [ 11.479285, 51.158778 ], [ 11.474948, 51.165826 ], [ 11.48526, 51.165593 ], [ 11.470818, 51.169838 ], [ 11.468568, 51.192654 ], [ 11.452403, 51.192477 ], [ 11.446045, 51.208144 ], [ 11.430949, 51.212476 ], [ 11.39142, 51.203533 ], [ 11.389825, 51.217515 ], [ 11.364833, 51.221359 ], [ 11.384567, 51.245641 ], [ 11.400613, 51.24291 ], [ 11.397795, 51.236738 ], [ 11.412632, 51.241062 ], [ 11.439522, 51.263379 ], [ 11.441745, 51.273314 ], [ 11.456112, 51.277201 ], [ 11.459877, 51.29405 ], [ 11.467785, 51.288387 ], [ 11.475226, 51.298054 ], [ 11.413595, 51.333128 ], [ 11.428815, 51.342829 ], [ 11.399437, 51.344836 ], [ 11.389836, 51.367987 ], [ 11.396852, 51.381331 ], [ 11.330796, 51.390266 ], [ 11.32126, 51.410372 ], [ 11.248506, 51.395133 ], [ 11.247897, 51.405421 ], [ 11.230167, 51.405743 ], [ 11.223883, 51.413186 ], [ 11.192411, 51.402875 ], [ 11.141755, 51.402633 ], [ 11.125661, 51.408118 ], [ 11.127573, 51.413254 ], [ 11.06139, 51.429792 ], [ 11.046041, 51.42627 ], [ 11.049852, 51.420197 ], [ 10.992033, 51.417853 ], [ 11.010664, 51.425315 ], [ 10.966734, 51.432353 ], [ 10.972703, 51.453666 ], [ 10.960817, 51.471225 ], [ 10.972944, 51.481961 ], [ 10.948649, 51.50163 ], [ 10.939721, 51.500726 ], [ 10.945087, 51.50619 ], [ 10.927335, 51.520854 ], [ 10.947972, 51.537573 ], [ 10.911162, 51.555431 ], [ 10.900496, 51.550655 ], [ 10.893072, 51.576518 ], [ 10.882052, 51.580508 ], [ 10.894476, 51.601833 ], [ 10.903331, 51.593828 ], [ 10.929496, 51.591442 ], [ 10.936506, 51.604056 ], [ 10.914091, 51.610163 ], [ 10.922013, 51.618447 ], [ 10.886601, 51.612111 ], [ 10.858615, 51.6329 ], [ 10.822568, 51.62354 ], [ 10.818216, 51.639026 ], [ 10.764511, 51.649008 ], [ 10.749366, 51.640334 ], [ 10.726252, 51.644894 ], [ 10.677283, 51.638376 ], [ 10.682481, 51.628917 ], [ 10.639179, 51.62115 ], [ 10.649001, 51.606514 ], [ 10.633496, 51.607903 ], [ 10.638675, 51.584117 ], [ 10.666307, 51.578099 ], [ 10.656796, 51.558302 ], [ 10.604264, 51.579575 ], [ 10.560269, 51.557068 ], [ 10.518974, 51.553763 ], [ 10.495696, 51.572788 ], [ 10.444382, 51.589656 ], [ 10.370023, 51.587536 ], [ 10.378999, 51.568573 ], [ 10.365365, 51.555891 ], [ 10.372185, 51.552993 ], [ 10.367664, 51.543036 ], [ 10.348125, 51.532173 ], [ 10.342275, 51.519497 ], [ 10.308818, 51.51514 ], [ 10.29967, 51.493896 ], [ 10.244678, 51.483735 ], [ 10.233173, 51.470846 ], [ 10.216946, 51.470075 ], [ 10.218202, 51.47854 ], [ 10.201975, 51.48652 ], [ 10.178252, 51.470016 ], [ 10.186012, 51.462174 ], [ 10.174306, 51.446256 ], [ 10.140005, 51.442614 ], [ 10.150399, 51.429425 ], [ 10.080108, 51.43456 ], [ 10.069108, 51.418438 ], [ 10.058782, 51.434893 ], [ 10.046803, 51.436673 ], [ 10.051442, 51.430321 ], [ 10.037844, 51.420005 ], [ 10.009329, 51.420604 ], [ 10.000375, 51.403655 ], [ 9.965943, 51.395477 ], [ 9.923293, 51.368043 ], [ 9.929937, 51.339969 ], [ 9.947567, 51.326395 ], [ 9.939742, 51.306959 ], [ 9.969853, 51.300271 ], [ 9.972977, 51.284351 ], [ 10.004331, 51.286983 ], [ 10.059916, 51.275865 ], [ 10.046554, 51.264501 ], [ 10.046969, 51.253426 ], [ 10.078995, 51.242781 ], [ 10.068673, 51.226563 ], [ 10.090283, 51.226669 ], [ 10.113172, 51.215206 ], [ 10.138402, 51.220135 ], [ 10.149791, 51.206189 ], [ 10.168445, 51.21219 ], [ 10.197014, 51.192057 ], [ 10.235999, 51.184767 ], [ 10.207323, 51.164917 ], [ 10.200378, 51.149931 ], [ 10.21069, 51.142472 ], [ 10.203788, 51.135655 ], [ 10.210717, 51.122905 ], [ 10.199959, 51.112972 ], [ 10.179215, 51.127647 ], [ 10.184905, 51.14112 ], [ 10.168739, 51.153268 ], [ 10.118322, 51.139573 ], [ 10.153792, 51.118459 ], [ 10.174631, 51.116867 ], [ 10.175488, 51.106905 ], [ 10.160415, 51.10805 ], [ 10.16568, 51.0995 ], [ 10.144695, 51.084814 ], [ 10.155188, 51.070419 ], [ 10.14059, 51.058491 ], [ 10.198847, 51.04009 ], [ 10.215186, 51.026419 ], [ 10.192622, 51.018532 ], [ 10.202905, 51.008106 ], [ 10.190786, 50.999068 ], [ 10.17104, 50.996219 ], [ 10.169082, 51.00193 ], [ 10.14688, 50.993824 ], [ 10.131563, 50.996898 ], [ 10.133082, 51.004819 ], [ 10.120843, 51.011701 ], [ 10.103484, 51.003367 ], [ 10.0364, 51.012376 ], [ 10.01947, 50.980708 ], [ 10.040949, 50.967526 ], [ 10.032161, 50.959635 ], [ 10.042037, 50.957234 ], [ 10.043049, 50.948482 ], [ 10.062346, 50.943784 ], [ 10.029439, 50.938113 ], [ 10.024901, 50.943751 ], [ 10.013557, 50.934735 ], [ 9.991006, 50.943566 ], [ 9.950087, 50.94225 ], [ 9.956556, 50.933662 ], [ 9.949685, 50.926508 ], [ 9.957144, 50.9226 ], [ 9.96556, 50.933581 ], [ 9.991996, 50.934515 ], [ 9.969632, 50.913488 ], [ 9.971464, 50.907411 ], [ 10.015636, 50.920624 ], [ 10.050909, 50.900089 ], [ 10.041952, 50.89334 ], [ 10.059804, 50.885393 ], [ 10.021893, 50.864486 ], [ 10.021929, 50.847857 ], [ 10.03862, 50.853115 ], [ 10.023055, 50.831631 ], [ 10.006836, 50.837682 ], [ 9.998019, 50.826505 ], [ 9.976816, 50.833273 ], [ 9.952253, 50.821375 ], [ 9.956677, 50.809619 ], [ 9.94357, 50.797698 ], [ 9.955135, 50.78555 ], [ 9.952134, 50.773292 ], [ 9.928431, 50.776594 ], [ 9.920126, 50.759612 ], [ 9.939614, 50.75592 ], [ 9.941503, 50.739139 ], [ 9.935162, 50.724118 ], [ 9.908891, 50.704532 ], [ 9.923142, 50.694198 ], [ 9.881273, 50.673379 ], [ 9.878551, 50.634781 ], [ 9.906106, 50.640382 ], [ 9.929696, 50.629017 ], [ 9.960722, 50.629484 ], [ 9.968902, 50.641259 ], [ 9.949711, 50.655873 ], [ 9.951484, 50.665927 ], [ 10.001995, 50.676603 ], [ 10.051054, 50.672897 ], [ 10.082965, 50.633705 ], [ 10.08105, 50.620025 ], [ 10.057504, 50.62612 ], [ 10.037191, 50.612926 ], [ 10.048798, 50.598621 ], [ 10.046359, 50.571255 ], [ 10.061829, 50.556687 ], [ 10.039693, 50.532586 ], [ 10.041338, 50.51647 ], [ 10.071825, 50.527671 ], [ 10.074721, 50.539946 ], [ 10.089842, 50.544814 ], [ 10.107094, 50.563734 ], [ 10.119408, 50.564225 ], [ 10.140367, 50.54285 ], [ 10.150268, 50.551888 ], [ 10.175441, 50.542918 ], [ 10.177893, 50.55168 ], [ 10.203874, 50.554701 ], [ 10.208326, 50.540631 ], [ 10.231974, 50.531088 ], [ 10.225792, 50.518719 ], [ 10.230828, 50.511803 ], [ 10.256222, 50.512813 ], [ 10.30657, 50.492079 ], [ 10.330582, 50.494277 ], [ 10.341411, 50.483 ], [ 10.336154, 50.465897 ], [ 10.356726, 50.45519 ], [ 10.367272, 50.438774 ], [ 10.381332, 50.438852 ], [ 10.370715, 50.431758 ], [ 10.403835, 50.424775 ], [ 10.383918, 50.408621 ], [ 10.394494, 50.393652 ], [ 10.423743, 50.392532 ], [ 10.449503, 50.403047 ], [ 10.463658, 50.376015 ], [ 10.494443, 50.369443 ], [ 10.48599, 50.363054 ], [ 10.492406, 50.355056 ], [ 10.512476, 50.359806 ], [ 10.514624, 50.349897 ], [ 10.531011, 50.36511 ], [ 10.544408, 50.364506 ], [ 10.561785, 50.337098 ], [ 10.60055, 50.333688 ], [ 10.592359, 50.308081 ], [ 10.605324, 50.293537 ], [ 10.59104, 50.271784 ], [ 10.607296, 50.271257 ], [ 10.597829, 50.262621 ], [ 10.611315, 50.249075 ], [ 10.597108, 50.246173 ], [ 10.612047, 50.224138 ], [ 10.658961, 50.230709 ], [ 10.66367, 50.221543 ], [ 10.686714, 50.225908 ], [ 10.695753, 50.211799 ], [ 10.716645, 50.204819 ], [ 10.731221, 50.212654 ], [ 10.726239, 50.240889 ], [ 10.732168, 50.251838 ], [ 10.769632, 50.24084 ], [ 10.781844, 50.251284 ], [ 10.800564, 50.251443 ], [ 10.807269, 50.240197 ], [ 10.824047, 50.237533 ], [ 10.847653, 50.245021 ], [ 10.846358, 50.275095 ], [ 10.80392, 50.279753 ], [ 10.80255, 50.291981 ], [ 10.770729, 50.292672 ], [ 10.741845, 50.315914 ], [ 10.715396, 50.321177 ], [ 10.715002, 50.333032 ], [ 10.728148, 50.33812 ], [ 10.728873, 50.347942 ], [ 10.714304, 50.346346 ], [ 10.712455, 50.354644 ], [ 10.715267, 50.363591 ], [ 10.754509, 50.358172 ], [ 10.785882, 50.385384 ], [ 10.804251, 50.379109 ], [ 10.830443, 50.392616 ], [ 10.861838, 50.38767 ], [ 10.872747, 50.396794 ], [ 10.887188, 50.392572 ], [ 10.893118, 50.380324 ], [ 10.937635, 50.391905 ], [ 10.961787, 50.377585 ], [ 10.956661, 50.368482 ], [ 10.985781, 50.347321 ], [ 10.999519, 50.351973 ], [ 10.993487, 50.365469 ], [ 11.033417, 50.361358 ], [ 11.031703, 50.355131 ], [ 11.043497, 50.352232 ], [ 11.032407, 50.351501 ], [ 11.042988, 50.344722 ], [ 11.085754, 50.352034 ], [ 11.089737, 50.365887 ], [ 11.115305, 50.367007 ], [ 11.116798, 50.349334 ], [ 11.139108, 50.353506 ], [ 11.159197, 50.330392 ], [ 11.131755, 50.308088 ], [ 11.145923, 50.284956 ], [ 11.15848, 50.289204 ], [ 11.18371, 50.280895 ], [ 11.173971, 50.27128 ], [ 11.187139, 50.269556 ], [ 11.197848, 50.291856 ], [ 11.251591, 50.268684 ], [ 11.260241, 50.28709 ], [ 11.251995, 50.299265 ], [ 11.270337, 50.306747 ], [ 11.256466, 50.322273 ], [ 11.261329, 50.337913 ], [ 11.277099, 50.335962 ], [ 11.262435, 50.352401 ], [ 11.284253, 50.360307 ], [ 11.276083, 50.380923 ], [ 11.264334, 50.38704 ], [ 11.270869, 50.394204 ], [ 11.258056, 50.400038 ], [ 11.268013, 50.432212 ], [ 11.2632, 50.442889 ], [ 11.247092, 50.448924 ], [ 11.254893, 50.456423 ], [ 11.247116, 50.477304 ], [ 11.289115, 50.485566 ], [ 11.290982, 50.475257 ], [ 11.300936, 50.488406 ], [ 11.323142, 50.491165 ], [ 11.321355, 50.508567 ], [ 11.346991, 50.51161 ], [ 11.346569, 50.521535 ], [ 11.429279, 50.512233 ], [ 11.440946, 50.499959 ], [ 11.436032, 50.49218 ], [ 11.418815, 50.493461 ], [ 11.426474, 50.484541 ], [ 11.418091, 50.48186 ], [ 11.4155, 50.467847 ], [ 11.423595, 50.462257 ], [ 11.420631, 50.443366 ], [ 11.451254, 50.431033 ], [ 11.443442, 50.420821 ], [ 11.463153, 50.432176 ], [ 11.481568, 50.431622 ], [ 11.488122, 50.415835 ], [ 11.478737, 50.401216 ], [ 11.51891, 50.395666 ], [ 11.519853, 50.374268 ], [ 11.560064, 50.384127 ], [ 11.573152, 50.400122 ], [ 11.594313, 50.402604 ], [ 11.624601, 50.38687 ], [ 11.683895, 50.392889 ], [ 11.708264, 50.403938 ], [ 11.714721, 50.396635 ], [ 11.744046, 50.410504 ], [ 11.761564, 50.405256 ], [ 11.750841, 50.414453 ], [ 11.772605, 50.411532 ], [ 11.780251, 50.418755 ], [ 11.797353, 50.417321 ], [ 11.817376, 50.40059 ], [ 11.825495, 50.40442 ], [ 11.818404, 50.393568 ], [ 11.824265, 50.389757 ] ], [ [ 11.446614, 51.19888 ], [ 11.439672, 51.197668 ], [ 11.439386, 51.199766 ], [ 11.446614, 51.19888 ] ] ] } },
{ "type": "Feature", "properties": { "name": "Baltic Sea", "area": 15341.89010981936 }, "geometry": { "type": "MultiPolygon", "coordinates": [ [ [ [ 14.039214, 53.873377 ], [ 14.186354, 53.872424 ], [ 14.222442, 53.864237 ], [ 14.201402, 53.810509 ], [ 14.287815, 53.78292 ], [ 14.267614, 53.720192 ], [ 14.278596, 53.710941 ], [ 14.268325, 53.698073 ], [ 14.245317, 53.693721 ], [ 14.215045, 53.703245 ], [ 14.272344, 53.737392 ], [ 14.249149, 53.758496 ], [ 14.229103, 53.76154 ], [ 14.180862, 53.735531 ], [ 14.16202, 53.742777 ], [ 14.100457, 53.740279 ], [ 13.97206, 53.772303 ], [ 13.916193, 53.80626 ], [ 13.90097, 53.802555 ], [ 13.874036, 53.820499 ], [ 13.867659, 53.835642 ], [ 13.849811, 53.843457 ], [ 13.818289, 53.842144 ], [ 13.806385, 53.858411 ], [ 13.831004, 53.864882 ], [ 13.82203, 53.856624 ], [ 13.826307, 53.849487 ], [ 13.898314, 53.839694 ], [ 13.990281, 53.847805 ], [ 14.039214, 53.873377 ] ], [ [ 14.248801, 53.707676 ], [ 14.255635, 53.701284 ], [ 14.268296, 53.705499 ], [ 14.26301, 53.71069 ], [ 14.248801, 53.707676 ] ] ], [ [ [ 13.992833, 54.962444 ], [ 14.172778, 54.8125 ], [ 14.414167, 54.8125 ], [ 14.414167, 54.658333 ], [ 14.636243, 54.536485 ], [ 14.629231, 54.533697 ], [ 14.75, 54.5 ], [ 14.599678, 54.383333 ], [ 14.352222, 54.168889 ], [ 14.239389, 54.127322 ], [ 14.203342, 54.127711 ], [ 14.244122, 53.989294 ], [ 14.227994, 53.929292 ], [ 14.181181, 53.94743 ], [ 14.014356, 54.053751 ], [ 13.930969, 54.075856 ], [ 13.868276, 54.103293 ], [ 13.836533, 54.127356 ], [ 13.812073, 54.177307 ], [ 13.803374, 54.17836 ], [ 13.809463, 54.174297 ], [ 13.76599, 54.170274 ], [ 13.749226, 54.158381 ], [ 13.75755, 54.13459 ], [ 13.772574, 54.132361 ], [ 13.774534, 54.119318 ], [ 13.804543, 54.109989 ], [ 13.812207, 54.098492 ], [ 13.797222, 54.062174 ], [ 13.787518, 54.056255 ], [ 13.790625, 54.049831 ], [ 13.763618, 54.03081 ], [ 13.768644, 54.019609 ], [ 13.801255, 54.018506 ], [ 13.820316, 54.036828 ], [ 13.857665, 54.048444 ], [ 13.878767, 54.039893 ], [ 13.85286, 54.013256 ], [ 13.852783, 54.004047 ], [ 13.861923, 53.999611 ], [ 13.867142, 54.007226 ], [ 13.899639, 54.012135 ], [ 13.923334, 54.035294 ], [ 13.915358, 54.047258 ], [ 13.9088, 54.043323 ], [ 13.917277, 54.05984 ], [ 13.910864, 54.063685 ], [ 13.97398, 54.063298 ], [ 13.968743, 54.059338 ], [ 13.996819, 54.041058 ], [ 14.003568, 54.010761 ], [ 14.029601, 54.017263 ], [ 14.046765, 53.995789 ], [ 14.046317, 53.973686 ], [ 14.034747, 53.94974 ], [ 14.042327, 53.941999 ], [ 14.034777, 53.940985 ], [ 14.012639, 53.949459 ], [ 14.024963, 53.961956 ], [ 13.984286, 53.962637 ], [ 13.962953, 53.957338 ], [ 13.970692, 53.950045 ], [ 13.958754, 53.933912 ], [ 13.951576, 53.944269 ], [ 13.958423, 53.952712 ], [ 13.950072, 53.958536 ], [ 13.97364, 53.970294 ], [ 13.963338, 53.973128 ], [ 13.964201, 53.990326 ], [ 13.906484, 53.98974 ], [ 13.89501, 53.966674 ], [ 13.922938, 53.949848 ], [ 13.938237, 53.909469 ], [ 13.921411, 53.88787 ], [ 13.89276, 53.876553 ], [ 13.825046, 53.866035 ], [ 13.82342, 53.877114 ], [ 13.846542, 53.877692 ], [ 13.864592, 53.900495 ], [ 13.901668, 53.90995 ], [ 13.914073, 53.921925 ], [ 13.881472, 53.950163 ], [ 13.851915, 53.952906 ], [ 13.854114, 53.964844 ], [ 13.834591, 53.984027 ], [ 13.795816, 53.99552 ], [ 13.759526, 54.015735 ], [ 13.757833, 54.028107 ], [ 13.744506, 54.029067 ], [ 13.785144, 54.049494 ], [ 13.783135, 54.059126 ], [ 13.774499, 54.059842 ], [ 13.78964, 54.06371 ], [ 13.805783, 54.103574 ], [ 13.777414, 54.108893 ], [ 13.768072, 54.115746 ], [ 13.767255, 54.119899 ], [ 13.757526, 54.119096 ], [ 13.755077, 54.123975 ], [ 13.762681, 54.12758 ], [ 13.747885, 54.133903 ], [ 13.749742, 54.139072 ], [ 13.734534, 54.136235 ], [ 13.696416, 54.149022 ], [ 13.695313, 54.157741 ], [ 13.71848, 54.163634 ], [ 13.696446, 54.171868 ], [ 13.629478, 54.140625 ], [ 13.491095, 54.124111 ], [ 13.476691, 54.116307 ], [ 13.500469, 54.085151 ], [ 13.456349, 54.09106 ], [ 13.457392, 54.097603 ], [ 13.438322, 54.11185 ], [ 13.435718, 54.129661 ], [ 13.406586, 54.14711 ], [ 13.411242, 54.156186 ], [ 13.381933, 54.14239 ], [ 13.382295, 54.151868 ], [ 13.423215, 54.166984 ], [ 13.418225, 54.173433 ], [ 13.394868, 54.180632 ], [ 13.400133, 54.17003 ], [ 13.377317, 54.17659 ], [ 13.318707, 54.159911 ], [ 13.346501, 54.18003 ], [ 13.327497, 54.183757 ], [ 13.286275, 54.235112 ], [ 13.216521, 54.240924 ], [ 13.211186, 54.24434 ], [ 13.215834, 54.249549 ], [ 13.184935, 54.266267 ], [ 13.164093, 54.265205 ], [ 13.143788, 54.25349 ], [ 13.158077, 54.266279 ], [ 13.179247, 54.26982 ], [ 13.165767, 54.277499 ], [ 13.136731, 54.268444 ], [ 13.107877, 54.280572 ], [ 13.104076, 54.288951 ], [ 13.112082, 54.304218 ], [ 13.088338, 54.320292 ], [ 13.075785, 54.345691 ], [ 13.09338, 54.366493 ], [ 13.08096, 54.38011 ], [ 13.049111, 54.379758 ], [ 13.025038, 54.396648 ], [ 13.022691, 54.417167 ], [ 13.035021, 54.43092 ], [ 13.016229, 54.439294 ], [ 12.897369, 54.401622 ], [ 12.878325, 54.365251 ], [ 12.809423, 54.345299 ], [ 12.802996, 54.372653 ], [ 12.785834, 54.379047 ], [ 12.787386, 54.395879 ], [ 12.773916, 54.387974 ], [ 12.767379, 54.371116 ], [ 12.754693, 54.371438 ], [ 12.744125, 54.383629 ], [ 12.734933, 54.370536 ], [ 12.720529, 54.372912 ], [ 12.714872, 54.398696 ], [ 12.699827, 54.398704 ], [ 12.6954, 54.384321 ], [ 12.6823, 54.375152 ], [ 12.686317, 54.371022 ], [ 12.677049, 54.370362 ], [ 12.693529, 54.385684 ], [ 12.687885, 54.39909 ], [ 12.714957, 54.404086 ], [ 12.706154, 54.411989 ], [ 12.685661, 54.406817 ], [ 12.65625, 54.407645 ], [ 12.669759, 54.39096 ], [ 12.598853, 54.370754 ], [ 12.59165, 54.357538 ], [ 12.574094, 54.358405 ], [ 12.582424, 54.37337 ], [ 12.553369, 54.379412 ], [ 12.55445, 54.372368 ], [ 12.534335, 54.365094 ], [ 12.552716, 54.358944 ], [ 12.539011, 54.351815 ], [ 12.53462, 54.338467 ], [ 12.473869, 54.330015 ], [ 12.478743, 54.304315 ], [ 12.433879, 54.296546 ], [ 12.40954, 54.280262 ], [ 12.41825, 54.257906 ], [ 12.460382, 54.24851 ], [ 12.41593, 54.247173 ], [ 12.364016, 54.265955 ], [ 12.382856, 54.277976 ], [ 12.35869, 54.299597 ], [ 12.360691, 54.306217 ], [ 12.383859, 54.309963 ], [ 12.396685, 54.323242 ], [ 12.39684, 54.333173 ], [ 12.385179, 54.339297 ], [ 12.389965, 54.342957 ], [ 12.418059, 54.336359 ], [ 12.421344, 54.353043 ], [ 12.414719, 54.365093 ], [ 12.435896, 54.378479 ], [ 12.495613, 54.381889 ], [ 12.524022, 54.36974 ], [ 12.526263, 54.380209 ], [ 12.551859, 54.389323 ], [ 12.592791, 54.383356 ], [ 12.597601, 54.391347 ], [ 12.578121, 54.397092 ], [ 12.57784, 54.404104 ], [ 12.61697, 54.407139 ], [ 12.611407, 54.41112 ], [ 12.617686, 54.417865 ], [ 12.637601, 54.424763 ], [ 12.636475, 54.416324 ], [ 12.64672, 54.419352 ], [ 12.6636, 54.408262 ], [ 12.67029, 54.422057 ], [ 12.688547, 54.430057 ], [ 12.691066, 54.424617 ], [ 12.674005, 54.4188 ], [ 12.730683, 54.415777 ], [ 12.724722, 54.425013 ], [ 12.696908, 54.431086 ], [ 12.720115, 54.431859 ], [ 12.739335, 54.415362 ], [ 12.788505, 54.417102 ], [ 12.801599, 54.408237 ], [ 12.821522, 54.421052 ], [ 12.87531, 54.413247 ], [ 12.922497, 54.423165 ], [ 12.938489, 54.438012 ], [ 12.962269, 54.437942 ], [ 12.930127, 54.442737 ], [ 12.921702, 54.432212 ], [ 12.92037, 54.444543 ], [ 12.65625, 54.442522 ], [ 12.548892, 54.455858 ], [ 12.526433, 54.471091 ], [ 12.530361, 54.482281 ], [ 12.518519, 54.484302 ], [ 12.496552, 54.46965 ], [ 12.451928, 54.404292 ], [ 12.407888, 54.377501 ], [ 12.339909, 54.298474 ], [ 12.19548, 54.242587 ], [ 12.132709, 54.188554 ], [ 12.109025, 54.177931 ], [ 12.095141, 54.180652 ], [ 12.101007, 54.169104 ], [ 12.109601, 54.175553 ], [ 12.142443, 54.172338 ], [ 12.13642, 54.168215 ], [ 12.142455, 54.160767 ], [ 12.121551, 54.158308 ], [ 12.124864, 54.150461 ], [ 12.108812, 54.155331 ], [ 12.112512, 54.146378 ], [ 12.106272, 54.156141 ], [ 12.103608, 54.148194 ], [ 12.097796, 54.153089 ], [ 12.097889, 54.116226 ], [ 12.117459, 54.096928 ], [ 12.150625, 54.094369 ], [ 12.109633, 54.095572 ], [ 12.092565, 54.108952 ], [ 12.0849, 54.144686 ], [ 12.09702, 54.169716 ], [ 12.087097, 54.182963 ], [ 12.008824, 54.177684 ], [ 11.853202, 54.145119 ], [ 11.760831, 54.154545 ], [ 11.680708, 54.152616 ], [ 11.608369, 54.106595 ], [ 11.556796, 54.095387 ], [ 11.525345, 54.071682 ], [ 11.534166, 54.07415 ], [ 11.531852, 54.049104 ], [ 11.606622, 54.103835 ], [ 11.625742, 54.089402 ], [ 11.622173, 54.075884 ], [ 11.581398, 54.063243 ], [ 11.586323, 54.046756 ], [ 11.572311, 54.032677 ], [ 11.540766, 54.02512 ], [ 11.520006, 54.03275 ], [ 11.517811, 54.025082 ], [ 11.534521, 54.021056 ], [ 11.509696, 54.011875 ], [ 11.491838, 53.99312 ], [ 11.499605, 53.98593 ], [ 11.489859, 53.968312 ], [ 11.486666, 53.974444 ], [ 11.467419, 53.973304 ], [ 11.479748, 53.981569 ], [ 11.47779, 53.997573 ], [ 11.491433, 54.001171 ], [ 11.492105, 54.022599 ], [ 11.44467, 54.021014 ], [ 11.376746, 53.995644 ], [ 11.377637, 53.975359 ], [ 11.389961, 53.964844 ], [ 11.410785, 53.966657 ], [ 11.386752, 53.968099 ], [ 11.392857, 53.974394 ], [ 11.428115, 53.961083 ], [ 11.427994, 53.985942 ], [ 11.444892, 53.997018 ], [ 11.44286, 53.961077 ], [ 11.454095, 53.957511 ], [ 11.467052, 53.970459 ], [ 11.475624, 53.969115 ], [ 11.471445, 53.963562 ], [ 11.483693, 53.967858 ], [ 11.480528, 53.927554 ], [ 11.445097, 53.911992 ], [ 11.452047, 53.899909 ], [ 11.434893, 53.901547 ], [ 11.437953, 53.910151 ], [ 11.403145, 53.921465 ], [ 11.405633, 53.934968 ], [ 11.364524, 53.935187 ], [ 11.333942, 53.958537 ], [ 11.286158, 53.930194 ], [ 11.258367, 53.934166 ], [ 11.240607, 53.951572 ], [ 11.257552, 53.985584 ], [ 11.214744, 53.984683 ], [ 11.178917, 54.015573 ], [ 11.040638, 54.006359 ], [ 10.934937, 53.9647 ], [ 10.875372, 53.956904 ], [ 10.863319, 53.948161 ], [ 10.866866, 53.940325 ], [ 10.902411, 53.954015 ], [ 10.909582, 53.946137 ], [ 10.896141, 53.936327 ], [ 10.894891, 53.9244 ], [ 10.967705, 53.907768 ], [ 10.910961, 53.897891 ], [ 10.902226, 53.903968 ], [ 10.91036, 53.915393 ], [ 10.883001, 53.924198 ], [ 10.848325, 53.904925 ], [ 10.847136, 53.89651 ], [ 10.813073, 53.887298 ], [ 10.802688, 53.893564 ], [ 10.768129, 53.890482 ], [ 10.768136, 53.897359 ], [ 10.776541, 53.897968 ], [ 10.740759, 53.907945 ], [ 10.706116, 53.901572 ], [ 10.704608, 53.889449 ], [ 10.69526, 53.885922 ], [ 10.698797, 53.900824 ], [ 10.711581, 53.906857 ], [ 10.75422, 53.908695 ], [ 10.78239, 53.896222 ], [ 10.81324, 53.894874 ], [ 10.866086, 53.918216 ], [ 10.85745, 53.951319 ], [ 10.884495, 53.960235 ], [ 10.885156, 53.978096 ], [ 10.863212, 53.992437 ], [ 10.785696, 53.997038 ], [ 10.752853, 54.032889 ], [ 10.752853, 54.052122 ], [ 10.791628, 54.075057 ], [ 10.804871, 54.095967 ], [ 10.873442, 54.086525 ], [ 10.953947, 54.140625 ], [ 11.093494, 54.197898 ], [ 11.081418, 54.247484 ], [ 11.084548, 54.281378 ], [ 11.075224, 54.307958 ], [ 11.075347, 54.346157 ], [ 11.063212, 54.343987 ], [ 11.058724, 54.354168 ], [ 11.072978, 54.356682 ], [ 11.078529, 54.345114 ], [ 11.086435, 54.356387 ], [ 11.127087, 54.374586 ], [ 11.130435, 54.388817 ], [ 11.117806, 54.394533 ], [ 11.096779, 54.393641 ], [ 11.079013, 54.377281 ], [ 11.025372, 54.367496 ], [ 10.993803, 54.370463 ], [ 10.984586, 54.374653 ], [ 10.982659, 54.379334 ], [ 11.024558, 54.376356 ], [ 11.021703, 54.380486 ], [ 10.930396, 54.381932 ], [ 10.870908, 54.358213 ], [ 10.787675, 54.311304 ], [ 10.705095, 54.304716 ], [ 10.683424, 54.310298 ], [ 10.638475, 54.347702 ], [ 10.59837, 54.364067 ], [ 10.477285, 54.391798 ], [ 10.390542, 54.425365 ], [ 10.319126, 54.435517 ], [ 10.30222, 54.433197 ], [ 10.277214, 54.420496 ], [ 10.293507, 54.42539 ], [ 10.289487, 54.419188 ], [ 10.229156, 54.413991 ], [ 10.193883, 54.379285 ], [ 10.195313, 54.365513 ], [ 10.178388, 54.361013 ], [ 10.176607, 54.334296 ], [ 10.170492, 54.333521 ], [ 10.184208, 54.327839 ], [ 10.151807, 54.323959 ], [ 10.134016, 54.310864 ], [ 10.157315, 54.33698 ], [ 10.141032, 54.353057 ], [ 10.1513, 54.363076 ], [ 10.092489, 54.370762 ], [ 10.057215, 54.359126 ], [ 10.022005, 54.359587 ], [ 9.986111, 54.344939 ], [ 9.964931, 54.341177 ], [ 9.961179, 54.326991 ], [ 9.962504, 54.3412 ], [ 9.928773, 54.341182 ], [ 9.858776, 54.361953 ], [ 9.783721, 54.358259 ], [ 9.717197, 54.322156 ], [ 9.713164, 54.307433 ], [ 9.702909, 54.297475 ], [ 9.642283, 54.28272 ], [ 9.603621, 54.225827 ], [ 9.590487, 54.215987 ], [ 9.545156, 54.193947 ], [ 9.522278, 54.191386 ], [ 9.58976, 54.217795 ], [ 9.63705, 54.281385 ], [ 9.703042, 54.299802 ], [ 9.714399, 54.335061 ], [ 9.783692, 54.360008 ], [ 9.851642, 54.364118 ], [ 9.922282, 54.343702 ], [ 9.961259, 54.342689 ], [ 10.015139, 54.35924 ], [ 10.02639, 54.360977 ], [ 10.059975, 54.360834 ], [ 10.084823, 54.371123 ], [ 10.153955, 54.368762 ], [ 10.165558, 54.378298 ], [ 10.161166, 54.385574 ], [ 10.191842, 54.389796 ], [ 10.190962, 54.408047 ], [ 10.168693, 54.433741 ], [ 10.199047, 54.455496 ], [ 10.136562, 54.483665 ], [ 9.959742, 54.466797 ], [ 9.868981, 54.44743 ], [ 9.84375, 54.460379 ], [ 9.839152, 54.475801 ], [ 9.870857, 54.471166 ], [ 9.965051, 54.502714 ], [ 9.996765, 54.520188 ], [ 10.026676, 54.549763 ], [ 10.033353, 54.657408 ], [ 10.01506, 54.660993 ], [ 10.032069, 54.662233 ], [ 10.0349, 54.667969 ], [ 10.033232, 54.669872 ], [ 10.011809, 54.661868 ], [ 10.001804, 54.673817 ], [ 9.997295, 54.666034 ], [ 9.949591, 54.674229 ], [ 9.936781, 54.659943 ], [ 9.94506, 54.636442 ], [ 9.937116, 54.622999 ], [ 9.84215, 54.590915 ], [ 9.839401, 54.583694 ], [ 9.820328, 54.582911 ], [ 9.77757, 54.553295 ], [ 9.771133, 54.557574 ], [ 9.748865, 54.546341 ], [ 9.736996, 54.524973 ], [ 9.724299, 54.520304 ], [ 9.726427, 54.528054 ], [ 9.72033, 54.528659 ], [ 9.715688, 54.51732 ], [ 9.700716, 54.515447 ], [ 9.715577, 54.491614 ], [ 9.691893, 54.490107 ], [ 9.663963, 54.506388 ], [ 9.624414, 54.511358 ], [ 9.580729, 54.500859 ], [ 9.582733, 54.478081 ], [ 9.574904, 54.47525 ], [ 9.57626, 54.485643 ], [ 9.567168, 54.494409 ], [ 9.577515, 54.500384 ], [ 9.545137, 54.509208 ], [ 9.586611, 54.510048 ], [ 9.604263, 54.526579 ], [ 9.62769, 54.530905 ], [ 9.63307, 54.514403 ], [ 9.646931, 54.523857 ], [ 9.696289, 54.527188 ], [ 9.713248, 54.520075 ], [ 9.719462, 54.529985 ], [ 9.714659, 54.533001 ], [ 9.734548, 54.532464 ], [ 9.753528, 54.557959 ], [ 9.767823, 54.564531 ], [ 9.768539, 54.579734 ], [ 9.788275, 54.573191 ], [ 9.811381, 54.579569 ], [ 9.809377, 54.587066 ], [ 9.802029, 54.579883 ], [ 9.804134, 54.587814 ], [ 9.810127, 54.589262 ], [ 9.819937, 54.583635 ], [ 9.835709, 54.598186 ], [ 9.907798, 54.62754 ], [ 9.908209, 54.634226 ], [ 9.932829, 54.627569 ], [ 9.937801, 54.672464 ], [ 9.97716, 54.682554 ], [ 9.974147, 54.693198 ], [ 9.983169, 54.700967 ], [ 9.992656, 54.698849 ], [ 9.98896, 54.682679 ], [ 10.02192, 54.691889 ], [ 10.034655, 54.67243 ], [ 10.037624, 54.687624 ], [ 9.988948, 54.71686 ], [ 9.976838, 54.756511 ], [ 9.96634, 54.767201 ], [ 10.071925, 54.778824 ], [ 10.185918, 54.759185 ], [ 10.199661, 54.742052 ], [ 10.217075, 54.756021 ], [ 10.373084, 54.620295 ], [ 10.659122, 54.54374 ], [ 10.731818, 54.546352 ], [ 10.903015, 54.636746 ], [ 11.073769, 54.63722 ], [ 11.156606, 54.621498 ], [ 11.320362, 54.569248 ], [ 11.442284, 54.497441 ], [ 11.580762, 54.429273 ], [ 11.669544, 54.364189 ], [ 11.939246, 54.366164 ], [ 12.110889, 54.410445 ], [ 12.442057, 54.687124 ], [ 12.748786, 54.763185 ], [ 12.932817, 54.83319 ], [ 13.146901, 55.007781 ], [ 13.784722, 55.020833 ], [ 13.992833, 54.962444 ] ], [ [ 13.427575, 54.684391 ], [ 13.284891, 54.672401 ], [ 13.250122, 54.659834 ], [ 13.219487, 54.639803 ], [ 13.227087, 54.613062 ], [ 13.221465, 54.602015 ], [ 13.196946, 54.582663 ], [ 13.16664, 54.572523 ], [ 13.161224, 54.55885 ], [ 13.228581, 54.586966 ], [ 13.23774, 54.599382 ], [ 13.226996, 54.624512 ], [ 13.282328, 54.64609 ], [ 13.288714, 54.627825 ], [ 13.25618, 54.588916 ], [ 13.243321, 54.558734 ], [ 13.334591, 54.58259 ], [ 13.328343, 54.593576 ], [ 13.370137, 54.614219 ], [ 13.383337, 54.595534 ], [ 13.383707, 54.581278 ], [ 13.396964, 54.572319 ], [ 13.426782, 54.567777 ], [ 13.447069, 54.551048 ], [ 13.501812, 54.548194 ], [ 13.514492, 54.515455 ], [ 13.5, 54.492188 ], [ 13.506153, 54.481293 ], [ 13.479615, 54.483208 ], [ 13.4513, 54.473253 ], [ 13.44183, 54.486886 ], [ 13.413355, 54.493636 ], [ 13.407048, 54.506427 ], [ 13.414062, 54.519279 ], [ 13.379747, 54.546862 ], [ 13.377002, 54.559039 ], [ 13.355606, 54.545539 ], [ 13.338611, 54.548661 ], [ 13.354408, 54.551504 ], [ 13.370712, 54.576742 ], [ 13.35874, 54.580823 ], [ 13.298013, 54.552618 ], [ 13.306971, 54.539222 ], [ 13.302981, 54.527529 ], [ 13.31173, 54.52321 ], [ 13.304757, 54.514087 ], [ 13.287532, 54.521803 ], [ 13.294727, 54.537235 ], [ 13.254709, 54.551866 ], [ 13.14387, 54.546568 ], [ 13.140248, 54.540531 ], [ 13.159209, 54.535614 ], [ 13.159987, 54.503332 ], [ 13.229975, 54.510849 ], [ 13.22753, 54.485901 ], [ 13.268176, 54.479775 ], [ 13.231118, 54.468146 ], [ 13.237171, 54.462266 ], [ 13.205612, 54.460061 ], [ 13.199291, 54.447487 ], [ 13.192378, 54.455028 ], [ 13.169185, 54.453256 ], [ 13.149962, 54.428646 ], [ 13.156083, 54.421121 ], [ 13.212221, 54.429148 ], [ 13.220157, 54.414001 ], [ 13.237694, 54.409719 ], [ 13.229832, 54.401139 ], [ 13.238076, 54.387339 ], [ 13.261849, 54.383916 ], [ 13.219722, 54.367668 ], [ 13.196958, 54.375469 ], [ 13.128352, 54.371477 ], [ 13.114056, 54.332729 ], [ 13.135941, 54.323497 ], [ 13.132317, 54.318525 ], [ 13.18432, 54.300303 ], [ 13.154525, 54.304408 ], [ 13.140129, 54.296246 ], [ 13.139412, 54.282528 ], [ 13.180953, 54.288031 ], [ 13.194242, 54.296685 ], [ 13.203946, 54.289577 ], [ 13.196125, 54.283705 ], [ 13.199962, 54.270244 ], [ 13.215687, 54.271497 ], [ 13.215059, 54.278766 ], [ 13.218467, 54.278956 ], [ 13.224223, 54.269372 ], [ 13.270189, 54.253657 ], [ 13.320689, 54.257629 ], [ 13.310379, 54.26548 ], [ 13.335357, 54.27801 ], [ 13.323537, 54.264767 ], [ 13.320883, 54.24516 ], [ 13.295294, 54.255152 ], [ 13.29063, 54.25097 ], [ 13.39325, 54.221091 ], [ 13.423597, 54.238184 ], [ 13.417274, 54.255075 ], [ 13.395516, 54.264994 ], [ 13.379528, 54.253555 ], [ 13.366705, 54.264281 ], [ 13.359951, 54.256928 ], [ 13.369794, 54.254377 ], [ 13.366323, 54.250326 ], [ 13.358578, 54.24772 ], [ 13.352242, 54.269014 ], [ 13.38727, 54.279485 ], [ 13.385177, 54.266674 ], [ 13.39061, 54.268816 ], [ 13.420877, 54.303155 ], [ 13.466249, 54.321499 ], [ 13.463477, 54.328307 ], [ 13.454444, 54.326877 ], [ 13.454841, 54.335529 ], [ 13.463345, 54.329286 ], [ 13.506843, 54.343966 ], [ 13.552037, 54.339576 ], [ 13.580575, 54.352928 ], [ 13.603463, 54.344535 ], [ 13.614716, 54.330696 ], [ 13.648049, 54.348199 ], [ 13.682914, 54.349292 ], [ 13.677741, 54.337699 ], [ 13.610865, 54.316159 ], [ 13.674938, 54.330142 ], [ 13.704124, 54.326025 ], [ 13.700498, 54.315984 ], [ 13.64621, 54.296872 ], [ 13.657429, 54.287914 ], [ 13.702112, 54.295127 ], [ 13.707404, 54.280793 ], [ 13.685044, 54.283021 ], [ 13.710937, 54.268973 ], [ 13.725279, 54.273584 ], [ 13.714322, 54.2935 ], [ 13.717181, 54.309832 ], [ 13.730722, 54.317613 ], [ 13.737484, 54.334263 ], [ 13.766647, 54.340809 ], [ 13.723573, 54.356136 ], [ 13.673314, 54.400648 ], [ 13.623556, 54.398518 ], [ 13.609746, 54.404942 ], [ 13.581365, 54.43346 ], [ 13.569834, 54.461914 ], [ 13.588126, 54.485707 ], [ 13.597517, 54.476051 ], [ 13.596186, 54.488117 ], [ 13.610723, 54.499414 ], [ 13.668801, 54.52106 ], [ 13.681964, 54.54255 ], [ 13.679378, 54.562328 ], [ 13.633393, 54.585028 ], [ 13.467644, 54.575288 ], [ 13.462359, 54.569505 ], [ 13.420747, 54.578005 ], [ 13.390653, 54.59894 ], [ 13.37576, 54.634904 ], [ 13.387252, 54.649608 ], [ 13.431053, 54.663108 ], [ 13.437922, 54.676466 ], [ 13.427575, 54.684391 ] ], [ [ 13.524482, 54.309796 ], [ 13.546069, 54.325479 ], [ 13.541627, 54.331818 ], [ 13.518189, 54.315704 ], [ 13.524482, 54.309796 ] ], [ [ 13.360862, 54.252552 ], [ 13.362625, 54.250461 ], [ 13.364413, 54.250711 ], [ 13.360862, 54.252552 ] ], [ [ 13.90835, 54.244149 ], [ 13.914206, 54.241804 ], [ 13.926746, 54.249236 ], [ 13.91679, 54.250617 ], [ 13.90835, 54.244149 ] ], [ [ 13.126883, 54.304209 ], [ 13.126146, 54.315505 ], [ 13.110911, 54.311377 ], [ 13.117891, 54.303216 ], [ 13.126883, 54.304209 ] ], [ [ 13.216994, 54.402612 ], [ 13.207274, 54.399967 ], [ 13.207074, 54.397429 ], [ 13.216277, 54.397441 ], [ 13.216994, 54.402612 ] ], [ [ 13.12192, 54.428892 ], [ 13.116406, 54.42738 ], [ 13.121921, 54.426299 ], [ 13.12192, 54.428892 ] ], [ [ 12.997617, 54.43915 ], [ 13.037278, 54.441155 ], [ 13.05943, 54.451268 ], [ 13.049522, 54.460126 ], [ 13.033814, 54.446462 ], [ 12.967265, 54.437791 ], [ 12.976721, 54.431987 ], [ 12.997617, 54.43915 ] ], [ [ 13.064577, 54.457477 ], [ 13.074674, 54.469015 ], [ 13.073763, 54.499524 ], [ 13.088854, 54.514928 ], [ 13.084704, 54.51798 ], [ 13.092728, 54.516433 ], [ 13.092891, 54.52762 ], [ 13.116948, 54.537756 ], [ 13.109056, 54.567301 ], [ 13.117687, 54.575094 ], [ 13.110989, 54.583614 ], [ 13.12583, 54.583886 ], [ 13.138598, 54.596776 ], [ 13.134055, 54.588769 ], [ 13.142421, 54.574352 ], [ 13.145845, 54.588102 ], [ 13.149481, 54.575196 ], [ 13.157952, 54.57932 ], [ 13.144458, 54.604378 ], [ 13.11906, 54.603154 ], [ 13.097835, 54.590239 ], [ 13.097278, 54.556053 ], [ 13.062848, 54.490519 ], [ 13.064577, 54.457477 ] ], [ [ 13.117024, 54.540426 ], [ 13.125491, 54.543941 ], [ 13.122859, 54.549477 ], [ 13.11619, 54.54614 ], [ 13.117024, 54.540426 ] ], [ [ 13.169005, 54.492188 ], [ 13.145638, 54.478888 ], [ 13.121092, 54.442265 ], [ 13.163431, 54.449511 ], [ 13.166589, 54.455591 ], [ 13.187924, 54.459361 ], [ 13.189266, 54.465653 ], [ 13.212888, 54.466358 ], [ 13.199575, 54.461213 ], [ 13.200665, 54.456829 ], [ 13.200489, 54.460202 ], [ 13.223896, 54.465217 ], [ 13.226373, 54.469716 ], [ 13.215791, 54.467187 ], [ 13.226557, 54.472248 ], [ 13.224624, 54.486228 ], [ 13.169005, 54.492188 ] ], [ [ 13.083081, 54.474995 ], [ 13.080215, 54.476724 ], [ 13.078635, 54.474707 ], [ 13.083081, 54.474995 ] ], [ [ 13.298207, 54.538929 ], [ 13.302956, 54.538069 ], [ 13.300162, 54.541038 ], [ 13.298207, 54.538929 ] ], [ [ 11.095094, 54.409269 ], [ 11.180625, 54.403329 ], [ 11.166005, 54.412877 ], [ 11.185688, 54.4201 ], [ 11.211264, 54.417098 ], [ 11.193489, 54.412452 ], [ 11.198066, 54.406062 ], [ 11.244303, 54.412026 ], [ 11.313519, 54.403081 ], [ 11.276292, 54.456051 ], [ 11.25, 54.474609 ], [ 11.23219, 54.507344 ], [ 11.217137, 54.504494 ], [ 11.170779, 54.521382 ], [ 11.068373, 54.536246 ], [ 11.02817, 54.509064 ], [ 11.010494, 54.482174 ], [ 11.004269, 54.449917 ], [ 11.009015, 54.441296 ], [ 11.043244, 54.428349 ], [ 11.022179, 54.443627 ], [ 11.063746, 54.45256 ], [ 11.07416, 54.444975 ], [ 11.087138, 54.447763 ], [ 11.101151, 54.435517 ], [ 11.095094, 54.409269 ] ], [ [ 11.091075, 54.437299 ], [ 11.082663, 54.438524 ], [ 11.081158, 54.438144 ], [ 11.091075, 54.437299 ] ], [ [ 9.712908, 54.493691 ], [ 9.710713, 54.492188 ], [ 9.714075, 54.492188 ], [ 9.712908, 54.493691 ] ], [ [ 9.715608, 54.326895 ], [ 9.74026, 54.337957 ], [ 9.74365, 54.34039 ], [ 9.724231, 54.337026 ], [ 9.715608, 54.326895 ] ], [ [ 10.143694, 54.366224 ], [ 10.148239, 54.366447 ], [ 10.13853, 54.367324 ], [ 10.143694, 54.366224 ] ], [ [ 11.511467, 54.054473 ], [ 11.515015, 54.038396 ], [ 11.523049, 54.069505 ], [ 11.511467, 54.054473 ] ], [ [ 11.486509, 54.024683 ], [ 11.495906, 54.024364 ], [ 11.499048, 54.029898 ], [ 11.494101, 54.03125 ], [ 11.486509, 54.024683 ] ], [ [ 10.910451, 53.908793 ], [ 10.910897, 53.907209 ], [ 10.914997, 53.908127 ], [ 10.910451, 53.908793 ] ], [ [ 11.42748, 53.943143 ], [ 11.426929, 53.938666 ], [ 11.428193, 53.939034 ], [ 11.42748, 53.943143 ] ], [ [ 11.467537, 53.96727 ], [ 11.469791, 53.966493 ], [ 11.469259, 53.96783 ], [ 11.467537, 53.96727 ] ], [ [ 12.735914, 54.412829 ], [ 12.723642, 54.412395 ], [ 12.717937, 54.404427 ], [ 12.73154, 54.404712 ], [ 12.735914, 54.412829 ] ], [ [ 12.586579, 54.380478 ], [ 12.580895, 54.375453 ], [ 12.585626, 54.375707 ], [ 12.586579, 54.380478 ] ], [ [ 12.522376, 54.368539 ], [ 12.527032, 54.362126 ], [ 12.530902, 54.367735 ], [ 12.522376, 54.368539 ] ], [ [ 12.529039, 54.345686 ], [ 12.535556, 54.356151 ], [ 12.527401, 54.361391 ], [ 12.524853, 54.359637 ], [ 12.529039, 54.345686 ] ], [ [ 13.768621, 54.2007 ], [ 13.774257, 54.203906 ], [ 13.774815, 54.208268 ], [ 13.768324, 54.208398 ], [ 13.768621, 54.2007 ] ], [ [ 13.369547, 54.184545 ], [ 13.350378, 54.181833 ], [ 13.372211, 54.18065 ], [ 13.369547, 54.184545 ] ], [ [ 13.347888, 54.177041 ], [ 13.351589, 54.175514 ], [ 13.352072, 54.175777 ], [ 13.347888, 54.177041 ] ], [ [ 13.763237, 54.126961 ], [ 13.765335, 54.12514 ], [ 13.766292, 54.126121 ], [ 13.763237, 54.126961 ] ], [ [ 13.768219, 54.12579 ], [ 13.771771, 54.114647 ], [ 13.787164, 54.110183 ], [ 13.774105, 54.116974 ], [ 13.768219, 54.12579 ] ], [ [ 13.958843, 53.943394 ], [ 13.959586, 53.940897 ], [ 13.960685, 53.942333 ], [ 13.958843, 53.943394 ] ], [ [ 14.022399, 53.949314 ], [ 14.029731, 53.94708 ], [ 14.027708, 53.951177 ], [ 14.022399, 53.949314 ] ], [ [ 14.032328, 53.94647 ], [ 14.031047, 53.943745 ], [ 14.034554, 53.945454 ], [ 14.032328, 53.94647 ] ], [ [ 13.929545, 54.031058 ], [ 13.915772, 54.022117 ], [ 13.919388, 54.017695 ], [ 13.927271, 54.016304 ], [ 13.924359, 54.023023 ], [ 13.934814, 54.026943 ], [ 13.929545, 54.031058 ] ] ] ] } },
{ "type": "Feature", "properties": { "name": "Kattegat", "area": 140.52954417656809 }, "geometry": { "type": "Polygon", "coordinates": [ [ [ 10.071925, 54.778824 ], [ 9.96634, 54.767201 ], [ 9.955803, 54.779551 ], [ 9.907569, 54.797089 ], [ 9.906004, 54.763818 ], [ 9.892708, 54.77016 ], [ 9.874898, 54.752151 ], [ 9.851784, 54.754214 ], [ 9.831867, 54.760449 ], [ 9.791948, 54.796986 ], [ 9.771677, 54.795239 ], [ 9.604964, 54.830411 ], [ 9.589579, 54.852279 ], [ 9.613325, 54.875784 ], [ 9.589373, 54.875815 ], [ 9.58439, 54.864719 ], [ 9.515875, 54.838248 ], [ 9.496126, 54.822005 ], [ 9.464805, 54.822416 ], [ 9.43822, 54.802835 ], [ 9.435531, 54.788734 ], [ 9.42914, 54.800506 ], [ 9.439554, 54.807949 ], [ 9.419914, 54.83023 ], [ 9.443035, 54.821243 ], [ 9.491274, 54.83648 ], [ 9.531165, 54.861243 ], [ 9.560342, 54.865439 ], [ 9.593946, 54.890784 ], [ 9.628413, 54.878787 ], [ 9.618827, 54.852763 ], [ 9.628745, 54.847391 ], [ 9.72249, 54.821963 ], [ 9.773911, 54.82423 ], [ 9.811123, 54.84308 ], [ 9.852543, 54.818738 ], [ 9.90438, 54.830169 ], [ 10.04446, 54.795943 ], [ 10.071925, 54.778824 ] ] ] } },
{ "type": "Feature", "properties": { "name": "North Sea", "area": 41348.369431684885 }, "geometry": { "type": "Polygon", "coordinates": [ [ [ 8.636648, 54.911405 ], [ 8.620823, 54.894009 ], [ 8.587431, 54.885926 ], [ 8.516856, 54.88362 ], [ 8.485251, 54.87725 ], [ 8.430681, 54.877557 ], [ 8.374638, 54.894437 ], [ 8.362494, 54.908901 ], [ 8.361834, 54.956309 ], [ 8.35401, 54.968248 ], [ 8.380671, 54.997167 ], [ 8.440358, 55.016814 ], [ 8.422297, 55.034228 ], [ 8.397577, 55.035864 ], [ 8.395663, 55.045791 ], [ 8.462845, 55.045655 ], [ 8.417239, 55.056332 ], [ 8.399538, 55.053103 ], [ 8.299477, 54.91225 ], [ 8.289573, 54.881878 ], [ 8.279757, 54.751809 ], [ 8.298371, 54.741981 ], [ 8.299801, 54.775952 ], [ 8.292398, 54.785294 ], [ 8.299932, 54.8035 ], [ 8.296188, 54.842215 ], [ 8.305071, 54.857947 ], [ 8.332322, 54.863162 ], [ 8.302876, 54.859011 ], [ 8.310057, 54.874066 ], [ 8.329187, 54.879405 ], [ 8.328908, 54.867393 ], [ 8.340519, 54.880643 ], [ 8.365064, 54.875409 ], [ 8.378452, 54.858169 ], [ 8.415915, 54.847129 ], [ 8.509951, 54.881763 ], [ 8.590923, 54.88465 ], [ 8.605974, 54.870155 ], [ 8.607108, 54.839408 ], [ 8.692797, 54.769993 ], [ 8.706432, 54.739837 ], [ 8.686566, 54.730062 ], [ 8.744672, 54.707982 ], [ 8.751678, 54.681114 ], [ 8.82251, 54.645864 ], [ 8.841809, 54.614935 ], [ 8.809461, 54.603475 ], [ 8.8133, 54.597427 ], [ 8.878934, 54.606232 ], [ 8.881401, 54.590359 ], [ 8.89035, 54.592445 ], [ 8.870073, 54.563312 ], [ 8.878234, 54.542072 ], [ 8.87209, 54.528427 ], [ 8.805634, 54.497746 ], [ 8.818616, 54.485702 ], [ 8.807297, 54.470088 ], [ 8.879733, 54.458488 ], [ 8.917791, 54.464886 ], [ 8.941345, 54.490108 ], [ 8.959093, 54.497331 ], [ 8.963777, 54.513023 ], [ 8.981652, 54.52097 ], [ 9.012082, 54.490354 ], [ 9.004987, 54.479285 ], [ 9.023388, 54.473268 ], [ 8.961566, 54.457769 ], [ 8.915789, 54.423155 ], [ 8.866311, 54.404335 ], [ 8.806646, 54.412917 ], [ 8.671853, 54.400511 ], [ 8.608948, 54.386037 ], [ 8.606161, 54.370788 ], [ 8.623326, 54.36942 ], [ 8.6261, 54.376942 ], [ 8.646046, 54.36643 ], [ 8.654579, 54.365666 ], [ 8.654303, 54.371963 ], [ 8.680583, 54.368249 ], [ 8.672787, 54.360348 ], [ 8.684768, 54.356671 ], [ 8.633227, 54.344073 ], [ 8.638963, 54.340178 ], [ 8.604189, 54.358007 ], [ 8.582482, 54.320001 ], [ 8.580632, 54.304005 ], [ 8.589052, 54.293715 ], [ 8.620853, 54.282362 ], [ 8.592343, 54.300586 ], [ 8.611606, 54.292436 ], [ 8.602451, 54.309977 ], [ 8.645308, 54.272748 ], [ 8.65632, 54.277593 ], [ 8.681184, 54.267829 ], [ 8.709823, 54.287528 ], [ 8.743599, 54.290147 ], [ 8.782174, 54.280763 ], [ 8.823344, 54.29139 ], [ 8.840921, 54.280085 ], [ 8.839664, 54.266381 ], [ 8.851717, 54.265757 ], [ 8.859507, 54.277959 ], [ 8.843405, 54.288347 ], [ 8.860918, 54.279316 ], [ 8.860013, 54.269008 ], [ 8.871163, 54.271018 ], [ 8.944855, 54.312857 ], [ 8.970486, 54.31699 ], [ 8.981317, 54.327055 ], [ 8.991375, 54.331649 ], [ 8.994203, 54.338609 ], [ 8.982362, 54.346231 ], [ 8.98044, 54.357196 ], [ 8.988604, 54.368415 ], [ 9.006939, 54.378896 ], [ 9.02228, 54.378567 ], [ 9.065369, 54.36359 ], [ 9.082556, 54.363208 ], [ 9.088943, 54.370596 ], [ 9.103629, 54.365132 ], [ 9.108233, 54.357175 ], [ 9.134812, 54.3497 ], [ 9.137627, 54.339037 ], [ 9.155208, 54.335838 ], [ 9.144281, 54.330229 ], [ 9.147418, 54.319947 ], [ 9.170768, 54.317201 ], [ 9.161234, 54.3278 ], [ 9.168293, 54.332878 ], [ 9.176791, 54.33535 ], [ 9.197176, 54.331346 ], [ 9.191326, 54.316406 ], [ 9.211772, 54.326935 ], [ 9.224815, 54.322911 ], [ 9.228989, 54.337539 ], [ 9.217748, 54.345022 ], [ 9.231228, 54.338626 ], [ 9.225054, 54.321612 ], [ 9.211604, 54.325494 ], [ 9.190835, 54.315199 ], [ 9.195128, 54.330792 ], [ 9.176373, 54.333955 ], [ 9.1632, 54.327686 ], [ 9.173791, 54.317098 ], [ 9.161193, 54.316406 ], [ 9.148089, 54.318668 ], [ 9.143641, 54.321519 ], [ 9.142563, 54.330962 ], [ 9.150603, 54.335529 ], [ 9.133568, 54.338353 ], [ 9.134556, 54.348738 ], [ 9.107814, 54.356136 ], [ 9.092675, 54.368595 ], [ 9.082713, 54.362381 ], [ 9.06898, 54.361881 ], [ 9.007895, 54.378042 ], [ 8.982398, 54.357319 ], [ 8.995167, 54.339403 ], [ 8.993738, 54.332003 ], [ 8.97058, 54.316152 ], [ 8.946354, 54.308824 ], [ 8.932656, 54.278769 ], [ 8.897795, 54.258294 ], [ 8.845496, 54.257741 ], [ 8.844137, 54.263255 ], [ 8.832644, 54.247298 ], [ 8.834244, 54.217296 ], [ 8.816682, 54.204111 ], [ 8.807952, 54.173165 ], [ 8.82586, 54.145 ], [ 8.860748, 54.122149 ], [ 8.895352, 54.133718 ], [ 8.926919, 54.131891 ], [ 8.948364, 54.091675 ], [ 8.979249, 54.069566 ], [ 8.985816, 54.060842 ], [ 8.982313, 54.04668 ], [ 8.966179, 54.035744 ], [ 8.878652, 54.046245 ], [ 8.854861, 54.042857 ], [ 8.819876, 54.024131 ], [ 8.835013, 54.023262 ], [ 8.835232, 54.013251 ], [ 8.876517, 53.978769 ], [ 8.874564, 53.967915 ], [ 8.903502, 53.936603 ], [ 8.950555, 53.902382 ], [ 8.980941, 53.89205 ], [ 9.050321, 53.898926 ], [ 9.094628, 53.888144 ], [ 9.138469, 53.890942 ], [ 9.19632, 53.922329 ], [ 9.282908, 53.987001 ], [ 9.306292, 54.05509 ], [ 9.327978, 54.09874 ], [ 9.32909, 54.127291 ], [ 9.34084, 54.140625 ], [ 9.381427, 54.156584 ], [ 9.44492, 54.174328 ], [ 9.522278, 54.191386 ], [ 9.344644, 54.141047 ], [ 9.330891, 54.125892 ], [ 9.330327, 54.099643 ], [ 9.284866, 53.986179 ], [ 9.197303, 53.915124 ], [ 9.134117, 53.886797 ], [ 9.22867, 53.88657 ], [ 9.327562, 53.859995 ], [ 9.387454, 53.823822 ], [ 9.404269, 53.827193 ], [ 9.407103, 53.834672 ], [ 9.410957, 53.828654 ], [ 9.396302, 53.818804 ], [ 9.401484, 53.794303 ], [ 9.410452, 53.791433 ], [ 9.430118, 53.749522 ], [ 9.455166, 53.73226 ], [ 9.521196, 53.712133 ], [ 9.550978, 53.668548 ], [ 9.553428, 53.646735 ], [ 9.567598, 53.63583 ], [ 9.555488, 53.620393 ], [ 9.676764, 53.570414 ], [ 9.878696, 53.544672 ], [ 9.965608, 53.54545 ], [ 10.03999, 53.529349 ], [ 10.061374, 53.513767 ], [ 10.051772, 53.492777 ], [ 10.063781, 53.473635 ], [ 10.067125, 53.460932 ], [ 10.096939, 53.447113 ], [ 10.110154, 53.427526 ], [ 10.142299, 53.421303 ], [ 10.176478, 53.397351 ], [ 10.237821, 53.397226 ], [ 10.254414, 53.417951 ], [ 10.307281, 53.4347 ], [ 10.333181, 53.425575 ], [ 10.377421, 53.425274 ], [ 10.495925, 53.376404 ], [ 10.561387, 53.369108 ], [ 10.576005, 53.361084 ], [ 10.625906, 53.371652 ], [ 10.705071, 53.370227 ], [ 10.729309, 53.357679 ], [ 10.740324, 53.342646 ], [ 10.743184, 53.32604 ], [ 10.732499, 53.312329 ], [ 10.736673, 53.301255 ], [ 10.804046, 53.285389 ], [ 10.822453, 53.259547 ], [ 10.857358, 53.253498 ], [ 10.916996, 53.22896 ], [ 11.010015, 53.183583 ], [ 11.07804, 53.142173 ], [ 11.098598, 53.141197 ], [ 11.129421, 53.167431 ], [ 11.14711, 53.169561 ], [ 11.177049, 53.155132 ], [ 11.187176, 53.136407 ], [ 11.217606, 53.145618 ], [ 11.250878, 53.136128 ], [ 11.270911, 53.119003 ], [ 11.27278, 53.098917 ], [ 11.309488, 53.079116 ], [ 11.338553, 53.056116 ], [ 11.399043, 53.073449 ], [ 11.455602, 53.078933 ], [ 11.50963, 53.048758 ], [ 11.545015, 53.054966 ], [ 11.57931, 53.037444 ], [ 11.622086, 53.04295 ], [ 11.638219, 53.040918 ], [ 11.644455, 53.035035 ], [ 11.628904, 53.021468 ], [ 11.628927, 53.012717 ], [ 11.677537, 53.009176 ], [ 11.692083, 52.979455 ], [ 11.7317, 52.989338 ], [ 11.751816, 52.98892 ], [ 11.768055, 52.981561 ], [ 11.788453, 52.960822 ], [ 11.82843, 52.958955 ], [ 11.845112, 52.953125 ], [ 11.859173, 52.941818 ], [ 11.857077, 52.934358 ], [ 11.843257, 52.931752 ], [ 11.854434, 52.93539 ], [ 11.851948, 52.942275 ], [ 11.830574, 52.928365 ], [ 11.824978, 52.919818 ], [ 11.832109, 52.912148 ], [ 11.871109, 52.910156 ], [ 11.901257, 52.893831 ], [ 11.953125, 52.888393 ], [ 11.970579, 52.873985 ], [ 12.005942, 52.87529 ], [ 11.970895, 52.871122 ], [ 11.94503, 52.887379 ], [ 11.897616, 52.890097 ], [ 11.86804, 52.908498 ], [ 11.829615, 52.910156 ], [ 11.819498, 52.920433 ], [ 11.845282, 52.941726 ], [ 11.84318, 52.950865 ], [ 11.78395, 52.959702 ], [ 11.76281, 52.981203 ], [ 11.745588, 52.987415 ], [ 11.687439, 52.977801 ], [ 11.676814, 53.005727 ], [ 11.642566, 53.003936 ], [ 11.623362, 53.01085 ], [ 11.623623, 53.020011 ], [ 11.639182, 53.033945 ], [ 11.634338, 53.03912 ], [ 11.586529, 53.03404 ], [ 11.546735, 53.048239 ], [ 11.508904, 53.045957 ], [ 11.446566, 53.077258 ], [ 11.338109, 53.054054 ], [ 11.267393, 53.100011 ], [ 11.26624, 53.118868 ], [ 11.256801, 53.129059 ], [ 11.218425, 53.143491 ], [ 11.185661, 53.134418 ], [ 11.171802, 53.155566 ], [ 11.149415, 53.166825 ], [ 11.133303, 53.166257 ], [ 11.105848, 53.140849 ], [ 11.080243, 53.138989 ], [ 10.913945, 53.227349 ], [ 10.817041, 53.259218 ], [ 10.801273, 53.284259 ], [ 10.736361, 53.297818 ], [ 10.727771, 53.30707 ], [ 10.737989, 53.324059 ], [ 10.734725, 53.345843 ], [ 10.701521, 53.368528 ], [ 10.626172, 53.368832 ], [ 10.570386, 53.358667 ], [ 10.554681, 53.367162 ], [ 10.501118, 53.371037 ], [ 10.375351, 53.421748 ], [ 10.325068, 53.423857 ], [ 10.310166, 53.431868 ], [ 10.259977, 53.416828 ], [ 10.236117, 53.394011 ], [ 10.173215, 53.39512 ], [ 10.133145, 53.421379 ], [ 10.103143, 53.425621 ], [ 10.081863, 53.450236 ], [ 10.063334, 53.456393 ], [ 10.043029, 53.469283 ], [ 9.99947, 53.47129 ], [ 9.960432, 53.48202 ], [ 9.937561, 53.503166 ], [ 9.936856, 53.531623 ], [ 9.928777, 53.539007 ], [ 9.905082, 53.53888 ], [ 9.932522, 53.525224 ], [ 9.928081, 53.519884 ], [ 9.889593, 53.535602 ], [ 9.900626, 53.53567 ], [ 9.896708, 53.539032 ], [ 9.878501, 53.540065 ], [ 9.903162, 53.518781 ], [ 9.899244, 53.5171 ], [ 9.8792, 53.536719 ], [ 9.855667, 53.542746 ], [ 9.821651, 53.547035 ], [ 9.810461, 53.54084 ], [ 9.825318, 53.533201 ], [ 9.816287, 53.529364 ], [ 9.765302, 53.546333 ], [ 9.685763, 53.547633 ], [ 9.590184, 53.584938 ], [ 9.539521, 53.61207 ], [ 9.513355, 53.642033 ], [ 9.502523, 53.667457 ], [ 9.477014, 53.691256 ], [ 9.456187, 53.69756 ], [ 9.455656, 53.705048 ], [ 9.402239, 53.736706 ], [ 9.315072, 53.835094 ], [ 9.269934, 53.858736 ], [ 9.224029, 53.86323 ], [ 9.080484, 53.860431 ], [ 9.020579, 53.841269 ], [ 9.034247, 53.830209 ], [ 9.045124, 53.814012 ], [ 9.042696, 53.80064 ], [ 9.057732, 53.803477 ], [ 9.045869, 53.799177 ], [ 9.042473, 53.799855 ], [ 9.040993, 53.80171 ], [ 9.037563, 53.823579 ], [ 9.0158, 53.836179 ], [ 8.973578, 53.840372 ], [ 8.883996, 53.828054 ], [ 8.796248, 53.832453 ], [ 8.757091, 53.842715 ], [ 8.719873, 53.865473 ], [ 8.716325, 53.861428 ], [ 8.714077, 53.870425 ], [ 8.710529, 53.862474 ], [ 8.724013, 53.855222 ], [ 8.707453, 53.862684 ], [ 8.709937, 53.867356 ], [ 8.703313, 53.863521 ], [ 8.71041, 53.872447 ], [ 8.685276, 53.880972 ], [ 8.687108, 53.892113 ], [ 8.617738, 53.881952 ], [ 8.555676, 53.831043 ], [ 8.540084, 53.801293 ], [ 8.544098, 53.790177 ], [ 8.483939, 53.694348 ], [ 8.483671, 53.655832 ], [ 8.527918, 53.595403 ], [ 8.524933, 53.587717 ], [ 8.576895, 53.537851 ], [ 8.561237, 53.510924 ], [ 8.521493, 53.501207 ], [ 8.501153, 53.47725 ], [ 8.496113, 53.445013 ], [ 8.501964, 53.379498 ], [ 8.504262, 53.363117 ], [ 8.518781, 53.346385 ], [ 8.51895, 53.319358 ], [ 8.515641, 53.313622 ], [ 8.508095, 53.352592 ], [ 8.49351, 53.323411 ], [ 8.498917, 53.307049 ], [ 8.483477, 53.246233 ], [ 8.489231, 53.225405 ], [ 8.530823, 53.19151 ], [ 8.623084, 53.167019 ], [ 8.63115, 53.141591 ], [ 8.645731, 53.129696 ], [ 8.740502, 53.115306 ], [ 8.756427, 53.107854 ], [ 8.749853, 53.103397 ], [ 8.773236, 53.084818 ], [ 8.831846, 53.068071 ], [ 8.842469, 53.06032 ], [ 8.870389, 53.059778 ], [ 8.877002, 53.053638 ], [ 8.86825, 53.033671 ], [ 8.883829, 53.023839 ], [ 8.863989, 53.034451 ], [ 8.870191, 53.058202 ], [ 8.841551, 53.05965 ], [ 8.775962, 53.081774 ], [ 8.739993, 53.109343 ], [ 8.741387, 53.09629 ], [ 8.726798, 53.113129 ], [ 8.647242, 53.126068 ], [ 8.627498, 53.140507 ], [ 8.618455, 53.166726 ], [ 8.582412, 53.170433 ], [ 8.519269, 53.192983 ], [ 8.480765, 53.227475 ], [ 8.486578, 53.321649 ], [ 8.499096, 53.353295 ], [ 8.486562, 53.418203 ], [ 8.47491, 53.402564 ], [ 8.485861, 53.42872 ], [ 8.480149, 53.457794 ], [ 8.486219, 53.47919 ], [ 8.505712, 53.50095 ], [ 8.556802, 53.525434 ], [ 8.549599, 53.537966 ], [ 8.521702, 53.546847 ], [ 8.516155, 53.555934 ], [ 8.465089, 53.552863 ], [ 8.394383, 53.570069 ], [ 8.336219, 53.614446 ], [ 8.306232, 53.617961 ], [ 8.272026, 53.609516 ], [ 8.274304, 53.604477 ], [ 8.241007, 53.578321 ], [ 8.231178, 53.520781 ], [ 8.316089, 53.521755 ], [ 8.314838, 53.459666 ], [ 8.296684, 53.442466 ], [ 8.29722, 53.429026 ], [ 8.259341, 53.40114 ], [ 8.20198, 53.404609 ], [ 8.153583, 53.447226 ], [ 8.135569, 53.452773 ], [ 8.099393, 53.445813 ], [ 8.063923, 53.478088 ], [ 8.065117, 53.505887 ], [ 8.093035, 53.501983 ], [ 8.155154, 53.513665 ], [ 8.171942, 53.536677 ], [ 8.159215, 53.531318 ], [ 8.169781, 53.541896 ], [ 8.160031, 53.55503 ], [ 8.172365, 53.554225 ], [ 8.166502, 53.561754 ], [ 8.151417, 53.560359 ], [ 8.140291, 53.57687 ], [ 8.156788, 53.58509 ], [ 8.132063, 53.582339 ], [ 8.119697, 53.599445 ], [ 8.113662, 53.614656 ], [ 8.127669, 53.618249 ], [ 8.125711, 53.621796 ], [ 8.111503, 53.616459 ], [ 8.09625, 53.629668 ], [ 8.114393, 53.636481 ], [ 8.110225, 53.642139 ], [ 8.111246, 53.636846 ], [ 8.095556, 53.633403 ], [ 8.083114, 53.640067 ], [ 8.086649, 53.644294 ], [ 8.044813, 53.641799 ], [ 8.028575, 53.661692 ], [ 8.020116, 53.688587 ], [ 8.030928, 53.705002 ], [ 7.991902, 53.713977 ], [ 7.911098, 53.717634 ], [ 7.733198, 53.699219 ], [ 7.704083, 53.702545 ], [ 7.529861, 53.671389 ], [ 7.47462, 53.683308 ], [ 7.326244, 53.684122 ], [ 7.244692, 53.668497 ], [ 7.155528, 53.621628 ], [ 7.156216, 53.62813 ], [ 7.14309, 53.608166 ], [ 7.112545, 53.59428 ], [ 7.089424, 53.571685 ], [ 7.127496, 53.540773 ], [ 7.142047, 53.541404 ], [ 7.132575, 53.53949 ], [ 7.134251, 53.533348 ], [ 7.097371, 53.519303 ], [ 7.07735, 53.532383 ], [ 7.064182, 53.524872 ], [ 7.039524, 53.53768 ], [ 7.034079, 53.533061 ], [ 7.049401, 53.507924 ], [ 7.025515, 53.483476 ], [ 7.011256, 53.430404 ], [ 7.011152, 53.384344 ], [ 6.999104, 53.373176 ], [ 6.999031, 53.358952 ], [ 7.026444, 53.336431 ], [ 7.176555, 53.334044 ], [ 7.188809, 53.345296 ], [ 7.184563, 53.334975 ], [ 7.339531, 53.32103 ], [ 7.357634, 53.307617 ], [ 7.359236, 53.299188 ], [ 7.385191, 53.297748 ], [ 7.401126, 53.287858 ], [ 7.398461, 53.239226 ], [ 7.423351, 53.230738 ], [ 7.429665, 53.225049 ], [ 7.424096, 53.210297 ], [ 7.409999, 53.199061 ], [ 7.426591, 53.224132 ], [ 7.39381, 53.23845 ], [ 7.395572, 53.288859 ], [ 7.358448, 53.294669 ], [ 7.331197, 53.318329 ], [ 7.246034, 53.319503 ], [ 7.229453, 53.293732 ], [ 7.235952, 53.273856 ], [ 7.210279, 53.244173 ], [ 7.191667, 53.325 ], [ 7.061667, 53.316111 ], [ 7.006111, 53.321111 ], [ 6.978333, 53.333333 ], [ 6.935, 53.367778 ], [ 6.913333, 53.417222 ], [ 6.913333, 53.438333 ], [ 6.897222, 53.454167 ], [ 6.706667, 53.519444 ], [ 6.619167, 53.570278 ], [ 6.413333, 53.605833 ], [ 6.332222, 53.751667 ], [ 6.263611, 53.815556 ], [ 6.107222, 54.0 ], [ 6.0, 54.186667 ], [ 5.0, 54.62 ], [ 5.0, 55.0 ], [ 4.333333, 55.333333 ], [ 3.370278, 55.765 ], [ 3.4, 55.835 ], [ 3.35, 55.919278 ], [ 4.25, 55.772722 ], [ 4.75, 55.404167 ], [ 5.15, 55.25 ], [ 5.403333, 55.25 ], [ 5.75, 55.511194 ], [ 7.572526, 55.164021 ], [ 8.30065, 55.063267 ], [ 8.395433, 55.069267 ], [ 8.47265, 55.054117 ], [ 8.478483, 55.047383 ], [ 8.472, 55.025317 ], [ 8.501534, 54.999817 ], [ 8.51805, 54.9926 ], [ 8.557417, 54.992733 ], [ 8.554682, 54.92095 ], [ 8.636648, 54.911405 ] ], [ [ 8.428876, 55.034104 ], [ 8.435994, 55.037201 ], [ 8.428489, 55.0365 ], [ 8.428876, 55.034104 ] ], [ [ 8.397109, 54.718314 ], [ 8.402437, 54.70036 ], [ 8.466376, 54.68409 ], [ 8.554487, 54.679234 ], [ 8.567391, 54.679992 ], [ 8.578071, 54.706565 ], [ 8.594973, 54.718345 ], [ 8.580841, 54.730033 ], [ 8.583569, 54.744062 ], [ 8.539458, 54.755508 ], [ 8.430851, 54.745914 ], [ 8.397109, 54.718314 ] ], [ [ 8.711071, 54.69229 ], [ 8.681664, 54.675475 ], [ 8.681617, 54.672535 ], [ 8.708897, 54.671926 ], [ 8.721949, 54.686043 ], [ 8.711071, 54.69229 ] ], [ [ 8.360952, 54.650192 ], [ 8.339173, 54.693498 ], [ 8.360547, 54.709311 ], [ 8.355298, 54.711614 ], [ 8.29199, 54.669676 ], [ 8.362604, 54.608699 ], [ 8.395494, 54.612289 ], [ 8.399907, 54.618088 ], [ 8.385705, 54.623008 ], [ 8.402913, 54.626184 ], [ 8.385712, 54.627677 ], [ 8.381495, 54.640846 ], [ 8.360952, 54.650192 ] ], [ [ 8.604321, 54.642088 ], [ 8.540106, 54.636406 ], [ 8.529754, 54.625742 ], [ 8.548116, 54.617195 ], [ 8.584259, 54.633701 ], [ 8.648233, 54.639528 ], [ 8.663191, 54.649541 ], [ 8.664548, 54.66047 ], [ 8.604321, 54.642088 ] ], [ [ 8.737718, 54.642532 ], [ 8.713724, 54.639323 ], [ 8.709647, 54.632317 ], [ 8.720232, 54.626645 ], [ 8.739383, 54.635494 ], [ 8.737718, 54.642532 ] ], [ [ 8.764809, 54.637835 ], [ 8.772261, 54.636416 ], [ 8.772238, 54.636709 ], [ 8.764809, 54.637835 ] ], [ [ 8.460337, 54.55525 ], [ 8.467946, 54.557702 ], [ 8.50079, 54.557984 ], [ 8.491306, 54.575678 ], [ 8.479615, 54.577184 ], [ 8.480881, 54.58462 ], [ 8.456446, 54.569288 ], [ 8.460337, 54.55525 ] ], [ [ 8.551095, 54.579492 ], [ 8.514144, 54.578845 ], [ 8.509125, 54.574647 ], [ 8.549004, 54.556436 ], [ 8.572016, 54.557965 ], [ 8.575105, 54.565112 ], [ 8.551095, 54.579492 ] ], [ [ 8.69162, 54.556855 ], [ 8.625034, 54.535187 ], [ 8.59124, 54.532449 ], [ 8.591259, 54.508628 ], [ 8.626249, 54.488311 ], [ 8.673462, 54.495272 ], [ 8.706362, 54.538368 ], [ 8.706523, 54.553539 ], [ 8.69162, 54.556855 ] ], [ [ 8.789986, 54.551917 ], [ 8.822584, 54.542906 ], [ 8.837034, 54.551523 ], [ 8.789986, 54.551917 ] ], [ [ 8.491827, 54.524949 ], [ 8.50441, 54.531507 ], [ 8.469233, 54.5448 ], [ 8.470212, 54.49733 ], [ 8.498149, 54.505437 ], [ 8.491827, 54.524949 ] ], [ [ 8.508332, 54.529365 ], [ 8.514508, 54.526972 ], [ 8.517749, 54.529297 ], [ 8.508332, 54.529365 ] ], [ [ 8.486459, 54.412817 ], [ 8.526409, 54.435924 ], [ 8.509023, 54.436709 ], [ 8.482259, 54.451508 ], [ 8.48791, 54.453815 ], [ 8.473939, 54.476609 ], [ 8.456527, 54.465625 ], [ 8.45006, 54.451316 ], [ 8.469118, 54.422861 ], [ 8.486459, 54.412817 ] ], [ [ 8.549204, 54.460099 ], [ 8.558569, 54.461146 ], [ 8.562766, 54.464378 ], [ 8.547722, 54.468222 ], [ 8.549204, 54.460099 ] ], [ [ 8.718473, 54.46645 ], [ 8.730093, 54.462724 ], [ 8.735548, 54.467653 ], [ 8.718473, 54.46645 ] ], [ [ 8.613403, 54.425216 ], [ 8.615984, 54.422799 ], [ 8.621, 54.425687 ], [ 8.613403, 54.425216 ] ], [ [ 7.889367, 54.169902 ], [ 7.898895, 54.170031 ], [ 7.891439, 54.170287 ], [ 7.897403, 54.175162 ], [ 7.892054, 54.183733 ], [ 7.860088, 54.193499 ], [ 7.889367, 54.169902 ] ], [ [ 7.922122, 54.184814 ], [ 7.900401, 54.185148 ], [ 7.900348, 54.184641 ], [ 7.922122, 54.184814 ] ], [ [ 8.587486, 54.077737 ], [ 8.599418, 54.075714 ], [ 8.615567, 54.085971 ], [ 8.590981, 54.084694 ], [ 8.587486, 54.077737 ] ], [ [ 8.977107, 54.067565 ], [ 8.966746, 54.063468 ], [ 8.982372, 54.063661 ], [ 8.977107, 54.067565 ] ], [ [ 8.701091, 54.058622 ], [ 8.682634, 54.065519 ], [ 8.67617, 54.053167 ], [ 8.690141, 54.047433 ], [ 8.701091, 54.058622 ] ], [ [ 8.438244, 53.962839 ], [ 8.439675, 53.95988 ], [ 8.444254, 53.961975 ], [ 8.438244, 53.962839 ] ], [ [ 8.424819, 53.950434 ], [ 8.434957, 53.947128 ], [ 8.43451, 53.95129 ], [ 8.424819, 53.950434 ] ], [ [ 8.493522, 53.912418 ], [ 8.514771, 53.916735 ], [ 8.517736, 53.92206 ], [ 8.496154, 53.931124 ], [ 8.487195, 53.919237 ], [ 8.493522, 53.912418 ] ], [ [ 8.379766, 53.834118 ], [ 8.358863, 53.835212 ], [ 8.351097, 53.830393 ], [ 8.361421, 53.826362 ], [ 8.379766, 53.834118 ] ], [ [ 7.846247, 53.787408 ], [ 7.870345, 53.775661 ], [ 7.87643, 53.787893 ], [ 7.967731, 53.774977 ], [ 7.895146, 53.793738 ], [ 7.846247, 53.787408 ] ], [ [ 8.002849, 53.775665 ], [ 7.987836, 53.770508 ], [ 8.022302, 53.744893 ], [ 8.022216, 53.754426 ], [ 8.030595, 53.757384 ], [ 8.016371, 53.771937 ], [ 8.01926, 53.778708 ], [ 8.007265, 53.785527 ], [ 8.002849, 53.775665 ] ], [ [ 8.262482, 53.758693 ], [ 8.27339, 53.760144 ], [ 8.276812, 53.76272 ], [ 8.26402, 53.764717 ], [ 8.262482, 53.758693 ] ], [ [ 7.508231, 53.740749 ], [ 7.570497, 53.748017 ], [ 7.627535, 53.74891 ], [ 7.580722, 53.756943 ], [ 7.486029, 53.754963 ], [ 7.46948, 53.745229 ], [ 7.467538, 53.727026 ], [ 7.494542, 53.72256 ], [ 7.508231, 53.740749 ] ], [ [ 8.134121, 53.72304 ], [ 8.134459, 53.714661 ], [ 8.149693, 53.711275 ], [ 8.173433, 53.723989 ], [ 8.151083, 53.729367 ], [ 8.134121, 53.72304 ] ], [ [ 7.267051, 53.703434 ], [ 7.342229, 53.720835 ], [ 7.197253, 53.721457 ], [ 7.138095, 53.70524 ], [ 7.151958, 53.696859 ], [ 7.164372, 53.697798 ], [ 7.169038, 53.707856 ], [ 7.195965, 53.698631 ], [ 7.209554, 53.706132 ], [ 7.267051, 53.703434 ] ], [ [ 7.363775, 53.724318 ], [ 7.413302, 53.720216 ], [ 7.429307, 53.726092 ], [ 7.388762, 53.734345 ], [ 7.363775, 53.724318 ] ], [ [ 7.66915, 53.755845 ], [ 7.683028, 53.753832 ], [ 7.697226, 53.764972 ], [ 7.779742, 53.765934 ], [ 7.805885, 53.775109 ], [ 7.698486, 53.779546 ], [ 7.672139, 53.76756 ], [ 7.66915, 53.755845 ] ], [ [ 7.095546, 53.681061 ], [ 6.866614, 53.671303 ], [ 6.854842, 53.661435 ], [ 7.095546, 53.681061 ] ], [ [ 6.814042, 53.640252 ], [ 6.823069, 53.647862 ], [ 6.82073, 53.641237 ], [ 6.829065, 53.636744 ], [ 6.848145, 53.642395 ], [ 6.823771, 53.648118 ], [ 6.840606, 53.656083 ], [ 6.834207, 53.658788 ], [ 6.813068, 53.647614 ], [ 6.814042, 53.640252 ] ], [ [ 6.908605, 53.649591 ], [ 6.864525, 53.644395 ], [ 6.864646, 53.63909 ], [ 6.878037, 53.627559 ], [ 6.898107, 53.626622 ], [ 6.901404, 53.647699 ], [ 6.908605, 53.649591 ] ], [ [ 6.764825, 53.618289 ], [ 6.668484, 53.603524 ], [ 6.636093, 53.612705 ], [ 6.63061, 53.597976 ], [ 6.656051, 53.599261 ], [ 6.663005, 53.57778 ], [ 6.722796, 53.55814 ], [ 6.719753, 53.563549 ], [ 6.735087, 53.569142 ], [ 6.740456, 53.556676 ], [ 6.758158, 53.562384 ], [ 6.756399, 53.56784 ], [ 6.721514, 53.583498 ], [ 6.750958, 53.595334 ], [ 6.810962, 53.602498 ], [ 6.764825, 53.618289 ] ], [ [ 6.867288, 53.592071 ], [ 6.86041, 53.590796 ], [ 6.863831, 53.588592 ], [ 6.867288, 53.592071 ] ], [ [ 7.349363, 53.306345 ], [ 7.356143, 53.304697 ], [ 7.350939, 53.308917 ], [ 7.349363, 53.306345 ] ], [ [ 8.735809, 53.110527 ], [ 8.739137, 53.11022 ], [ 8.72814, 53.114838 ], [ 8.735809, 53.110527 ] ], [ [ 9.393901, 53.789062 ], [ 9.415831, 53.762648 ], [ 9.391958, 53.794334 ], [ 9.393901, 53.789062 ] ], [ [ 9.469156, 53.699707 ], [ 9.478482, 53.702685 ], [ 9.468981, 53.712505 ], [ 9.441834, 53.719987 ], [ 9.469156, 53.699707 ] ], [ [ 9.495247, 53.711216 ], [ 9.511397, 53.691479 ], [ 9.526421, 53.663527 ], [ 9.530254, 53.67644 ], [ 9.520844, 53.69882 ], [ 9.495247, 53.711216 ] ], [ [ 9.540313, 53.663674 ], [ 9.534599, 53.645807 ], [ 9.557517, 53.625313 ], [ 9.564358, 53.633578 ], [ 9.546917, 53.646673 ], [ 9.540313, 53.663674 ] ], [ [ 9.564047, 53.637152 ], [ 9.564446, 53.635132 ], [ 9.565403, 53.635204 ], [ 9.564047, 53.637152 ] ], [ [ 9.574942, 53.597968 ], [ 9.610837, 53.584378 ], [ 9.571823, 53.601678 ], [ 9.574942, 53.597968 ] ], [ [ 9.645418, 53.582809 ], [ 9.644516, 53.582214 ], [ 9.645599, 53.582409 ], [ 9.645418, 53.582809 ] ], [ [ 9.662985, 53.564044 ], [ 9.679679, 53.555703 ], [ 9.777207, 53.553054 ], [ 9.762092, 53.556673 ], [ 9.662985, 53.564044 ] ], [ [ 9.780241, 53.552324 ], [ 9.776485, 53.548879 ], [ 9.782894, 53.550744 ], [ 9.780241, 53.552324 ] ], [ [ 9.952411, 53.541431 ], [ 9.963697, 53.522344 ], [ 9.947638, 53.538863 ], [ 9.945458, 53.532385 ], [ 9.936043, 53.538032 ], [ 9.940121, 53.519112 ], [ 9.959116, 53.50095 ], [ 9.943566, 53.513681 ], [ 9.942784, 53.506642 ], [ 9.961752, 53.48512 ], [ 9.997699, 53.473505 ], [ 10.034473, 53.47385 ], [ 10.071065, 53.455648 ], [ 10.062901, 53.464046 ], [ 10.060915, 53.475461 ], [ 10.050248, 53.485652 ], [ 10.055276, 53.517957 ], [ 10.01528, 53.534256 ], [ 9.952411, 53.541431 ] ] ] } }
]
}
