{
"type": "FeatureCollection",
"name": "level_2",
"crs": { "type": "name", "properties": { "name": "urn:ogc:def:crs:OGC:1.3:CRS84" } },
"features": [
{ "type": "Feature", "properties": { "name": "Stuttgart", "area": 10556.595989992662 }, "geometry": { "type": "MultiPolygon", "coordinates": [ [ [ [ 8.755295, 48.526017 ], [ 8.846692, 48.500078 ], [ 8.844934, 48.509114 ], [ 8.864938, 48.516236 ], [ 8.855949, 48.518959 ], [ 8.860763, 48.528481 ], [ 8.850947, 48.537197 ], [ 8.88696, 48.541803 ], [ 8.889811, 48.564472 ], [ 8.911308, 48.572221 ], [ 8.945204, 48.567539 ], [ 8.935699, 48.577425 ], [ 8.948869, 48.58021 ], [ 8.949217, 48.587104 ], [ 8.984541, 48.591498 ], [ 9.0348, 48.576853 ], [ 9.052053, 48.593244 ], [ 9.07915, 48.588774 ], [ 9.077904, 48.598039 ], [ 9.089582, 48.60309 ], [ 9.081145, 48.611554 ], [ 9.107773, 48.62281 ], [ 9.117134, 48.613877 ], [ 9.110446, 48.605256 ], [ 9.121478, 48.600368 ], [ 9.153858, 48.605625 ], [ 9.180026, 48.605328 ], [ 9.188315, 48.597647 ], [ 9.205184, 48.603223 ], [ 9.197745, 48.588261 ], [ 9.208601, 48.571462 ], [ 9.225095, 48.565673 ], [ 9.241229, 48.578439 ], [ 9.25932, 48.566304 ], [ 9.295315, 48.565515 ], [ 9.294424, 48.573608 ], [ 9.314058, 48.58058 ], [ 9.322655, 48.572164 ], [ 9.30919, 48.563323 ], [ 9.320382, 48.557672 ], [ 9.314098, 48.547333 ], [ 9.324124, 48.541237 ], [ 9.339463, 48.549439 ], [ 9.392952, 48.530966 ], [ 9.426108, 48.544027 ], [ 9.46355, 48.544294 ], [ 9.48972, 48.530974 ], [ 9.467086, 48.516728 ], [ 9.471273, 48.512621 ], [ 9.497263, 48.521718 ], [ 9.498793, 48.51442 ], [ 9.505027, 48.514045 ], [ 9.504509, 48.526837 ], [ 9.530859, 48.513645 ], [ 9.530085, 48.526749 ], [ 9.569387, 48.539487 ], [ 9.611223, 48.541459 ], [ 9.63255, 48.536979 ], [ 9.650513, 48.520185 ], [ 9.666678, 48.524813 ], [ 9.686609, 48.517291 ], [ 9.68206, 48.524604 ], [ 9.695744, 48.541188 ], [ 9.722888, 48.546795 ], [ 9.718971, 48.5571 ], [ 9.726086, 48.562032 ], [ 9.768573, 48.559673 ], [ 9.770188, 48.566297 ], [ 9.813987, 48.557927 ], [ 9.828729, 48.565562 ], [ 9.838927, 48.585838 ], [ 9.863411, 48.585451 ], [ 9.856235, 48.588711 ], [ 9.88081, 48.598787 ], [ 9.899059, 48.6151 ], [ 9.887617, 48.615793 ], [ 9.891874, 48.622471 ], [ 9.944072, 48.631755 ], [ 9.969364, 48.615189 ], [ 9.961259, 48.60364 ], [ 9.964788, 48.595198 ], [ 9.992815, 48.596702 ], [ 9.998859, 48.607485 ], [ 10.039993, 48.606818 ], [ 10.057359, 48.586305 ], [ 10.110129, 48.569795 ], [ 10.113346, 48.556067 ], [ 10.153232, 48.551227 ], [ 10.160507, 48.557028 ], [ 10.171533, 48.549295 ], [ 10.187037, 48.558104 ], [ 10.191355, 48.541035 ], [ 10.214878, 48.533342 ], [ 10.209758, 48.531814 ], [ 10.215542, 48.515014 ], [ 10.247057, 48.511071 ], [ 10.257462, 48.519466 ], [ 10.296265, 48.516936 ], [ 10.314839, 48.526509 ], [ 10.301556, 48.537133 ], [ 10.314184, 48.556289 ], [ 10.310082, 48.576515 ], [ 10.293114, 48.589766 ], [ 10.297109, 48.60381 ], [ 10.323095, 48.609133 ], [ 10.297811, 48.624188 ], [ 10.280523, 48.646771 ], [ 10.25953, 48.654892 ], [ 10.266623, 48.658837 ], [ 10.2546, 48.666203 ], [ 10.264849, 48.672142 ], [ 10.255372, 48.677491 ], [ 10.27304, 48.685891 ], [ 10.268707, 48.703547 ], [ 10.317503, 48.682934 ], [ 10.3174, 48.688698 ], [ 10.337429, 48.689022 ], [ 10.347423, 48.679107 ], [ 10.351017, 48.654677 ], [ 10.361129, 48.652827 ], [ 10.368441, 48.663879 ], [ 10.389421, 48.667202 ], [ 10.392032, 48.687161 ], [ 10.408871, 48.698793 ], [ 10.431748, 48.699492 ], [ 10.437394, 48.693102 ], [ 10.429635, 48.686025 ], [ 10.422782, 48.690755 ], [ 10.418721, 48.682272 ], [ 10.426109, 48.672951 ], [ 10.408698, 48.66784 ], [ 10.410639, 48.661034 ], [ 10.449173, 48.665159 ], [ 10.495749, 48.688434 ], [ 10.47151, 48.70281 ], [ 10.483382, 48.708064 ], [ 10.45574, 48.729046 ], [ 10.464281, 48.735137 ], [ 10.450065, 48.734988 ], [ 10.447884, 48.728044 ], [ 10.416177, 48.748106 ], [ 10.428187, 48.755884 ], [ 10.413101, 48.772088 ], [ 10.420115, 48.776239 ], [ 10.42852, 48.76977 ], [ 10.434266, 48.77623 ], [ 10.426774, 48.781747 ], [ 10.434329, 48.789648 ], [ 10.421084, 48.799412 ], [ 10.448624, 48.811968 ], [ 10.449102, 48.830323 ], [ 10.426268, 48.836921 ], [ 10.427415, 48.842989 ], [ 10.452795, 48.85186 ], [ 10.454107, 48.860301 ], [ 10.444775, 48.880271 ], [ 10.452993, 48.884439 ], [ 10.450216, 48.893089 ], [ 10.42132, 48.905763 ], [ 10.457001, 48.917141 ], [ 10.437809, 48.933151 ], [ 10.451373, 48.938661 ], [ 10.430902, 48.946303 ], [ 10.418752, 48.968579 ], [ 10.403681, 48.96679 ], [ 10.40148, 48.974523 ], [ 10.411773, 48.978957 ], [ 10.401254, 48.986202 ], [ 10.380483, 48.989212 ], [ 10.381896, 48.999049 ], [ 10.372809, 49.003239 ], [ 10.352158, 49.006002 ], [ 10.356092, 49.01351 ], [ 10.345197, 49.019385 ], [ 10.350257, 49.028422 ], [ 10.332901, 49.031923 ], [ 10.320477, 49.025716 ], [ 10.294007, 49.042777 ], [ 10.284839, 49.036575 ], [ 10.26499, 49.045203 ], [ 10.251864, 49.039161 ], [ 10.256056, 49.061364 ], [ 10.26463, 49.061365 ], [ 10.258154, 49.070174 ], [ 10.23417, 49.076362 ], [ 10.247145, 49.07972 ], [ 10.250597, 49.092815 ], [ 10.22907, 49.089761 ], [ 10.222779, 49.097859 ], [ 10.204998, 49.098119 ], [ 10.21525, 49.113283 ], [ 10.229331, 49.113226 ], [ 10.224954, 49.119503 ], [ 10.256947, 49.12905 ], [ 10.248023, 49.149281 ], [ 10.218379, 49.16349 ], [ 10.196814, 49.155762 ], [ 10.195244, 49.169889 ], [ 10.177318, 49.173509 ], [ 10.181183, 49.182407 ], [ 10.166468, 49.179216 ], [ 10.153574, 49.188412 ], [ 10.156808, 49.192715 ], [ 10.124899, 49.199737 ], [ 10.130455, 49.203767 ], [ 10.125622, 49.210893 ], [ 10.140136, 49.20889 ], [ 10.119829, 49.247358 ], [ 10.133209, 49.253105 ], [ 10.109875, 49.258298 ], [ 10.118702, 49.25787 ], [ 10.113974, 49.266408 ], [ 10.123625, 49.274995 ], [ 10.131392, 49.275084 ], [ 10.12356, 49.270965 ], [ 10.134157, 49.26223 ], [ 10.15662, 49.280759 ], [ 10.132299, 49.300319 ], [ 10.145247, 49.316498 ], [ 10.140102, 49.325576 ], [ 10.110499, 49.328872 ], [ 10.113087, 49.335777 ], [ 10.104847, 49.338412 ], [ 10.107616, 49.351699 ], [ 10.124556, 49.356138 ], [ 10.113374, 49.359941 ], [ 10.117414, 49.369023 ], [ 10.107318, 49.378785 ], [ 10.121686, 49.38786 ], [ 10.144924, 49.384414 ], [ 10.161698, 49.395494 ], [ 10.138638, 49.403096 ], [ 10.152217, 49.401015 ], [ 10.15168, 49.412294 ], [ 10.133705, 49.437147 ], [ 10.094741, 49.447899 ], [ 10.105488, 49.463239 ], [ 10.122252, 49.463908 ], [ 10.099991, 49.491728 ], [ 10.121323, 49.511046 ], [ 10.084147, 49.511759 ], [ 10.076886, 49.519883 ], [ 10.089598, 49.530521 ], [ 10.08552, 49.542214 ], [ 10.061428, 49.545138 ], [ 10.061368, 49.537468 ], [ 10.040019, 49.52901 ], [ 10.056146, 49.514945 ], [ 10.028178, 49.50399 ], [ 10.018915, 49.485906 ], [ 9.926561, 49.484835 ], [ 9.913741, 49.493253 ], [ 9.925129, 49.50865 ], [ 9.916959, 49.517802 ], [ 9.92705, 49.536077 ], [ 9.920182, 49.545125 ], [ 9.926961, 49.549521 ], [ 9.920733, 49.553402 ], [ 9.924985, 49.560064 ], [ 9.898205, 49.56238 ], [ 9.912438, 49.585908 ], [ 9.898791, 49.588347 ], [ 9.875725, 49.578631 ], [ 9.86455, 49.567881 ], [ 9.85931, 49.546044 ], [ 9.81023, 49.557316 ], [ 9.847868, 49.577053 ], [ 9.841047, 49.595141 ], [ 9.872808, 49.610076 ], [ 9.855481, 49.641515 ], [ 9.83006, 49.651743 ], [ 9.823417, 49.673173 ], [ 9.841172, 49.683417 ], [ 9.830028, 49.687709 ], [ 9.836147, 49.691741 ], [ 9.831805, 49.703803 ], [ 9.796514, 49.720711 ], [ 9.799994, 49.730943 ], [ 9.752954, 49.710122 ], [ 9.73942, 49.688191 ], [ 9.72755, 49.688728 ], [ 9.709719, 49.727058 ], [ 9.700382, 49.716961 ], [ 9.677194, 49.716201 ], [ 9.676148, 49.693347 ], [ 9.653496, 49.687137 ], [ 9.63246, 49.693186 ], [ 9.625449, 49.703737 ], [ 9.640874, 49.720337 ], [ 9.627715, 49.731963 ], [ 9.646936, 49.739145 ], [ 9.638998, 49.740507 ], [ 9.645553, 49.74691 ], [ 9.637952, 49.753851 ], [ 9.651866, 49.766372 ], [ 9.644322, 49.77861 ], [ 9.651419, 49.780557 ], [ 9.648736, 49.791478 ], [ 9.56181, 49.780617 ], [ 9.558393, 49.765095 ], [ 9.568946, 49.749635 ], [ 9.562256, 49.744541 ], [ 9.546462, 49.766426 ], [ 9.514512, 49.763787 ], [ 9.512861, 49.781794 ], [ 9.503232, 49.788395 ], [ 9.479097, 49.786894 ], [ 9.457007, 49.769472 ], [ 9.423867, 49.789466 ], [ 9.391547, 49.770121 ], [ 9.37261, 49.778977 ], [ 9.351036, 49.769007 ], [ 9.316022, 49.76824 ], [ 9.323124, 49.743797 ], [ 9.296297, 49.738918 ], [ 9.374211, 49.728002 ], [ 9.344031, 49.718614 ], [ 9.357409, 49.704288 ], [ 9.382529, 49.707463 ], [ 9.380161, 49.726118 ], [ 9.399961, 49.728841 ], [ 9.401068, 49.720565 ], [ 9.418681, 49.711898 ], [ 9.422313, 49.696079 ], [ 9.406391, 49.679582 ], [ 9.412472, 49.675469 ], [ 9.39808, 49.671481 ], [ 9.405082, 49.666016 ], [ 9.451573, 49.656001 ], [ 9.450302, 49.649529 ], [ 9.476603, 49.64241 ], [ 9.52001, 49.6431 ], [ 9.526013, 49.635423 ], [ 9.538988, 49.639808 ], [ 9.547451, 49.634346 ], [ 9.551583, 49.621587 ], [ 9.537175, 49.615653 ], [ 9.544197, 49.601039 ], [ 9.511636, 49.60222 ], [ 9.49937, 49.58738 ], [ 9.522052, 49.536611 ], [ 9.542148, 49.53269 ], [ 9.545763, 49.524722 ], [ 9.52425, 49.511547 ], [ 9.517168, 49.515948 ], [ 9.505753, 49.501382 ], [ 9.494955, 49.502501 ], [ 9.491559, 49.487923 ], [ 9.516822, 49.473635 ], [ 9.505765, 49.455142 ], [ 9.510311, 49.439255 ], [ 9.54978, 49.449805 ], [ 9.600988, 49.431348 ], [ 9.603823, 49.426578 ], [ 9.570059, 49.416016 ], [ 9.576465, 49.397605 ], [ 9.590379, 49.400921 ], [ 9.593832, 49.391809 ], [ 9.57508, 49.384851 ], [ 9.571411, 49.375307 ], [ 9.53051, 49.38188 ], [ 9.507591, 49.375365 ], [ 9.470518, 49.387429 ], [ 9.464676, 49.396948 ], [ 9.446275, 49.39066 ], [ 9.450841, 49.376605 ], [ 9.426931, 49.357064 ], [ 9.398881, 49.366437 ], [ 9.35524, 49.366443 ], [ 9.328428, 49.387543 ], [ 9.31034, 49.377171 ], [ 9.315329, 49.357078 ], [ 9.294675, 49.347539 ], [ 9.287463, 49.329927 ], [ 9.26913, 49.330324 ], [ 9.251897, 49.298025 ], [ 9.241855, 49.297315 ], [ 9.230848, 49.310031 ], [ 9.220768, 49.307731 ], [ 9.197877, 49.326883 ], [ 9.162506, 49.32862 ], [ 9.156731, 49.295042 ], [ 9.13125, 49.294171 ], [ 9.153931, 49.284727 ], [ 9.150749, 49.273999 ], [ 9.071542, 49.278232 ], [ 9.049126, 49.292862 ], [ 9.021549, 49.298603 ], [ 9.027301, 49.285084 ], [ 9.037495, 49.285874 ], [ 9.042199, 49.278162 ], [ 9.018959, 49.265658 ], [ 9.020581, 49.256718 ], [ 8.997582, 49.265185 ], [ 9.002709, 49.258596 ], [ 8.997681, 49.253661 ], [ 9.010658, 49.249128 ], [ 9.005588, 49.242017 ], [ 8.965434, 49.227881 ], [ 8.957254, 49.213058 ], [ 8.886539, 49.202464 ], [ 8.896089, 49.182034 ], [ 8.872848, 49.174388 ], [ 8.863503, 49.174446 ], [ 8.830219, 49.192094 ], [ 8.818233, 49.194497 ], [ 8.825902, 49.187927 ], [ 8.817689, 49.157789 ], [ 8.832868, 49.162344 ], [ 8.842161, 49.150218 ], [ 8.826426, 49.126592 ], [ 8.869495, 49.131974 ], [ 8.877627, 49.118502 ], [ 8.889813, 49.115187 ], [ 8.893285, 49.084576 ], [ 8.864319, 49.07157 ], [ 8.879397, 49.06416 ], [ 8.872445, 49.037201 ], [ 8.903772, 49.022174 ], [ 8.932547, 48.993226 ], [ 8.920299, 48.982312 ], [ 8.945315, 48.961766 ], [ 8.94818, 48.941853 ], [ 8.929616, 48.936546 ], [ 8.904472, 48.944151 ], [ 8.906426, 48.925881 ], [ 8.900596, 48.923828 ], [ 8.926421, 48.919724 ], [ 8.907248, 48.909879 ], [ 8.92909, 48.865617 ], [ 8.90527, 48.862301 ], [ 8.89482, 48.846866 ], [ 8.873034, 48.836918 ], [ 8.88592, 48.830356 ], [ 8.871705, 48.817297 ], [ 8.900798, 48.81938 ], [ 8.8908, 48.808386 ], [ 8.90015, 48.8005 ], [ 8.886864, 48.802431 ], [ 8.867769, 48.79242 ], [ 8.833068, 48.797888 ], [ 8.799385, 48.773666 ], [ 8.835454, 48.754098 ], [ 8.829203, 48.736472 ], [ 8.878631, 48.724773 ], [ 8.855306, 48.706917 ], [ 8.863216, 48.697238 ], [ 8.851489, 48.684814 ], [ 8.83636, 48.683104 ], [ 8.818745, 48.664507 ], [ 8.798731, 48.658625 ], [ 8.801939, 48.643716 ], [ 8.790779, 48.638227 ], [ 8.795643, 48.635119 ], [ 8.789938, 48.629086 ], [ 8.800779, 48.61317 ], [ 8.794886, 48.594326 ], [ 8.74847, 48.604935 ], [ 8.755373, 48.582978 ], [ 8.750165, 48.570548 ], [ 8.756307, 48.570779 ], [ 8.765363, 48.548292 ], [ 8.773341, 48.549865 ], [ 8.758352, 48.54442 ], [ 8.763949, 48.533969 ], [ 8.755295, 48.526017 ] ] ], [ [ [ 9.171596, 48.598609 ], [ 9.164321, 48.604367 ], [ 9.163876, 48.597546 ], [ 9.171596, 48.598609 ] ] ], [ [ [ 10.234692, 48.505341 ], [ 10.242473, 48.5001 ], [ 10.24033, 48.506585 ], [ 10.234692, 48.505341 ] ] ] ] } },
{ "type": "Feature", "properties": { "name": "Karlsruhe", "area": 6917.8613896340321 }, "geometry": { "type": "MultiPolygon", "coordinates": [ [ [ [ 9.41092, 49.663508 ], [ 9.419495, 49.658854 ], [ 9.406, 49.645313 ], [ 9.38357, 49.642827 ], [ 9.366744, 49.658357 ], [ 9.343881, 49.6443 ], [ 9.304083, 49.654944 ], [ 9.285501, 49.63577 ], [ 9.270723, 49.634019 ], [ 9.285023, 49.614801 ], [ 9.264578, 49.60682 ], [ 9.260212, 49.594387 ], [ 9.249458, 49.593801 ], [ 9.24894, 49.584518 ], [ 9.238702, 49.581292 ], [ 9.180804, 49.573748 ], [ 9.108266, 49.579302 ], [ 9.098931, 49.560554 ], [ 9.082632, 49.561789 ], [ 9.073074, 49.574941 ], [ 9.072206, 49.565249 ], [ 9.088063, 49.550241 ], [ 9.084391, 49.543024 ], [ 9.113768, 49.534634 ], [ 9.126414, 49.516946 ], [ 9.106127, 49.509796 ], [ 9.099554, 49.526189 ], [ 9.064951, 49.529606 ], [ 9.049951, 49.519368 ], [ 9.040757, 49.499069 ], [ 9.014236, 49.498058 ], [ 8.985834, 49.51033 ], [ 8.968003, 49.5016 ], [ 8.951832, 49.505626 ], [ 8.95464, 49.482009 ], [ 8.942795, 49.485688 ], [ 8.93188, 49.470637 ], [ 8.950349, 49.454993 ], [ 8.912567, 49.437614 ], [ 8.900949, 49.443369 ], [ 8.892389, 49.420907 ], [ 8.850273, 49.395397 ], [ 8.83188, 49.408187 ], [ 8.822421, 49.395552 ], [ 8.803541, 49.40357 ], [ 8.806588, 49.419201 ], [ 8.836453, 49.430218 ], [ 8.825401, 49.46701 ], [ 8.851932, 49.483588 ], [ 8.86634, 49.474593 ], [ 8.862924, 49.466679 ], [ 8.876495, 49.466686 ], [ 8.899355, 49.48455 ], [ 8.899573, 49.503656 ], [ 8.848502, 49.502173 ], [ 8.833855, 49.490683 ], [ 8.816963, 49.505793 ], [ 8.821874, 49.524636 ], [ 8.809206, 49.52568 ], [ 8.798591, 49.511689 ], [ 8.748709, 49.522428 ], [ 8.727711, 49.518339 ], [ 8.724895, 49.522637 ], [ 8.73595, 49.524846 ], [ 8.70265, 49.535328 ], [ 8.705794, 49.547966 ], [ 8.690771, 49.555643 ], [ 8.680989, 49.575548 ], [ 8.683477, 49.589752 ], [ 8.696334, 49.5921 ], [ 8.697998, 49.599757 ], [ 8.67214, 49.611194 ], [ 8.686369, 49.60848 ], [ 8.678879, 49.613868 ], [ 8.688393, 49.614623 ], [ 8.692314, 49.623739 ], [ 8.677934, 49.625947 ], [ 8.593889, 49.610947 ], [ 8.590977, 49.595943 ], [ 8.603232, 49.593294 ], [ 8.6213, 49.54501 ], [ 8.608048, 49.528304 ], [ 8.597913, 49.531462 ], [ 8.581375, 49.51978 ], [ 8.552579, 49.52052 ], [ 8.495032, 49.572997 ], [ 8.4799, 49.574464 ], [ 8.464285, 49.589528 ], [ 8.422439, 49.583385 ], [ 8.414725, 49.553897 ], [ 8.442964, 49.492696 ], [ 8.463795, 49.470403 ], [ 8.444322, 49.459187 ], [ 8.442691, 49.450239 ], [ 8.498879, 49.442654 ], [ 8.508242, 49.434493 ], [ 8.496189, 49.402136 ], [ 8.463528, 49.384429 ], [ 8.473231, 49.373364 ], [ 8.500398, 49.389014 ], [ 8.496811, 49.36418 ], [ 8.450485, 49.323141 ], [ 8.455804, 49.31421 ], [ 8.48385, 49.304948 ], [ 8.489069, 49.293124 ], [ 8.389294, 49.233981 ], [ 8.384804, 49.219628 ], [ 8.398535, 49.225753 ], [ 8.405252, 49.220561 ], [ 8.368431, 49.168052 ], [ 8.372708, 49.151981 ], [ 8.358091, 49.097784 ], [ 8.311687, 49.054307 ], [ 8.287597, 48.998427 ], [ 8.239232, 48.969265 ], [ 8.196393, 48.956501 ], [ 8.135195, 48.887545 ], [ 8.094315, 48.808346 ], [ 8.068373, 48.790755 ], [ 8.030279, 48.787373 ], [ 8.014333, 48.76102 ], [ 7.972006, 48.758122 ], [ 7.959631, 48.718581 ], [ 7.991354, 48.705175 ], [ 7.972806, 48.692715 ], [ 7.979728, 48.687123 ], [ 8.014739, 48.680921 ], [ 8.015255, 48.687843 ], [ 8.019823, 48.679541 ], [ 8.036564, 48.681938 ], [ 8.032739, 48.675105 ], [ 8.074354, 48.673449 ], [ 8.113293, 48.650082 ], [ 8.139606, 48.656871 ], [ 8.164936, 48.645468 ], [ 8.161775, 48.640309 ], [ 8.180604, 48.640047 ], [ 8.199713, 48.628372 ], [ 8.241122, 48.629232 ], [ 8.232915, 48.611136 ], [ 8.248607, 48.608513 ], [ 8.247466, 48.602686 ], [ 8.206727, 48.602193 ], [ 8.236917, 48.577827 ], [ 8.228525, 48.564353 ], [ 8.212681, 48.558278 ], [ 8.220087, 48.53783 ], [ 8.211038, 48.521927 ], [ 8.220387, 48.518638 ], [ 8.218828, 48.507955 ], [ 8.228346, 48.49776 ], [ 8.266747, 48.490644 ], [ 8.275435, 48.477856 ], [ 8.267798, 48.477109 ], [ 8.268768, 48.448973 ], [ 8.263862, 48.435165 ], [ 8.253981, 48.433954 ], [ 8.259704, 48.423179 ], [ 8.254628, 48.413927 ], [ 8.233001, 48.401827 ], [ 8.247635, 48.395136 ], [ 8.250792, 48.382438 ], [ 8.264013, 48.379276 ], [ 8.253274, 48.362922 ], [ 8.284426, 48.360415 ], [ 8.303992, 48.349095 ], [ 8.319835, 48.358003 ], [ 8.315272, 48.369098 ], [ 8.32856, 48.386955 ], [ 8.353553, 48.381813 ], [ 8.360813, 48.37001 ], [ 8.359799, 48.338382 ], [ 8.395422, 48.322824 ], [ 8.43319, 48.322028 ], [ 8.444734, 48.301116 ], [ 8.458567, 48.312733 ], [ 8.499533, 48.319906 ], [ 8.502205, 48.330774 ], [ 8.487354, 48.332429 ], [ 8.485127, 48.342308 ], [ 8.470435, 48.34686 ], [ 8.500382, 48.356387 ], [ 8.485669, 48.368324 ], [ 8.483937, 48.38205 ], [ 8.521479, 48.387086 ], [ 8.523652, 48.396305 ], [ 8.510945, 48.404244 ], [ 8.562162, 48.399623 ], [ 8.595964, 48.410984 ], [ 8.606043, 48.396175 ], [ 8.675736, 48.400852 ], [ 8.690095, 48.387198 ], [ 8.717766, 48.3778 ], [ 8.758635, 48.382625 ], [ 8.748888, 48.390134 ], [ 8.774055, 48.416279 ], [ 8.767252, 48.416874 ], [ 8.777963, 48.420792 ], [ 8.764937, 48.425768 ], [ 8.769303, 48.438115 ], [ 8.828929, 48.462693 ], [ 8.795296, 48.484844 ], [ 8.776492, 48.486491 ], [ 8.76858, 48.501914 ], [ 8.755711, 48.50414 ], [ 8.771843, 48.519459 ], [ 8.75568, 48.525078 ], [ 8.763949, 48.533969 ], [ 8.757561, 48.542377 ], [ 8.773341, 48.549865 ], [ 8.765363, 48.548292 ], [ 8.756307, 48.570779 ], [ 8.750165, 48.570548 ], [ 8.755373, 48.582978 ], [ 8.74847, 48.604935 ], [ 8.794886, 48.594326 ], [ 8.800779, 48.61317 ], [ 8.789938, 48.629086 ], [ 8.795643, 48.635119 ], [ 8.790779, 48.638227 ], [ 8.801939, 48.643716 ], [ 8.798731, 48.658625 ], [ 8.818745, 48.664507 ], [ 8.83636, 48.683104 ], [ 8.851489, 48.684814 ], [ 8.863216, 48.697238 ], [ 8.855306, 48.706917 ], [ 8.878631, 48.724773 ], [ 8.829203, 48.736472 ], [ 8.835454, 48.754098 ], [ 8.799385, 48.773666 ], [ 8.833068, 48.797888 ], [ 8.867769, 48.79242 ], [ 8.886864, 48.802431 ], [ 8.90015, 48.8005 ], [ 8.8908, 48.808386 ], [ 8.900798, 48.81938 ], [ 8.871705, 48.817297 ], [ 8.88592, 48.830356 ], [ 8.873034, 48.836918 ], [ 8.89482, 48.846866 ], [ 8.90527, 48.862301 ], [ 8.92909, 48.865617 ], [ 8.907248, 48.909879 ], [ 8.926421, 48.919724 ], [ 8.900596, 48.923828 ], [ 8.906426, 48.925881 ], [ 8.904472, 48.944151 ], [ 8.929616, 48.936546 ], [ 8.94818, 48.941853 ], [ 8.945315, 48.961766 ], [ 8.920299, 48.982312 ], [ 8.932547, 48.993226 ], [ 8.903772, 49.022174 ], [ 8.872445, 49.037201 ], [ 8.879397, 49.06416 ], [ 8.864319, 49.07157 ], [ 8.893285, 49.084576 ], [ 8.889813, 49.115187 ], [ 8.877627, 49.118502 ], [ 8.869495, 49.131974 ], [ 8.826426, 49.126592 ], [ 8.842161, 49.150218 ], [ 8.832868, 49.162344 ], [ 8.817689, 49.157789 ], [ 8.825902, 49.187927 ], [ 8.818233, 49.194497 ], [ 8.872848, 49.174388 ], [ 8.896089, 49.182034 ], [ 8.886539, 49.202464 ], [ 8.957254, 49.213058 ], [ 8.965434, 49.227881 ], [ 9.005588, 49.242017 ], [ 9.010658, 49.249128 ], [ 8.997681, 49.253661 ], [ 9.002709, 49.258596 ], [ 8.997582, 49.265185 ], [ 9.020581, 49.256718 ], [ 9.018959, 49.265658 ], [ 9.042199, 49.278162 ], [ 9.037495, 49.285874 ], [ 9.027301, 49.285084 ], [ 9.021549, 49.298603 ], [ 9.049126, 49.292862 ], [ 9.071542, 49.278232 ], [ 9.150749, 49.273999 ], [ 9.153931, 49.284727 ], [ 9.13125, 49.294171 ], [ 9.156731, 49.295042 ], [ 9.162506, 49.32862 ], [ 9.197877, 49.326883 ], [ 9.220768, 49.307731 ], [ 9.230848, 49.310031 ], [ 9.241855, 49.297315 ], [ 9.251897, 49.298025 ], [ 9.26913, 49.330324 ], [ 9.287463, 49.329927 ], [ 9.294675, 49.347539 ], [ 9.315329, 49.357078 ], [ 9.31034, 49.377171 ], [ 9.328428, 49.387543 ], [ 9.35524, 49.366443 ], [ 9.398881, 49.366437 ], [ 9.426931, 49.357064 ], [ 9.450841, 49.376605 ], [ 9.446275, 49.39066 ], [ 9.464676, 49.396948 ], [ 9.470518, 49.387429 ], [ 9.507591, 49.375365 ], [ 9.53051, 49.38188 ], [ 9.571411, 49.375307 ], [ 9.57508, 49.384851 ], [ 9.593832, 49.391809 ], [ 9.590379, 49.400921 ], [ 9.576465, 49.397605 ], [ 9.570059, 49.416016 ], [ 9.603823, 49.426578 ], [ 9.600988, 49.431348 ], [ 9.54978, 49.449805 ], [ 9.510311, 49.439255 ], [ 9.505765, 49.455142 ], [ 9.516822, 49.473635 ], [ 9.491559, 49.487923 ], [ 9.494955, 49.502501 ], [ 9.505753, 49.501382 ], [ 9.517168, 49.515948 ], [ 9.52425, 49.511547 ], [ 9.545763, 49.524722 ], [ 9.542148, 49.53269 ], [ 9.522052, 49.536611 ], [ 9.49937, 49.58738 ], [ 9.511636, 49.60222 ], [ 9.544197, 49.601039 ], [ 9.537175, 49.615653 ], [ 9.551583, 49.621587 ], [ 9.547451, 49.634346 ], [ 9.538988, 49.639808 ], [ 9.526013, 49.635423 ], [ 9.52001, 49.6431 ], [ 9.476603, 49.64241 ], [ 9.450302, 49.649529 ], [ 9.451573, 49.656001 ], [ 9.41092, 49.663508 ] ], [ [ 8.079791, 48.670806 ], [ 8.078796, 48.673475 ], [ 8.080951, 48.672784 ], [ 8.079791, 48.670806 ] ], [ [ 8.017274, 48.69595 ], [ 8.023288, 48.691567 ], [ 8.015571, 48.694445 ], [ 8.017274, 48.69595 ] ], [ [ 8.042927, 48.695315 ], [ 8.073507, 48.711427 ], [ 8.070549, 48.705865 ], [ 8.042927, 48.695315 ] ], [ [ 8.67853, 49.621934 ], [ 8.685868, 49.621665 ], [ 8.68598, 49.618355 ], [ 8.671864, 49.615878 ], [ 8.67853, 49.621934 ] ] ], [ [ [ 8.680067, 49.618665 ], [ 8.684053, 49.620223 ], [ 8.680117, 49.620286 ], [ 8.680067, 49.618665 ] ] ] ] } },
{ "type": "Feature", "properties": { "name": "Freiburg", "area": 9356.6741970202002 }, "geometry": { "type": "MultiPolygon", "coordinates": [ [ [ [ 9.125932, 47.668641 ], [ 9.123335, 47.673945 ], [ 9.120986, 47.675754 ], [ 9.120676, 47.672313 ], [ 9.125932, 47.668641 ] ] ], [ [ [ 9.198599, 47.702432 ], [ 9.195343, 47.70828 ], [ 9.187811, 47.705583 ], [ 9.198599, 47.702432 ] ] ], [ [ [ 8.701282, 47.715224 ], [ 8.686362, 47.708583 ], [ 8.664635, 47.713428 ], [ 8.67649, 47.697943 ], [ 8.658526, 47.690653 ], [ 8.669053, 47.684897 ], [ 8.690226, 47.695383 ], [ 8.71772, 47.690742 ], [ 8.701282, 47.715224 ] ] ], [ [ [ 8.078796, 48.673475 ], [ 8.079791, 48.670806 ], [ 8.080951, 48.672784 ], [ 8.078796, 48.673475 ] ] ], [ [ [ 8.023288, 48.691567 ], [ 8.017274, 48.69595 ], [ 8.015571, 48.694445 ], [ 8.023288, 48.691567 ] ] ], [ [ [ 8.073507, 48.711427 ], [ 8.062349, 48.711642 ], [ 8.042927, 48.695315 ], [ 8.070549, 48.705865 ], [ 8.073507, 48.711427 ] ] ], [ [ [ 7.959631, 48.718581 ], [ 7.889976, 48.662598 ], [ 7.841996, 48.643732 ], [ 7.802141, 48.588843 ], [ 7.806109, 48.516383 ], [ 7.79509, 48.50183 ], [ 7.768201, 48.489663 ], [ 7.765038, 48.45661 ], [ 7.73164, 48.391704 ], [ 7.744638, 48.327811 ], [ 7.693569, 48.301723 ], [ 7.665699, 48.220478 ], [ 7.644118, 48.20727 ], [ 7.601754, 48.159177 ], [ 7.598776, 48.135577 ], [ 7.576982, 48.119056 ], [ 7.568529, 48.035184 ], [ 7.610187, 47.998686 ], [ 7.621952, 47.972806 ], [ 7.58247, 47.929863 ], [ 7.579778, 47.894892 ], [ 7.55631, 47.877527 ], [ 7.562921, 47.842692 ], [ 7.529846, 47.781258 ], [ 7.547603, 47.729819 ], [ 7.511872, 47.696038 ], [ 7.521079, 47.663848 ], [ 7.567361, 47.631741 ], [ 7.574298, 47.615831 ], [ 7.591446, 47.604169 ], [ 7.589193, 47.589729 ], [ 7.619266, 47.576878 ], [ 7.645777, 47.59695 ], [ 7.675025, 47.592041 ], [ 7.682944, 47.598566 ], [ 7.693597, 47.600531 ], [ 7.671741, 47.587359 ], [ 7.689522, 47.571485 ], [ 7.685943, 47.565635 ], [ 7.683415, 47.571257 ], [ 7.676258, 47.563553 ], [ 7.634097, 47.561114 ], [ 7.66892, 47.53557 ], [ 7.692625, 47.53236 ], [ 7.795547, 47.557441 ], [ 7.823085, 47.588012 ], [ 7.84167, 47.58216 ], [ 7.891352, 47.587638 ], [ 7.910858, 47.570961 ], [ 7.911459, 47.5513 ], [ 7.943211, 47.543819 ], [ 7.959083, 47.558264 ], [ 8.021771, 47.550515 ], [ 8.068332, 47.564576 ], [ 8.089662, 47.557759 ], [ 8.109484, 47.582259 ], [ 8.164908, 47.59414 ], [ 8.204054, 47.620892 ], [ 8.219268, 47.617815 ], [ 8.226647, 47.605068 ], [ 8.256241, 47.615159 ], [ 8.287722, 47.610638 ], [ 8.297481, 47.60567 ], [ 8.297921, 47.589068 ], [ 8.323771, 47.572949 ], [ 8.38297, 47.565812 ], [ 8.397356, 47.577195 ], [ 8.433687, 47.566648 ], [ 8.494547, 47.581201 ], [ 8.488717, 47.587802 ], [ 8.466938, 47.584203 ], [ 8.4566, 47.602346 ], [ 8.479112, 47.615154 ], [ 8.508252, 47.617507 ], [ 8.517746, 47.634314 ], [ 8.558004, 47.624314 ], [ 8.574448, 47.611881 ], [ 8.562787, 47.599607 ], [ 8.582542, 47.596104 ], [ 8.604797, 47.613261 ], [ 8.595742, 47.643133 ], [ 8.607705, 47.652446 ], [ 8.613887, 47.64406 ], [ 8.602982, 47.639247 ], [ 8.615594, 47.637704 ], [ 8.628804, 47.649654 ], [ 8.606623, 47.67212 ], [ 8.577762, 47.661566 ], [ 8.554316, 47.669389 ], [ 8.539952, 47.665089 ], [ 8.541358, 47.657111 ], [ 8.533354, 47.663194 ], [ 8.527009, 47.660395 ], [ 8.531527, 47.645789 ], [ 8.492376, 47.642086 ], [ 8.473737, 47.649825 ], [ 8.473495, 47.638306 ], [ 8.466137, 47.642761 ], [ 8.46543, 47.657131 ], [ 8.445064, 47.653781 ], [ 8.405559, 47.674516 ], [ 8.420642, 47.683855 ], [ 8.404426, 47.698063 ], [ 8.416828, 47.710006 ], [ 8.454988, 47.722259 ], [ 8.449826, 47.738632 ], [ 8.473713, 47.764515 ], [ 8.510218, 47.776163 ], [ 8.520132, 47.770493 ], [ 8.552649, 47.784627 ], [ 8.562531, 47.777854 ], [ 8.577304, 47.781706 ], [ 8.574999, 47.789625 ], [ 8.561916, 47.792747 ], [ 8.567852, 47.808481 ], [ 8.575193, 47.799717 ], [ 8.618584, 47.798334 ], [ 8.614908, 47.78377 ], [ 8.627679, 47.759259 ], [ 8.652972, 47.773434 ], [ 8.64552, 47.790192 ], [ 8.656975, 47.800347 ], [ 8.657496, 47.791791 ], [ 8.680894, 47.78667 ], [ 8.689439, 47.757863 ], [ 8.727146, 47.762277 ], [ 8.74142, 47.748202 ], [ 8.723407, 47.745532 ], [ 8.711257, 47.730071 ], [ 8.736294, 47.716151 ], [ 8.727981, 47.692681 ], [ 8.795947, 47.675302 ], [ 8.798032, 47.689726 ], [ 8.810078, 47.69332 ], [ 8.792066, 47.704909 ], [ 8.76935, 47.706876 ], [ 8.769833, 47.718091 ], [ 8.799122, 47.727133 ], [ 8.796557, 47.734573 ], [ 8.806441, 47.738262 ], [ 8.811949, 47.730353 ], [ 8.804852, 47.724499 ], [ 8.82617, 47.717911 ], [ 8.818828, 47.712863 ], [ 8.87272, 47.704165 ], [ 8.87442, 47.69437 ], [ 8.851542, 47.697522 ], [ 8.85758, 47.692298 ], [ 8.850583, 47.681163 ], [ 8.873472, 47.670221 ], [ 8.875351, 47.656206 ], [ 8.893659, 47.652179 ], [ 8.937897, 47.659096 ], [ 8.998629, 47.687257 ], [ 9.006163, 47.696115 ], [ 8.999154, 47.703362 ], [ 8.939828, 47.728065 ], [ 8.960688, 47.73717 ], [ 9.014928, 47.719973 ], [ 8.983467, 47.739557 ], [ 8.989864, 47.743466 ], [ 9.093126, 47.706441 ], [ 9.107888, 47.690974 ], [ 9.087173, 47.688208 ], [ 9.040724, 47.70834 ], [ 9.042609, 47.694038 ], [ 9.053826, 47.689685 ], [ 9.113126, 47.685019 ], [ 9.125641, 47.674293 ], [ 9.127831, 47.666599 ], [ 9.157709, 47.666011 ], [ 9.175793, 47.653938 ], [ 9.181678, 47.655735 ], [ 9.178426, 47.666993 ], [ 9.217728, 47.666122 ], [ 9.207599, 47.687098 ], [ 9.179606, 47.705151 ], [ 9.17274, 47.734863 ], [ 9.080723, 47.771832 ], [ 9.030987, 47.804702 ], [ 9.039537, 47.817482 ], [ 9.070526, 47.807303 ], [ 9.083189, 47.8143 ], [ 9.076513, 47.819975 ], [ 9.083439, 47.825162 ], [ 9.070407, 47.836857 ], [ 9.076839, 47.842083 ], [ 9.066865, 47.848964 ], [ 9.069507, 47.858285 ], [ 9.084738, 47.857842 ], [ 9.103437, 47.841618 ], [ 9.128582, 47.846817 ], [ 9.117788, 47.858933 ], [ 9.138545, 47.860139 ], [ 9.130593, 47.86536 ], [ 9.145935, 47.87294 ], [ 9.151105, 47.894983 ], [ 9.104607, 47.905717 ], [ 9.097237, 47.914316 ], [ 9.06683, 47.916124 ], [ 9.069608, 47.931056 ], [ 9.083106, 47.939412 ], [ 9.077638, 47.941598 ], [ 9.012045, 47.936923 ], [ 9.020697, 47.947416 ], [ 9.011696, 47.974245 ], [ 9.021236, 47.983832 ], [ 9.007265, 47.99462 ], [ 9.014105, 48.00542 ], [ 9.007587, 48.025605 ], [ 8.971507, 48.040165 ], [ 8.95982, 48.035904 ], [ 8.960361, 48.028036 ], [ 8.952051, 48.029673 ], [ 8.954473, 48.041403 ], [ 8.934217, 48.049369 ], [ 8.940713, 48.060619 ], [ 8.97468, 48.056044 ], [ 8.996809, 48.07096 ], [ 8.962549, 48.091111 ], [ 8.953761, 48.107279 ], [ 8.885086, 48.105427 ], [ 8.860208, 48.143785 ], [ 8.831824, 48.149571 ], [ 8.832671, 48.165032 ], [ 8.80904, 48.184624 ], [ 8.769251, 48.18271 ], [ 8.764294, 48.163155 ], [ 8.754643, 48.159774 ], [ 8.724092, 48.172476 ], [ 8.719245, 48.18157 ], [ 8.738372, 48.189638 ], [ 8.744209, 48.200918 ], [ 8.713565, 48.209164 ], [ 8.703333, 48.22256 ], [ 8.712234, 48.231275 ], [ 8.697911, 48.245277 ], [ 8.710107, 48.252346 ], [ 8.705703, 48.259001 ], [ 8.666217, 48.268785 ], [ 8.683524, 48.280787 ], [ 8.647755, 48.288915 ], [ 8.667579, 48.304858 ], [ 8.71866, 48.315013 ], [ 8.719246, 48.321138 ], [ 8.693341, 48.328496 ], [ 8.743428, 48.350038 ], [ 8.745047, 48.358658 ], [ 8.733587, 48.360985 ], [ 8.737379, 48.379005 ], [ 8.690095, 48.387198 ], [ 8.675736, 48.400852 ], [ 8.606043, 48.396175 ], [ 8.595964, 48.410984 ], [ 8.562162, 48.399623 ], [ 8.510945, 48.404244 ], [ 8.523652, 48.396305 ], [ 8.521479, 48.387086 ], [ 8.483937, 48.38205 ], [ 8.485669, 48.368324 ], [ 8.500382, 48.356387 ], [ 8.470435, 48.34686 ], [ 8.485127, 48.342308 ], [ 8.487354, 48.332429 ], [ 8.502205, 48.330774 ], [ 8.499533, 48.319906 ], [ 8.458567, 48.312733 ], [ 8.444734, 48.301116 ], [ 8.43319, 48.322028 ], [ 8.395422, 48.322824 ], [ 8.359799, 48.338382 ], [ 8.359588, 48.377505 ], [ 8.345294, 48.384467 ], [ 8.32856, 48.386955 ], [ 8.315272, 48.369098 ], [ 8.319835, 48.358003 ], [ 8.303992, 48.349095 ], [ 8.284426, 48.360415 ], [ 8.254116, 48.36231 ], [ 8.251761, 48.369567 ], [ 8.264013, 48.379276 ], [ 8.250792, 48.382438 ], [ 8.247635, 48.395136 ], [ 8.233001, 48.401827 ], [ 8.254628, 48.413927 ], [ 8.259704, 48.423179 ], [ 8.253981, 48.433954 ], [ 8.263862, 48.435165 ], [ 8.268768, 48.448973 ], [ 8.267798, 48.477109 ], [ 8.275435, 48.477856 ], [ 8.266747, 48.490644 ], [ 8.228346, 48.49776 ], [ 8.218828, 48.507955 ], [ 8.220387, 48.518638 ], [ 8.211038, 48.521927 ], [ 8.220087, 48.53783 ], [ 8.212681, 48.558278 ], [ 8.228525, 48.564353 ], [ 8.236917, 48.577827 ], [ 8.206727, 48.602193 ], [ 8.247466, 48.602686 ], [ 8.248607, 48.608513 ], [ 8.232915, 48.611136 ], [ 8.241122, 48.629232 ], [ 8.199713, 48.628372 ], [ 8.180604, 48.640047 ], [ 8.161775, 48.640309 ], [ 8.164936, 48.645468 ], [ 8.139606, 48.656871 ], [ 8.113293, 48.650082 ], [ 8.074354, 48.673449 ], [ 8.032739, 48.675105 ], [ 8.036564, 48.681938 ], [ 8.019823, 48.679541 ], [ 8.015255, 48.687843 ], [ 8.014739, 48.680921 ], [ 7.979728, 48.687123 ], [ 7.972806, 48.692715 ], [ 7.991354, 48.705175 ], [ 7.959631, 48.718581 ] ] ] ] } },
{ "type": "Feature", "properties": { "name": "Tübingen", "area": 8917.7325153119818 }, "geometry": { "type": "Polygon", "coordinates": [ [ [ 8.768902, 48.521841 ], [ 8.755711, 48.50414 ], [ 8.76858, 48.501914 ], [ 8.776492, 48.486491 ], [ 8.795296, 48.484844 ], [ 8.828929, 48.462693 ], [ 8.769303, 48.438115 ], [ 8.764937, 48.425768 ], [ 8.777963, 48.420792 ], [ 8.767252, 48.416874 ], [ 8.774055, 48.416279 ], [ 8.748888, 48.390134 ], [ 8.758635, 48.382625 ], [ 8.735676, 48.376442 ], [ 8.733587, 48.360985 ], [ 8.745047, 48.358658 ], [ 8.743428, 48.350038 ], [ 8.693341, 48.328496 ], [ 8.719246, 48.321138 ], [ 8.71866, 48.315013 ], [ 8.667579, 48.304858 ], [ 8.647755, 48.288915 ], [ 8.678237, 48.284189 ], [ 8.684059, 48.278701 ], [ 8.666217, 48.268785 ], [ 8.705703, 48.259001 ], [ 8.710107, 48.252346 ], [ 8.697911, 48.245277 ], [ 8.712234, 48.231275 ], [ 8.703333, 48.22256 ], [ 8.713565, 48.209164 ], [ 8.744209, 48.200918 ], [ 8.738372, 48.189638 ], [ 8.719245, 48.18157 ], [ 8.726345, 48.170768 ], [ 8.754643, 48.159774 ], [ 8.764294, 48.163155 ], [ 8.769251, 48.18271 ], [ 8.80904, 48.184624 ], [ 8.832671, 48.165032 ], [ 8.831824, 48.149571 ], [ 8.860208, 48.143785 ], [ 8.885086, 48.105427 ], [ 8.953761, 48.107279 ], [ 8.962549, 48.091111 ], [ 8.996809, 48.07096 ], [ 8.97468, 48.056044 ], [ 8.940713, 48.060619 ], [ 8.934217, 48.049369 ], [ 8.954473, 48.041403 ], [ 8.952051, 48.029673 ], [ 8.960361, 48.028036 ], [ 8.95982, 48.035904 ], [ 8.971507, 48.040165 ], [ 9.007587, 48.025605 ], [ 9.014105, 48.00542 ], [ 9.007265, 47.99462 ], [ 9.021236, 47.983832 ], [ 9.011696, 47.974245 ], [ 9.020697, 47.947416 ], [ 9.012045, 47.936923 ], [ 9.077638, 47.941598 ], [ 9.083106, 47.939412 ], [ 9.069608, 47.931056 ], [ 9.06683, 47.916124 ], [ 9.097237, 47.914316 ], [ 9.104607, 47.905717 ], [ 9.151105, 47.894983 ], [ 9.145935, 47.87294 ], [ 9.130593, 47.86536 ], [ 9.138545, 47.860139 ], [ 9.117788, 47.858933 ], [ 9.128871, 47.853732 ], [ 9.120382, 47.841087 ], [ 9.103437, 47.841618 ], [ 9.084738, 47.857842 ], [ 9.065708, 47.855718 ], [ 9.076839, 47.842083 ], [ 9.070407, 47.836857 ], [ 9.083439, 47.825162 ], [ 9.076513, 47.819975 ], [ 9.083189, 47.8143 ], [ 9.070745, 47.807099 ], [ 9.139307, 47.769019 ], [ 9.223719, 47.740918 ], [ 9.226308, 47.723125 ], [ 9.239267, 47.710082 ], [ 9.311484, 47.67383 ], [ 9.349722, 47.66084 ], [ 9.406282, 47.668254 ], [ 9.462988, 47.648417 ], [ 9.495284, 47.650131 ], [ 9.515219, 47.634757 ], [ 9.529999, 47.603006 ], [ 9.559655, 47.584821 ], [ 9.595549, 47.588088 ], [ 9.614056, 47.58115 ], [ 9.626341, 47.592491 ], [ 9.644206, 47.590288 ], [ 9.635967, 47.602455 ], [ 9.65771, 47.611725 ], [ 9.683888, 47.604558 ], [ 9.692152, 47.610423 ], [ 9.706294, 47.601812 ], [ 9.745652, 47.617297 ], [ 9.740358, 47.604536 ], [ 9.747718, 47.603688 ], [ 9.777822, 47.630536 ], [ 9.795256, 47.635719 ], [ 9.795646, 47.647601 ], [ 9.828553, 47.657901 ], [ 9.830606, 47.671376 ], [ 9.837816, 47.66947 ], [ 9.842191, 47.677692 ], [ 9.959522, 47.652304 ], [ 9.970746, 47.653626 ], [ 9.976023, 47.665325 ], [ 10.001902, 47.681999 ], [ 10.028645, 47.686983 ], [ 10.030491, 47.674452 ], [ 10.059312, 47.680629 ], [ 10.075162, 47.658335 ], [ 10.072018, 47.643441 ], [ 10.077292, 47.639274 ], [ 10.081362, 47.65489 ], [ 10.093424, 47.663221 ], [ 10.089245, 47.673045 ], [ 10.11112, 47.66599 ], [ 10.13006, 47.677271 ], [ 10.128322, 47.690718 ], [ 10.139438, 47.703273 ], [ 10.116429, 47.719317 ], [ 10.119049, 47.759587 ], [ 10.082513, 47.771181 ], [ 10.079615, 47.781262 ], [ 10.064681, 47.785888 ], [ 10.090135, 47.803905 ], [ 10.11688, 47.800623 ], [ 10.108782, 47.805771 ], [ 10.115747, 47.810874 ], [ 10.138023, 47.809638 ], [ 10.102771, 47.842374 ], [ 10.107155, 47.852895 ], [ 10.091605, 47.845621 ], [ 10.104617, 47.864624 ], [ 10.082962, 47.855718 ], [ 10.076756, 47.867809 ], [ 10.091599, 47.867398 ], [ 10.105705, 47.879027 ], [ 10.095332, 47.885159 ], [ 10.110414, 47.910657 ], [ 10.105013, 47.923838 ], [ 10.11101, 47.934879 ], [ 10.089488, 47.947977 ], [ 10.084894, 47.961308 ], [ 10.093207, 47.972332 ], [ 10.114955, 47.976257 ], [ 10.11955, 48.0035 ], [ 10.134326, 48.0176 ], [ 10.127111, 48.032712 ], [ 10.143902, 48.059007 ], [ 10.143737, 48.074414 ], [ 10.134082, 48.079479 ], [ 10.140392, 48.098917 ], [ 10.136247, 48.111443 ], [ 10.107074, 48.132144 ], [ 10.085717, 48.182192 ], [ 10.083711, 48.20964 ], [ 10.060721, 48.24009 ], [ 10.069026, 48.253762 ], [ 10.06196, 48.25813 ], [ 10.065817, 48.281817 ], [ 10.042549, 48.29423 ], [ 10.010403, 48.342389 ], [ 9.998132, 48.347513 ], [ 9.999597, 48.363229 ], [ 9.987734, 48.370626 ], [ 9.977741, 48.362659 ], [ 9.967276, 48.374404 ], [ 10.042414, 48.429732 ], [ 10.028051, 48.436919 ], [ 10.038227, 48.444453 ], [ 10.034027, 48.457781 ], [ 10.06401, 48.456389 ], [ 10.105027, 48.477504 ], [ 10.117367, 48.475388 ], [ 10.133895, 48.454871 ], [ 10.171846, 48.457787 ], [ 10.17546, 48.469391 ], [ 10.184601, 48.467211 ], [ 10.184524, 48.472915 ], [ 10.176413, 48.471369 ], [ 10.180098, 48.475524 ], [ 10.241406, 48.49196 ], [ 10.226631, 48.506994 ], [ 10.237966, 48.507822 ], [ 10.213284, 48.517085 ], [ 10.214878, 48.533342 ], [ 10.191355, 48.541035 ], [ 10.187037, 48.558104 ], [ 10.171533, 48.549295 ], [ 10.160507, 48.557028 ], [ 10.153232, 48.551227 ], [ 10.113346, 48.556067 ], [ 10.110129, 48.569795 ], [ 10.057359, 48.586305 ], [ 10.039993, 48.606818 ], [ 9.998859, 48.607485 ], [ 9.992815, 48.596702 ], [ 9.964788, 48.595198 ], [ 9.961259, 48.60364 ], [ 9.969364, 48.615189 ], [ 9.944072, 48.631755 ], [ 9.891874, 48.622471 ], [ 9.887617, 48.615793 ], [ 9.899059, 48.6151 ], [ 9.88081, 48.598787 ], [ 9.856235, 48.588711 ], [ 9.863411, 48.585451 ], [ 9.838927, 48.585838 ], [ 9.828729, 48.565562 ], [ 9.813987, 48.557927 ], [ 9.770188, 48.566297 ], [ 9.768573, 48.559673 ], [ 9.726086, 48.562032 ], [ 9.718971, 48.5571 ], [ 9.722888, 48.546795 ], [ 9.695744, 48.541188 ], [ 9.68206, 48.524604 ], [ 9.686609, 48.517291 ], [ 9.666678, 48.524813 ], [ 9.650513, 48.520185 ], [ 9.63255, 48.536979 ], [ 9.611223, 48.541459 ], [ 9.569387, 48.539487 ], [ 9.530085, 48.526749 ], [ 9.530859, 48.513645 ], [ 9.504509, 48.526837 ], [ 9.505027, 48.514045 ], [ 9.497263, 48.521718 ], [ 9.473825, 48.512303 ], [ 9.466557, 48.515984 ], [ 9.48972, 48.530974 ], [ 9.46355, 48.544294 ], [ 9.426108, 48.544027 ], [ 9.392952, 48.530966 ], [ 9.339463, 48.549439 ], [ 9.324124, 48.541237 ], [ 9.314098, 48.547333 ], [ 9.320382, 48.557672 ], [ 9.30919, 48.563323 ], [ 9.322655, 48.572164 ], [ 9.314058, 48.58058 ], [ 9.294424, 48.573608 ], [ 9.295315, 48.565515 ], [ 9.25932, 48.566304 ], [ 9.241229, 48.578439 ], [ 9.225095, 48.565673 ], [ 9.208601, 48.571462 ], [ 9.197745, 48.588261 ], [ 9.205184, 48.603223 ], [ 9.188315, 48.597647 ], [ 9.180026, 48.605328 ], [ 9.153858, 48.605625 ], [ 9.121478, 48.600368 ], [ 9.110446, 48.605256 ], [ 9.117134, 48.613877 ], [ 9.105277, 48.622815 ], [ 9.081145, 48.611554 ], [ 9.089582, 48.60309 ], [ 9.077904, 48.598039 ], [ 9.07915, 48.588774 ], [ 9.052053, 48.593244 ], [ 9.0348, 48.576853 ], [ 8.984541, 48.591498 ], [ 8.951754, 48.587895 ], [ 8.935699, 48.577425 ], [ 8.945204, 48.567539 ], [ 8.911308, 48.572221 ], [ 8.889811, 48.564472 ], [ 8.88696, 48.541803 ], [ 8.850947, 48.537197 ], [ 8.860763, 48.528481 ], [ 8.855949, 48.518959 ], [ 8.864938, 48.516236 ], [ 8.844934, 48.509114 ], [ 8.846692, 48.500078 ], [ 8.768902, 48.521841 ] ], [ [ 9.164321, 48.604367 ], [ 9.171596, 48.598609 ], [ 9.163876, 48.597546 ], [ 9.164321, 48.604367 ] ] ] } },
{ "type": "Feature", "properties": { "name": "Oberbayern", "area": 17530.338701228411 }, "geometry": { "type": "Polygon", "coordinates": [ [ [ 10.886286, 47.536741 ], [ 10.917915, 47.51363 ], [ 10.870478, 47.499369 ], [ 10.870049, 47.48322 ], [ 10.937055, 47.481466 ], [ 10.928073, 47.471925 ], [ 10.9836, 47.430015 ], [ 10.984836, 47.420971 ], [ 10.96864, 47.41186 ], [ 10.970329, 47.400021 ], [ 11.115455, 47.395593 ], [ 11.129197, 47.412798 ], [ 11.20691, 47.433801 ], [ 11.253411, 47.428244 ], [ 11.225002, 47.395273 ], [ 11.272892, 47.397853 ], [ 11.290032, 47.407378 ], [ 11.29106, 47.427173 ], [ 11.317453, 47.432359 ], [ 11.338124, 47.449717 ], [ 11.421454, 47.444714 ], [ 11.409373, 47.466739 ], [ 11.38381, 47.472208 ], [ 11.437108, 47.515854 ], [ 11.449548, 47.507135 ], [ 11.505599, 47.504731 ], [ 11.572452, 47.51451 ], [ 11.587981, 47.525398 ], [ 11.587157, 47.555173 ], [ 11.605554, 47.580809 ], [ 11.633912, 47.580832 ], [ 11.637139, 47.594259 ], [ 11.660253, 47.583785 ], [ 11.781035, 47.591185 ], [ 11.843868, 47.581215 ], [ 11.854913, 47.602338 ], [ 11.913666, 47.613796 ], [ 11.976198, 47.612961 ], [ 12.008549, 47.625149 ], [ 12.022278, 47.611136 ], [ 12.064238, 47.618737 ], [ 12.082351, 47.609734 ], [ 12.129001, 47.605633 ], [ 12.179045, 47.614369 ], [ 12.178144, 47.600867 ], [ 12.203882, 47.60681 ], [ 12.208134, 47.613877 ], [ 12.198793, 47.641441 ], [ 12.168827, 47.680039 ], [ 12.162598, 47.70113 ], [ 12.203651, 47.707403 ], [ 12.256972, 47.743007 ], [ 12.264886, 47.732483 ], [ 12.241167, 47.694104 ], [ 12.255189, 47.679295 ], [ 12.338045, 47.697087 ], [ 12.338549, 47.690546 ], [ 12.363702, 47.6838 ], [ 12.440126, 47.695173 ], [ 12.440728, 47.673857 ], [ 12.499216, 47.625017 ], [ 12.536344, 47.636475 ], [ 12.575034, 47.63232 ], [ 12.607415, 47.673713 ], [ 12.648616, 47.670327 ], [ 12.666105, 47.680779 ], [ 12.695908, 47.682205 ], [ 12.732918, 47.679463 ], [ 12.757194, 47.663012 ], [ 12.781115, 47.674141 ], [ 12.778406, 47.660833 ], [ 12.759013, 47.650904 ], [ 12.824614, 47.612104 ], [ 12.793546, 47.600989 ], [ 12.795319, 47.593254 ], [ 12.77923, 47.579332 ], [ 12.794479, 47.55663 ], [ 12.817695, 47.544907 ], [ 12.847566, 47.546035 ], [ 12.851985, 47.530561 ], [ 12.880402, 47.521922 ], [ 12.908724, 47.496989 ], [ 12.969434, 47.474183 ], [ 12.977907, 47.484626 ], [ 12.994604, 47.478502 ], [ 13.003285, 47.463374 ], [ 13.026885, 47.48668 ], [ 13.047505, 47.492083 ], [ 13.047332, 47.521377 ], [ 13.031032, 47.533087 ], [ 13.057295, 47.562109 ], [ 13.04272, 47.573756 ], [ 13.043574, 47.583447 ], [ 13.071882, 47.588372 ], [ 13.062956, 47.602133 ], [ 13.098661, 47.635407 ], [ 13.077159, 47.66943 ], [ 13.080794, 47.687024 ], [ 13.043894, 47.713827 ], [ 13.010685, 47.722686 ], [ 12.987145, 47.707407 ], [ 12.955513, 47.707779 ], [ 12.925393, 47.710322 ], [ 12.905047, 47.723643 ], [ 12.917437, 47.741893 ], [ 12.935195, 47.747318 ], [ 12.935573, 47.758501 ], [ 12.944765, 47.764603 ], [ 12.942384, 47.770959 ], [ 12.928223, 47.771256 ], [ 12.964635, 47.80051 ], [ 13.003295, 47.850312 ], [ 12.946417, 47.921816 ], [ 12.937822, 47.943663 ], [ 12.922836, 47.939122 ], [ 12.917867, 47.954628 ], [ 12.873303, 47.964165 ], [ 12.853203, 48.012996 ], [ 12.768234, 48.06755 ], [ 12.753417, 48.085711 ], [ 12.749179, 48.109298 ], [ 12.758458, 48.126564 ], [ 12.786894, 48.12361 ], [ 12.798789, 48.146164 ], [ 12.827297, 48.15281 ], [ 12.847746, 48.167453 ], [ 12.867371, 48.200118 ], [ 12.944684, 48.206693 ], [ 12.922142, 48.213538 ], [ 12.891853, 48.236503 ], [ 12.901747, 48.246928 ], [ 12.898847, 48.263083 ], [ 12.883663, 48.261909 ], [ 12.875845, 48.26548 ], [ 12.87969, 48.271145 ], [ 12.853858, 48.278096 ], [ 12.85828, 48.285998 ], [ 12.824421, 48.300723 ], [ 12.823606, 48.315384 ], [ 12.809437, 48.312623 ], [ 12.800875, 48.323263 ], [ 12.777378, 48.327764 ], [ 12.733427, 48.321024 ], [ 12.682686, 48.345087 ], [ 12.667291, 48.343555 ], [ 12.666671, 48.331677 ], [ 12.639641, 48.338231 ], [ 12.64061, 48.348052 ], [ 12.621343, 48.349482 ], [ 12.618997, 48.358427 ], [ 12.615822, 48.341164 ], [ 12.5915, 48.386772 ], [ 12.57898, 48.387026 ], [ 12.57945, 48.375846 ], [ 12.56611, 48.403656 ], [ 12.537878, 48.404544 ], [ 12.540386, 48.412967 ], [ 12.533535, 48.414591 ], [ 12.541622, 48.422324 ], [ 12.523078, 48.415885 ], [ 12.516097, 48.423865 ], [ 12.483791, 48.429676 ], [ 12.47235, 48.41575 ], [ 12.455799, 48.416623 ], [ 12.454254, 48.410559 ], [ 12.428666, 48.416045 ], [ 12.441022, 48.40258 ], [ 12.435489, 48.393827 ], [ 12.440757, 48.388903 ], [ 12.426163, 48.385752 ], [ 12.428458, 48.374424 ], [ 12.417425, 48.372593 ], [ 12.413501, 48.360969 ], [ 12.386447, 48.359147 ], [ 12.375777, 48.344322 ], [ 12.362534, 48.345176 ], [ 12.356121, 48.330085 ], [ 12.323218, 48.340032 ], [ 12.327705, 48.325073 ], [ 12.320388, 48.329214 ], [ 12.315995, 48.325321 ], [ 12.324138, 48.319808 ], [ 12.308827, 48.316346 ], [ 12.301604, 48.31901 ], [ 12.302208, 48.330305 ], [ 12.275796, 48.32078 ], [ 12.277441, 48.329448 ], [ 12.250551, 48.321946 ], [ 12.233616, 48.33037 ], [ 12.231519, 48.350392 ], [ 12.215178, 48.351163 ], [ 12.187347, 48.371252 ], [ 12.195958, 48.381372 ], [ 12.166859, 48.400629 ], [ 12.171285, 48.40845 ], [ 12.165274, 48.420358 ], [ 12.137573, 48.425084 ], [ 12.128136, 48.416415 ], [ 12.12557, 48.423351 ], [ 12.082108, 48.428955 ], [ 12.02077, 48.416309 ], [ 12.019334, 48.437049 ], [ 12.011259, 48.43798 ], [ 12.015456, 48.444209 ], [ 12.003952, 48.452844 ], [ 11.991689, 48.449764 ], [ 12.010916, 48.495447 ], [ 11.974628, 48.49183 ], [ 11.957301, 48.500349 ], [ 11.975037, 48.512563 ], [ 11.961402, 48.532323 ], [ 11.971476, 48.538144 ], [ 11.962974, 48.547277 ], [ 11.9728, 48.550871 ], [ 11.962016, 48.557335 ], [ 11.958815, 48.578531 ], [ 11.942571, 48.572826 ], [ 11.885514, 48.588538 ], [ 11.866188, 48.579091 ], [ 11.849975, 48.59049 ], [ 11.811551, 48.597685 ], [ 11.816934, 48.60272 ], [ 11.799001, 48.614183 ], [ 11.782799, 48.614974 ], [ 11.774043, 48.599615 ], [ 11.69251, 48.619518 ], [ 11.69356, 48.633643 ], [ 11.702639, 48.634264 ], [ 11.71262, 48.648236 ], [ 11.685545, 48.663345 ], [ 11.695507, 48.683672 ], [ 11.653471, 48.700599 ], [ 11.668795, 48.72434 ], [ 11.657089, 48.729696 ], [ 11.655406, 48.744139 ], [ 11.714948, 48.755692 ], [ 11.698556, 48.763956 ], [ 11.695015, 48.783143 ], [ 11.708383, 48.784902 ], [ 11.711121, 48.778134 ], [ 11.737046, 48.792856 ], [ 11.738752, 48.801022 ], [ 11.725898, 48.810707 ], [ 11.741045, 48.81617 ], [ 11.707696, 48.812586 ], [ 11.699153, 48.838815 ], [ 11.72016, 48.836962 ], [ 11.718309, 48.86537 ], [ 11.743525, 48.874167 ], [ 11.739031, 48.889877 ], [ 11.717321, 48.897186 ], [ 11.728496, 48.930084 ], [ 11.720085, 48.932218 ], [ 11.718488, 48.922431 ], [ 11.707637, 48.918097 ], [ 11.686558, 48.93361 ], [ 11.667087, 48.924831 ], [ 11.660536, 48.928155 ], [ 11.667203, 48.933648 ], [ 11.635496, 48.932353 ], [ 11.634596, 48.945429 ], [ 11.59489, 48.953747 ], [ 11.57639, 48.989088 ], [ 11.553216, 48.991917 ], [ 11.552681, 49.00501 ], [ 11.53642, 49.006709 ], [ 11.543012, 49.025128 ], [ 11.516278, 49.032026 ], [ 11.522888, 49.037975 ], [ 11.514821, 49.043427 ], [ 11.53345, 49.041125 ], [ 11.536002, 49.061242 ], [ 11.544593, 49.064184 ], [ 11.538009, 49.069948 ], [ 11.504283, 49.076895 ], [ 11.487522, 49.063443 ], [ 11.461017, 49.061902 ], [ 11.428239, 49.06646 ], [ 11.392395, 49.087701 ], [ 11.387064, 49.074818 ], [ 11.399565, 49.061639 ], [ 11.417215, 49.061919 ], [ 11.426518, 49.051677 ], [ 11.400552, 49.053644 ], [ 11.415865, 49.034774 ], [ 11.386383, 49.031018 ], [ 11.381805, 49.017013 ], [ 11.345929, 49.019853 ], [ 11.351292, 49.016844 ], [ 11.327119, 48.99793 ], [ 11.306055, 49.00376 ], [ 11.297195, 49.016155 ], [ 11.296453, 49.005987 ], [ 11.287546, 49.004087 ], [ 11.263569, 49.014456 ], [ 11.269754, 49.028463 ], [ 11.251998, 49.038928 ], [ 11.255388, 49.052784 ], [ 11.201927, 49.047592 ], [ 11.179524, 49.028644 ], [ 11.190577, 49.018439 ], [ 11.163092, 49.014778 ], [ 11.16499, 49.004458 ], [ 11.155519, 49.002693 ], [ 11.162565, 48.996104 ], [ 11.143189, 48.991504 ], [ 11.148126, 48.985611 ], [ 11.142375, 48.965182 ], [ 11.101228, 48.966113 ], [ 11.070427, 48.953664 ], [ 11.050609, 48.931872 ], [ 11.066521, 48.924699 ], [ 11.071117, 48.911452 ], [ 11.059434, 48.913553 ], [ 11.04503, 48.901968 ], [ 11.032378, 48.9089 ], [ 11.044771, 48.900701 ], [ 11.029365, 48.895297 ], [ 11.031319, 48.886915 ], [ 10.974122, 48.878719 ], [ 10.963138, 48.859357 ], [ 10.947053, 48.86516 ], [ 10.936839, 48.863276 ], [ 10.964594, 48.854809 ], [ 10.977892, 48.864151 ], [ 10.984673, 48.860659 ], [ 10.969243, 48.853933 ], [ 10.970353, 48.841528 ], [ 10.998442, 48.843564 ], [ 10.995353, 48.836023 ], [ 11.005941, 48.821883 ], [ 10.978372, 48.809099 ], [ 10.947425, 48.810791 ], [ 10.96022, 48.796 ], [ 10.976109, 48.799189 ], [ 10.986242, 48.790044 ], [ 10.965253, 48.774351 ], [ 10.974492, 48.774852 ], [ 10.97086, 48.768868 ], [ 10.998435, 48.764539 ], [ 10.981753, 48.735466 ], [ 11.004614, 48.730918 ], [ 10.995528, 48.727698 ], [ 11.001832, 48.722112 ], [ 10.98998, 48.726194 ], [ 10.984263, 48.718575 ], [ 10.979809, 48.724404 ], [ 10.990193, 48.700452 ], [ 10.983959, 48.692862 ], [ 11.002393, 48.66585 ], [ 11.019153, 48.657463 ], [ 11.014798, 48.652673 ], [ 11.03961, 48.645424 ], [ 11.031575, 48.639114 ], [ 11.041062, 48.627108 ], [ 11.022986, 48.620171 ], [ 11.050699, 48.601207 ], [ 11.109249, 48.602672 ], [ 11.106374, 48.60834 ], [ 11.115249, 48.608628 ], [ 11.12557, 48.591853 ], [ 11.142242, 48.589066 ], [ 11.155116, 48.5959 ], [ 11.165074, 48.571744 ], [ 11.155315, 48.561844 ], [ 11.131324, 48.563 ], [ 11.126826, 48.553467 ], [ 11.208668, 48.52748 ], [ 11.213551, 48.495724 ], [ 11.248577, 48.485916 ], [ 11.247985, 48.477306 ], [ 11.2657, 48.464209 ], [ 11.276439, 48.473828 ], [ 11.304008, 48.474321 ], [ 11.299803, 48.455195 ], [ 11.311675, 48.452273 ], [ 11.292561, 48.443051 ], [ 11.287557, 48.446347 ], [ 11.260359, 48.446802 ], [ 11.239423, 48.430714 ], [ 11.214344, 48.430537 ], [ 11.17825, 48.417466 ], [ 11.198315, 48.38668 ], [ 11.188336, 48.375908 ], [ 11.174103, 48.375774 ], [ 11.183835, 48.366332 ], [ 11.166005, 48.368896 ], [ 11.171879, 48.355851 ], [ 11.161469, 48.347016 ], [ 11.173647, 48.335735 ], [ 11.157613, 48.323263 ], [ 11.129934, 48.324118 ], [ 11.122084, 48.316385 ], [ 11.117404, 48.309749 ], [ 11.126544, 48.301489 ], [ 11.110308, 48.297336 ], [ 11.120761, 48.275763 ], [ 11.115442, 48.267261 ], [ 11.096209, 48.260318 ], [ 11.096709, 48.267157 ], [ 11.071626, 48.281275 ], [ 11.059647, 48.272719 ], [ 11.066557, 48.255341 ], [ 11.044605, 48.254652 ], [ 11.058782, 48.246231 ], [ 11.040165, 48.236047 ], [ 11.037299, 48.2292 ], [ 11.048976, 48.224153 ], [ 11.038653, 48.221363 ], [ 11.060396, 48.213316 ], [ 11.059219, 48.196142 ], [ 11.036848, 48.191641 ], [ 10.988336, 48.210229 ], [ 10.961005, 48.198917 ], [ 10.943936, 48.206935 ], [ 10.947007, 48.219688 ], [ 10.928079, 48.234599 ], [ 10.903411, 48.236677 ], [ 10.890515, 48.191134 ], [ 10.877071, 48.190633 ], [ 10.872043, 48.169667 ], [ 10.860479, 48.157435 ], [ 10.848227, 48.15862 ], [ 10.848579, 48.147524 ], [ 10.785813, 48.149924 ], [ 10.794615, 48.127957 ], [ 10.78963, 48.120572 ], [ 10.801532, 48.10417 ], [ 10.816269, 48.10207 ], [ 10.808012, 48.086668 ], [ 10.78399, 48.076428 ], [ 10.785824, 48.061631 ], [ 10.774224, 48.063872 ], [ 10.75636, 48.040346 ], [ 10.764897, 48.034237 ], [ 10.794947, 48.040006 ], [ 10.815651, 48.030888 ], [ 10.809173, 48.010547 ], [ 10.826458, 47.995261 ], [ 10.815342, 47.984302 ], [ 10.816286, 47.973071 ], [ 10.807652, 47.970911 ], [ 10.807415, 47.958742 ], [ 10.794516, 47.956307 ], [ 10.799682, 47.936859 ], [ 10.772958, 47.930023 ], [ 10.773918, 47.922006 ], [ 10.783409, 47.921533 ], [ 10.778923, 47.906184 ], [ 10.791456, 47.907409 ], [ 10.773455, 47.897062 ], [ 10.771676, 47.883795 ], [ 10.789581, 47.883929 ], [ 10.748335, 47.854785 ], [ 10.770709, 47.848809 ], [ 10.758298, 47.838571 ], [ 10.764431, 47.830903 ], [ 10.752537, 47.81745 ], [ 10.755415, 47.811449 ], [ 10.747583, 47.811386 ], [ 10.75386, 47.807408 ], [ 10.748895, 47.795323 ], [ 10.782773, 47.775244 ], [ 10.774292, 47.765317 ], [ 10.738715, 47.765642 ], [ 10.739736, 47.758524 ], [ 10.749176, 47.758713 ], [ 10.733113, 47.74414 ], [ 10.736087, 47.717166 ], [ 10.71853, 47.712799 ], [ 10.715888, 47.70548 ], [ 10.738048, 47.695549 ], [ 10.730114, 47.681071 ], [ 10.787743, 47.705934 ], [ 10.793061, 47.718133 ], [ 10.807326, 47.725022 ], [ 10.829104, 47.727796 ], [ 10.828385, 47.718478 ], [ 10.798543, 47.701942 ], [ 10.798373, 47.686864 ], [ 10.778099, 47.662223 ], [ 10.823118, 47.656896 ], [ 10.850689, 47.667215 ], [ 10.876104, 47.655279 ], [ 10.915152, 47.660593 ], [ 10.903213, 47.637308 ], [ 10.925756, 47.630229 ], [ 10.935752, 47.616276 ], [ 10.952786, 47.616265 ], [ 10.940816, 47.609678 ], [ 10.942285, 47.597258 ], [ 10.924905, 47.586366 ], [ 10.872826, 47.572459 ], [ 10.886286, 47.536741 ] ] ] } },
{ "type": "Feature", "properties": { "name": "Niederbayern", "area": 10325.637974316565 }, "geometry": { "type": "Polygon", "coordinates": [ [ [ 12.944684, 48.206693 ], [ 12.966567, 48.214515 ], [ 13.017192, 48.255862 ], [ 13.078252, 48.276525 ], [ 13.12907, 48.278636 ], [ 13.181661, 48.295077 ], [ 13.261434, 48.295042 ], [ 13.325064, 48.320912 ], [ 13.367895, 48.353337 ], [ 13.407787, 48.371999 ], [ 13.439958, 48.432967 ], [ 13.427558, 48.458502 ], [ 13.457965, 48.511388 ], [ 13.446544, 48.523212 ], [ 13.450164, 48.537613 ], [ 13.437089, 48.555887 ], [ 13.450104, 48.563973 ], [ 13.46366, 48.553981 ], [ 13.475392, 48.556095 ], [ 13.47459, 48.56235 ], [ 13.503966, 48.572482 ], [ 13.508992, 48.590602 ], [ 13.569517, 48.561281 ], [ 13.599472, 48.569365 ], [ 13.625785, 48.553995 ], [ 13.653285, 48.548907 ], [ 13.664587, 48.534039 ], [ 13.730356, 48.514831 ], [ 13.733589, 48.525432 ], [ 13.748832, 48.532361 ], [ 13.743727, 48.544074 ], [ 13.754783, 48.551204 ], [ 13.746653, 48.552467 ], [ 13.754125, 48.56378 ], [ 13.770427, 48.553644 ], [ 13.801087, 48.573803 ], [ 13.807208, 48.584213 ], [ 13.801471, 48.597595 ], [ 13.825719, 48.61855 ], [ 13.826049, 48.635809 ], [ 13.814177, 48.649787 ], [ 13.819659, 48.671254 ], [ 13.813676, 48.691916 ], [ 13.833574, 48.691963 ], [ 13.837576, 48.700667 ], [ 13.81421, 48.701004 ], [ 13.794917, 48.714928 ], [ 13.818805, 48.731519 ], [ 13.821246, 48.754476 ], [ 13.839507, 48.771605 ], [ 13.803902, 48.781126 ], [ 13.815318, 48.796901 ], [ 13.787993, 48.825179 ], [ 13.793092, 48.830221 ], [ 13.764746, 48.834246 ], [ 13.737929, 48.885848 ], [ 13.71682, 48.878158 ], [ 13.671602, 48.880071 ], [ 13.622336, 48.938995 ], [ 13.629712, 48.948318 ], [ 13.605485, 48.941682 ], [ 13.580125, 48.970725 ], [ 13.507074, 48.969086 ], [ 13.508258, 48.942166 ], [ 13.499068, 48.941162 ], [ 13.426189, 48.972502 ], [ 13.402896, 48.987343 ], [ 13.409274, 49.003067 ], [ 13.400293, 49.016241 ], [ 13.405855, 49.023652 ], [ 13.391992, 49.041731 ], [ 13.397147, 49.05101 ], [ 13.375878, 49.058398 ], [ 13.344669, 49.088466 ], [ 13.289189, 49.118635 ], [ 13.236365, 49.113595 ], [ 13.182792, 49.134478 ], [ 13.170322, 49.14404 ], [ 13.176876, 49.164227 ], [ 13.170908, 49.17358 ], [ 13.160329, 49.159944 ], [ 13.164005, 49.146509 ], [ 13.141709, 49.135228 ], [ 13.127858, 49.110857 ], [ 13.068198, 49.129477 ], [ 13.065675, 49.146257 ], [ 13.048328, 49.15523 ], [ 12.994854, 49.157612 ], [ 12.971182, 49.166408 ], [ 12.945215, 49.139078 ], [ 12.917812, 49.149266 ], [ 12.91472, 49.139019 ], [ 12.92421, 49.133523 ], [ 12.898908, 49.127498 ], [ 12.879493, 49.137559 ], [ 12.794021, 49.122064 ], [ 12.786363, 49.135264 ], [ 12.767275, 49.126514 ], [ 12.7629, 49.109923 ], [ 12.73623, 49.112596 ], [ 12.735959, 49.119459 ], [ 12.706318, 49.104452 ], [ 12.67731, 49.101564 ], [ 12.65299, 49.109971 ], [ 12.649069, 49.100104 ], [ 12.622141, 49.104765 ], [ 12.61822, 49.095697 ], [ 12.601406, 49.101962 ], [ 12.55516, 49.089522 ], [ 12.532897, 49.075864 ], [ 12.527326, 49.057664 ], [ 12.494741, 49.061318 ], [ 12.485678, 49.044672 ], [ 12.473359, 49.039968 ], [ 12.479909, 49.022802 ], [ 12.491274, 49.018056 ], [ 12.482357, 48.994624 ], [ 12.489241, 48.980618 ], [ 12.477233, 48.974586 ], [ 12.443987, 48.982212 ], [ 12.438034, 48.974753 ], [ 12.453555, 48.963101 ], [ 12.446298, 48.953547 ], [ 12.439611, 48.957154 ], [ 12.439048, 48.935229 ], [ 12.457554, 48.918893 ], [ 12.442078, 48.915104 ], [ 12.436249, 48.898715 ], [ 12.427076, 48.899314 ], [ 12.424332, 48.886919 ], [ 12.431837, 48.877721 ], [ 12.372177, 48.846622 ], [ 12.314154, 48.863105 ], [ 12.300439, 48.855082 ], [ 12.30253, 48.84643 ], [ 12.294265, 48.839664 ], [ 12.284724, 48.851125 ], [ 12.27271, 48.842402 ], [ 12.263297, 48.862046 ], [ 12.251279, 48.850567 ], [ 12.257456, 48.836403 ], [ 12.246131, 48.830605 ], [ 12.23309, 48.837448 ], [ 12.226398, 48.814837 ], [ 12.23592, 48.811415 ], [ 12.196312, 48.807501 ], [ 12.191733, 48.79297 ], [ 12.171365, 48.799683 ], [ 12.166651, 48.789301 ], [ 12.129704, 48.779585 ], [ 12.135276, 48.765912 ], [ 12.104624, 48.765719 ], [ 12.096865, 48.788822 ], [ 12.108693, 48.803134 ], [ 12.102165, 48.826518 ], [ 12.109646, 48.831493 ], [ 12.098468, 48.843329 ], [ 12.107639, 48.850286 ], [ 12.10079, 48.850846 ], [ 12.119497, 48.864543 ], [ 12.129987, 48.861871 ], [ 12.132734, 48.880572 ], [ 12.115756, 48.881995 ], [ 12.120824, 48.898141 ], [ 12.108592, 48.896285 ], [ 12.109809, 48.906469 ], [ 12.083666, 48.900501 ], [ 12.080522, 48.910792 ], [ 12.093672, 48.923874 ], [ 12.078844, 48.925219 ], [ 12.07636, 48.940168 ], [ 12.033521, 48.947586 ], [ 12.032206, 48.960727 ], [ 12.017972, 48.963386 ], [ 12.019555, 48.956588 ], [ 11.995614, 48.949457 ], [ 11.986831, 48.953442 ], [ 11.990706, 48.964689 ], [ 11.966093, 48.964619 ], [ 11.947907, 48.947358 ], [ 11.927475, 48.945797 ], [ 11.91735, 48.955877 ], [ 11.929915, 48.955355 ], [ 11.932205, 48.964498 ], [ 11.902568, 48.977613 ], [ 11.918454, 48.980782 ], [ 11.913739, 48.987541 ], [ 11.902937, 48.996376 ], [ 11.892612, 48.992448 ], [ 11.897275, 49.00009 ], [ 11.890568, 49.013128 ], [ 11.873632, 49.009875 ], [ 11.863176, 49.022485 ], [ 11.807161, 49.018722 ], [ 11.770659, 48.981657 ], [ 11.742511, 48.989505 ], [ 11.740708, 48.998592 ], [ 11.729985, 48.994849 ], [ 11.72478, 49.010863 ], [ 11.698804, 49.012884 ], [ 11.690355, 49.021631 ], [ 11.657086, 49.015733 ], [ 11.643844, 49.004177 ], [ 11.613726, 49.008439 ], [ 11.613129, 48.986101 ], [ 11.62165, 48.983974 ], [ 11.594917, 48.957371 ], [ 11.599306, 48.951497 ], [ 11.634596, 48.945429 ], [ 11.638295, 48.931582 ], [ 11.667203, 48.933648 ], [ 11.660536, 48.928155 ], [ 11.667087, 48.924831 ], [ 11.686558, 48.93361 ], [ 11.703918, 48.918353 ], [ 11.714963, 48.919061 ], [ 11.720085, 48.932218 ], [ 11.728496, 48.930084 ], [ 11.717321, 48.897186 ], [ 11.739031, 48.889877 ], [ 11.743765, 48.878743 ], [ 11.718309, 48.86537 ], [ 11.72016, 48.836962 ], [ 11.699153, 48.838815 ], [ 11.707696, 48.812586 ], [ 11.741045, 48.81617 ], [ 11.725898, 48.810707 ], [ 11.738752, 48.801022 ], [ 11.736075, 48.790546 ], [ 11.711121, 48.778134 ], [ 11.708383, 48.784902 ], [ 11.695015, 48.783143 ], [ 11.698556, 48.763956 ], [ 11.714948, 48.755692 ], [ 11.655406, 48.744139 ], [ 11.657089, 48.729696 ], [ 11.668795, 48.72434 ], [ 11.653471, 48.700599 ], [ 11.695507, 48.683672 ], [ 11.685545, 48.663345 ], [ 11.71262, 48.648236 ], [ 11.702639, 48.634264 ], [ 11.69356, 48.633643 ], [ 11.693004, 48.618684 ], [ 11.774043, 48.599615 ], [ 11.782799, 48.614974 ], [ 11.799001, 48.614183 ], [ 11.816934, 48.60272 ], [ 11.811551, 48.597685 ], [ 11.849975, 48.59049 ], [ 11.866188, 48.579091 ], [ 11.885514, 48.588538 ], [ 11.942571, 48.572826 ], [ 11.958815, 48.578531 ], [ 11.962016, 48.557335 ], [ 11.9728, 48.550871 ], [ 11.962974, 48.547277 ], [ 11.971476, 48.538144 ], [ 11.961402, 48.532323 ], [ 11.975037, 48.512563 ], [ 11.957301, 48.500349 ], [ 11.974628, 48.49183 ], [ 12.010916, 48.495447 ], [ 11.991689, 48.449764 ], [ 12.003952, 48.452844 ], [ 12.015456, 48.444209 ], [ 12.011259, 48.43798 ], [ 12.019334, 48.437049 ], [ 12.02077, 48.416309 ], [ 12.082108, 48.428955 ], [ 12.12557, 48.423351 ], [ 12.128136, 48.416415 ], [ 12.137573, 48.425084 ], [ 12.165274, 48.420358 ], [ 12.171285, 48.40845 ], [ 12.166859, 48.400629 ], [ 12.195958, 48.381372 ], [ 12.187347, 48.371252 ], [ 12.215178, 48.351163 ], [ 12.231519, 48.350392 ], [ 12.233616, 48.33037 ], [ 12.250551, 48.321946 ], [ 12.277441, 48.329448 ], [ 12.275796, 48.32078 ], [ 12.302208, 48.330305 ], [ 12.301604, 48.31901 ], [ 12.308827, 48.316346 ], [ 12.324138, 48.319808 ], [ 12.315995, 48.325321 ], [ 12.320388, 48.329214 ], [ 12.327705, 48.325073 ], [ 12.323218, 48.340032 ], [ 12.356121, 48.330085 ], [ 12.362534, 48.345176 ], [ 12.375777, 48.344322 ], [ 12.386447, 48.359147 ], [ 12.413501, 48.360969 ], [ 12.417425, 48.372593 ], [ 12.428458, 48.374424 ], [ 12.426163, 48.385752 ], [ 12.440757, 48.388903 ], [ 12.435489, 48.393827 ], [ 12.441022, 48.40258 ], [ 12.428666, 48.416045 ], [ 12.454254, 48.410559 ], [ 12.455799, 48.416623 ], [ 12.47235, 48.41575 ], [ 12.483791, 48.429676 ], [ 12.516097, 48.423865 ], [ 12.523078, 48.415885 ], [ 12.541622, 48.422324 ], [ 12.533535, 48.414591 ], [ 12.540386, 48.412967 ], [ 12.537878, 48.404544 ], [ 12.56611, 48.403656 ], [ 12.57945, 48.375846 ], [ 12.57898, 48.387026 ], [ 12.5915, 48.386772 ], [ 12.615822, 48.341164 ], [ 12.618997, 48.358427 ], [ 12.621343, 48.349482 ], [ 12.64061, 48.348052 ], [ 12.639641, 48.338231 ], [ 12.666671, 48.331677 ], [ 12.667291, 48.343555 ], [ 12.682686, 48.345087 ], [ 12.733427, 48.321024 ], [ 12.78306, 48.327546 ], [ 12.808346, 48.320118 ], [ 12.809437, 48.312623 ], [ 12.823606, 48.315384 ], [ 12.822456, 48.302212 ], [ 12.85828, 48.285998 ], [ 12.853858, 48.278096 ], [ 12.87969, 48.271145 ], [ 12.875845, 48.26548 ], [ 12.883663, 48.261909 ], [ 12.898847, 48.263083 ], [ 12.901747, 48.246928 ], [ 12.891853, 48.236503 ], [ 12.922142, 48.213538 ], [ 12.944684, 48.206693 ] ] ] } },
{ "type": "Feature", "properties": { "name": "Oberpfalz", "area": 9691.4661487428493 }, "geometry": { "type": "MultiPolygon", "coordinates": [ [ [ [ 11.599306, 48.951497 ], [ 11.594917, 48.957371 ], [ 11.62165, 48.983974 ], [ 11.610661, 48.995283 ], [ 11.617457, 48.997822 ], [ 11.61641, 49.009221 ], [ 11.643844, 49.004177 ], [ 11.657086, 49.015733 ], [ 11.690355, 49.021631 ], [ 11.698804, 49.012884 ], [ 11.72478, 49.010863 ], [ 11.729985, 48.994849 ], [ 11.740708, 48.998592 ], [ 11.742511, 48.989505 ], [ 11.770659, 48.981657 ], [ 11.807161, 49.018722 ], [ 11.867884, 49.021018 ], [ 11.864849, 49.014039 ], [ 11.873632, 49.009875 ], [ 11.890568, 49.013128 ], [ 11.897275, 49.00009 ], [ 11.892612, 48.992448 ], [ 11.902937, 48.996376 ], [ 11.913739, 48.987541 ], [ 11.918454, 48.980782 ], [ 11.902568, 48.977613 ], [ 11.9098, 48.969635 ], [ 11.932205, 48.964498 ], [ 11.929915, 48.955355 ], [ 11.91735, 48.955877 ], [ 11.927475, 48.945797 ], [ 11.947907, 48.947358 ], [ 11.966093, 48.964619 ], [ 11.990706, 48.964689 ], [ 11.986831, 48.953442 ], [ 11.995614, 48.949457 ], [ 12.019555, 48.956588 ], [ 12.020049, 48.963844 ], [ 12.034619, 48.959479 ], [ 12.033521, 48.947586 ], [ 12.081087, 48.93712 ], [ 12.078844, 48.925219 ], [ 12.094605, 48.922165 ], [ 12.085388, 48.920205 ], [ 12.079671, 48.904548 ], [ 12.109809, 48.906469 ], [ 12.108592, 48.896285 ], [ 12.120824, 48.898141 ], [ 12.115756, 48.881995 ], [ 12.129337, 48.885117 ], [ 12.133773, 48.877986 ], [ 12.129987, 48.861871 ], [ 12.119497, 48.864543 ], [ 12.10079, 48.850846 ], [ 12.107639, 48.850286 ], [ 12.098468, 48.843329 ], [ 12.109646, 48.831493 ], [ 12.102165, 48.826518 ], [ 12.108693, 48.803134 ], [ 12.097029, 48.790494 ], [ 12.097496, 48.771992 ], [ 12.106788, 48.764923 ], [ 12.135276, 48.765912 ], [ 12.129704, 48.779585 ], [ 12.166651, 48.789301 ], [ 12.171365, 48.799683 ], [ 12.191733, 48.79297 ], [ 12.196312, 48.807501 ], [ 12.23592, 48.811415 ], [ 12.226398, 48.814837 ], [ 12.23309, 48.837448 ], [ 12.246131, 48.830605 ], [ 12.257456, 48.836403 ], [ 12.251279, 48.850567 ], [ 12.263297, 48.862046 ], [ 12.27271, 48.842402 ], [ 12.284724, 48.851125 ], [ 12.294265, 48.839664 ], [ 12.30253, 48.84643 ], [ 12.300439, 48.855082 ], [ 12.314154, 48.863105 ], [ 12.372177, 48.846622 ], [ 12.431837, 48.877721 ], [ 12.424332, 48.886919 ], [ 12.427076, 48.899314 ], [ 12.436249, 48.898715 ], [ 12.442078, 48.915104 ], [ 12.457554, 48.918893 ], [ 12.439048, 48.935229 ], [ 12.439611, 48.957154 ], [ 12.446298, 48.953547 ], [ 12.453555, 48.963101 ], [ 12.438034, 48.974753 ], [ 12.443987, 48.982212 ], [ 12.477233, 48.974586 ], [ 12.489241, 48.980618 ], [ 12.482357, 48.994624 ], [ 12.491274, 49.018056 ], [ 12.479909, 49.022802 ], [ 12.473359, 49.039968 ], [ 12.485678, 49.044672 ], [ 12.494741, 49.061318 ], [ 12.527326, 49.057664 ], [ 12.532897, 49.075864 ], [ 12.55516, 49.089522 ], [ 12.601406, 49.101962 ], [ 12.61822, 49.095697 ], [ 12.622141, 49.104765 ], [ 12.649069, 49.100104 ], [ 12.65299, 49.109971 ], [ 12.67731, 49.101564 ], [ 12.706318, 49.104452 ], [ 12.735959, 49.119459 ], [ 12.73623, 49.112596 ], [ 12.7629, 49.109923 ], [ 12.767275, 49.126514 ], [ 12.786363, 49.135264 ], [ 12.794021, 49.122064 ], [ 12.879493, 49.137559 ], [ 12.898908, 49.127498 ], [ 12.92421, 49.133523 ], [ 12.91472, 49.139019 ], [ 12.917812, 49.149266 ], [ 12.945215, 49.139078 ], [ 12.971182, 49.166408 ], [ 12.994854, 49.157612 ], [ 13.048328, 49.15523 ], [ 13.065675, 49.146257 ], [ 13.068198, 49.129477 ], [ 13.127858, 49.110857 ], [ 13.141709, 49.135228 ], [ 13.164005, 49.146509 ], [ 13.160329, 49.159944 ], [ 13.170908, 49.17358 ], [ 13.10997, 49.203179 ], [ 13.114122, 49.218428 ], [ 13.08605, 49.229412 ], [ 13.080762, 49.247417 ], [ 13.060086, 49.250597 ], [ 13.055186, 49.264008 ], [ 13.033896, 49.263903 ], [ 13.025663, 49.278921 ], [ 13.029109, 49.304348 ], [ 13.007573, 49.305998 ], [ 12.972595, 49.333888 ], [ 12.888721, 49.350867 ], [ 12.880237, 49.350523 ], [ 12.886922, 49.332301 ], [ 12.843334, 49.345223 ], [ 12.786287, 49.345398 ], [ 12.77881, 49.348079 ], [ 12.78138, 49.360321 ], [ 12.758089, 49.375188 ], [ 12.757631, 49.394757 ], [ 12.71471, 49.414003 ], [ 12.708719, 49.424677 ], [ 12.655893, 49.434547 ], [ 12.657978, 49.450508 ], [ 12.649328, 49.466936 ], [ 12.633764, 49.476195 ], [ 12.644094, 49.484905 ], [ 12.64425, 49.523042 ], [ 12.63589, 49.532011 ], [ 12.620703, 49.526559 ], [ 12.588502, 49.538536 ], [ 12.595009, 49.541548 ], [ 12.574164, 49.559444 ], [ 12.577078, 49.586302 ], [ 12.564191, 49.596239 ], [ 12.56067, 49.619634 ], [ 12.528169, 49.618184 ], [ 12.534402, 49.626307 ], [ 12.523665, 49.627959 ], [ 12.52886, 49.639232 ], [ 12.517535, 49.644504 ], [ 12.529846, 49.66625 ], [ 12.521638, 49.686762 ], [ 12.49178, 49.686013 ], [ 12.442886, 49.7037 ], [ 12.400717, 49.753849 ], [ 12.404741, 49.762799 ], [ 12.472723, 49.785938 ], [ 12.464218, 49.810223 ], [ 12.474944, 49.819298 ], [ 12.472947, 49.833589 ], [ 12.482636, 49.841718 ], [ 12.498008, 49.83758 ], [ 12.497845, 49.856905 ], [ 12.512106, 49.859426 ], [ 12.521871, 49.881726 ], [ 12.549673, 49.901092 ], [ 12.54773, 49.920343 ], [ 12.475514, 49.937919 ], [ 12.470482, 49.949031 ], [ 12.499542, 49.972016 ], [ 12.48989, 49.981761 ], [ 12.476533, 49.980769 ], [ 12.460668, 49.994874 ], [ 12.43152, 49.984382 ], [ 12.425579, 49.991199 ], [ 12.435233, 49.993781 ], [ 12.431224, 50.002615 ], [ 12.401899, 50.005254 ], [ 12.400649, 50.015004 ], [ 12.367533, 50.017444 ], [ 12.338881, 50.03961 ], [ 12.32541, 50.033019 ], [ 12.317333, 50.053379 ], [ 12.270148, 50.061341 ], [ 12.241245, 50.035435 ], [ 12.197614, 50.032835 ], [ 12.200661, 50.007969 ], [ 12.19182, 50.003609 ], [ 12.198293, 49.999185 ], [ 12.147032, 49.992917 ], [ 12.146325, 49.987023 ], [ 12.128756, 49.988347 ], [ 12.108245, 49.978185 ], [ 12.094576, 49.976834 ], [ 12.069753, 49.995447 ], [ 12.047854, 49.979755 ], [ 12.032986, 49.989071 ], [ 12.025826, 49.981266 ], [ 12.015862, 49.991334 ], [ 12.012212, 49.982386 ], [ 11.973342, 49.982704 ], [ 11.935423, 49.972974 ], [ 11.913771, 49.970725 ], [ 11.902681, 49.978825 ], [ 11.898597, 49.969441 ], [ 11.865079, 49.960079 ], [ 11.814213, 49.963295 ], [ 11.812601, 49.946388 ], [ 11.821351, 49.940609 ], [ 11.81245, 49.932847 ], [ 11.828255, 49.934684 ], [ 11.839494, 49.907643 ], [ 11.822786, 49.902574 ], [ 11.855066, 49.892323 ], [ 11.839179, 49.879444 ], [ 11.845534, 49.875429 ], [ 11.842132, 49.865904 ], [ 11.859306, 49.84917 ], [ 11.838234, 49.852533 ], [ 11.824345, 49.841556 ], [ 11.803915, 49.849 ], [ 11.785171, 49.835662 ], [ 11.738186, 49.840275 ], [ 11.739714, 49.834844 ], [ 11.721008, 49.827461 ], [ 11.723546, 49.818517 ], [ 11.700359, 49.820033 ], [ 11.699744, 49.807226 ], [ 11.691966, 49.803637 ], [ 11.673688, 49.811125 ], [ 11.65895, 49.802138 ], [ 11.642782, 49.807805 ], [ 11.633188, 49.799587 ], [ 11.640129, 49.796023 ], [ 11.630197, 49.781095 ], [ 11.633595, 49.76181 ], [ 11.594014, 49.753579 ], [ 11.597694, 49.73912 ], [ 11.587045, 49.728724 ], [ 11.552473, 49.733186 ], [ 11.564003, 49.723093 ], [ 11.557229, 49.704271 ], [ 11.563557, 49.696879 ], [ 11.544333, 49.693117 ], [ 11.564952, 49.686042 ], [ 11.561199, 49.678807 ], [ 11.575585, 49.664186 ], [ 11.563824, 49.659744 ], [ 11.573928, 49.647403 ], [ 11.570631, 49.640669 ], [ 11.58968, 49.641225 ], [ 11.60155, 49.623061 ], [ 11.592108, 49.612311 ], [ 11.580128, 49.618301 ], [ 11.549978, 49.60365 ], [ 11.559172, 49.593739 ], [ 11.568676, 49.597378 ], [ 11.564226, 49.586368 ], [ 11.576078, 49.579877 ], [ 11.551508, 49.573819 ], [ 11.554084, 49.565149 ], [ 11.544412, 49.559912 ], [ 11.530789, 49.565076 ], [ 11.510854, 49.553209 ], [ 11.549135, 49.544457 ], [ 11.551251, 49.538841 ], [ 11.540582, 49.536448 ], [ 11.548293, 49.521181 ], [ 11.533858, 49.507414 ], [ 11.566441, 49.503944 ], [ 11.568759, 49.492019 ], [ 11.59241, 49.484406 ], [ 11.588972, 49.47654 ], [ 11.596248, 49.474094 ], [ 11.557222, 49.432993 ], [ 11.558995, 49.416493 ], [ 11.536858, 49.410555 ], [ 11.482784, 49.426792 ], [ 11.464752, 49.421757 ], [ 11.458719, 49.432478 ], [ 11.448124, 49.427521 ], [ 11.444622, 49.414973 ], [ 11.461459, 49.411565 ], [ 11.423725, 49.393177 ], [ 11.420871, 49.375856 ], [ 11.400053, 49.372947 ], [ 11.405537, 49.364231 ], [ 11.393714, 49.356598 ], [ 11.371233, 49.357062 ], [ 11.389576, 49.342084 ], [ 11.381948, 49.326232 ], [ 11.345385, 49.319656 ], [ 11.334499, 49.303061 ], [ 11.292599, 49.317296 ], [ 11.273372, 49.31286 ], [ 11.271888, 49.322352 ], [ 11.247176, 49.325353 ], [ 11.23874, 49.320723 ], [ 11.251645, 49.3163 ], [ 11.247392, 49.307369 ], [ 11.219813, 49.31596 ], [ 11.188276, 49.304526 ], [ 11.198758, 49.28933 ], [ 11.214644, 49.292271 ], [ 11.206291, 49.274117 ], [ 11.226983, 49.278752 ], [ 11.246227, 49.269541 ], [ 11.274439, 49.274 ], [ 11.292171, 49.267121 ], [ 11.26416, 49.260478 ], [ 11.276265, 49.26012 ], [ 11.277447, 49.253416 ], [ 11.291974, 49.25684 ], [ 11.29, 49.250422 ], [ 11.302957, 49.243791 ], [ 11.293258, 49.23553 ], [ 11.321942, 49.202526 ], [ 11.314521, 49.209407 ], [ 11.263118, 49.211226 ], [ 11.262021, 49.19658 ], [ 11.313649, 49.178065 ], [ 11.307992, 49.16311 ], [ 11.312521, 49.155935 ], [ 11.324847, 49.156502 ], [ 11.327811, 49.143032 ], [ 11.318729, 49.128976 ], [ 11.322822, 49.119016 ], [ 11.352582, 49.11792 ], [ 11.36812, 49.100278 ], [ 11.353048, 49.090014 ], [ 11.378097, 49.088453 ], [ 11.38362, 49.07731 ], [ 11.396049, 49.087564 ], [ 11.428239, 49.06646 ], [ 11.461017, 49.061902 ], [ 11.487522, 49.063443 ], [ 11.504283, 49.076895 ], [ 11.538009, 49.069948 ], [ 11.544593, 49.064184 ], [ 11.536002, 49.061242 ], [ 11.53345, 49.041125 ], [ 11.514821, 49.043427 ], [ 11.522888, 49.037975 ], [ 11.516278, 49.032026 ], [ 11.543012, 49.025128 ], [ 11.53642, 49.006709 ], [ 11.552681, 49.00501 ], [ 11.553216, 48.991917 ], [ 11.57639, 48.989088 ], [ 11.578827, 48.974272 ], [ 11.599306, 48.951497 ] ] ], [ [ [ 11.810801, 49.95188 ], [ 11.804804, 49.953397 ], [ 11.803841, 49.951852 ], [ 11.810801, 49.95188 ] ] ] ] } },
{ "type": "Feature", "properties": { "name": "Oberfranken", "area": 7231.6492653225559 }, "geometry": { "type": "MultiPolygon", "coordinates": [ [ [ [ 12.241245, 50.035435 ], [ 12.275354, 50.076471 ], [ 12.246949, 50.097443 ], [ 12.231797, 50.094162 ], [ 12.228772, 50.10231 ], [ 12.210479, 50.10168 ], [ 12.199607, 50.111193 ], [ 12.195202, 50.143044 ], [ 12.215995, 50.16818 ], [ 12.207302, 50.16951 ], [ 12.201261, 50.18879 ], [ 12.188941, 50.195506 ], [ 12.197454, 50.198839 ], [ 12.18282, 50.199364 ], [ 12.175723, 50.21286 ], [ 12.159498, 50.211181 ], [ 12.162128, 50.223545 ], [ 12.145544, 50.230387 ], [ 12.151332, 50.235725 ], [ 12.126988, 50.232491 ], [ 12.09076, 50.252384 ], [ 12.102511, 50.255785 ], [ 12.097471, 50.262389 ], [ 12.139921, 50.277575 ], [ 12.122348, 50.291646 ], [ 12.125561, 50.307617 ], [ 12.090347, 50.324251 ], [ 12.091343, 50.33261 ], [ 12.079893, 50.326835 ], [ 12.046436, 50.331151 ], [ 12.046852, 50.324999 ], [ 12.014776, 50.34756 ], [ 11.977171, 50.351483 ], [ 11.982555, 50.356667 ], [ 11.976512, 50.361945 ], [ 11.984773, 50.364696 ], [ 11.978961, 50.369495 ], [ 11.983943, 50.388707 ], [ 11.964572, 50.399935 ], [ 11.949377, 50.394809 ], [ 11.954374, 50.407074 ], [ 11.93473, 50.423664 ], [ 11.885422, 50.415854 ], [ 11.866581, 50.40097 ], [ 11.824265, 50.389757 ], [ 11.818404, 50.393568 ], [ 11.825495, 50.40442 ], [ 11.817376, 50.40059 ], [ 11.797353, 50.417321 ], [ 11.780251, 50.418755 ], [ 11.772605, 50.411532 ], [ 11.750841, 50.414453 ], [ 11.761564, 50.405256 ], [ 11.744046, 50.410504 ], [ 11.714721, 50.396635 ], [ 11.708264, 50.403938 ], [ 11.683895, 50.392889 ], [ 11.624601, 50.38687 ], [ 11.594313, 50.402604 ], [ 11.573152, 50.400122 ], [ 11.560064, 50.384127 ], [ 11.519853, 50.374268 ], [ 11.51891, 50.395666 ], [ 11.478737, 50.401216 ], [ 11.488122, 50.415835 ], [ 11.481568, 50.431622 ], [ 11.463153, 50.432176 ], [ 11.443442, 50.420821 ], [ 11.451254, 50.431033 ], [ 11.420631, 50.443366 ], [ 11.423595, 50.462257 ], [ 11.4155, 50.467847 ], [ 11.418091, 50.48186 ], [ 11.426474, 50.484541 ], [ 11.418815, 50.493461 ], [ 11.436032, 50.49218 ], [ 11.440946, 50.499959 ], [ 11.429279, 50.512233 ], [ 11.346569, 50.521535 ], [ 11.346991, 50.51161 ], [ 11.321355, 50.508567 ], [ 11.323142, 50.491165 ], [ 11.300936, 50.488406 ], [ 11.290982, 50.475257 ], [ 11.289115, 50.485566 ], [ 11.247116, 50.477304 ], [ 11.254893, 50.456423 ], [ 11.247092, 50.448924 ], [ 11.2632, 50.442889 ], [ 11.268013, 50.432212 ], [ 11.258056, 50.400038 ], [ 11.270869, 50.394204 ], [ 11.264334, 50.38704 ], [ 11.276083, 50.380923 ], [ 11.284253, 50.360307 ], [ 11.262435, 50.352401 ], [ 11.277099, 50.335962 ], [ 11.261329, 50.337913 ], [ 11.256466, 50.322273 ], [ 11.270337, 50.306747 ], [ 11.251995, 50.299265 ], [ 11.259778, 50.274946 ], [ 11.250518, 50.268313 ], [ 11.197848, 50.291856 ], [ 11.187139, 50.269556 ], [ 11.173971, 50.27128 ], [ 11.18371, 50.280895 ], [ 11.15848, 50.289204 ], [ 11.145923, 50.284956 ], [ 11.131755, 50.308088 ], [ 11.159197, 50.330392 ], [ 11.139108, 50.353506 ], [ 11.116798, 50.349334 ], [ 11.113607, 50.367362 ], [ 11.087552, 50.364801 ], [ 11.085754, 50.352034 ], [ 11.042988, 50.344722 ], [ 11.032407, 50.351501 ], [ 11.043497, 50.352232 ], [ 11.031703, 50.355131 ], [ 11.033417, 50.361358 ], [ 10.993487, 50.365469 ], [ 10.999519, 50.351973 ], [ 10.985781, 50.347321 ], [ 10.956661, 50.368482 ], [ 10.961787, 50.377585 ], [ 10.937635, 50.391905 ], [ 10.893118, 50.380324 ], [ 10.887188, 50.392572 ], [ 10.872747, 50.396794 ], [ 10.861838, 50.38767 ], [ 10.830443, 50.392616 ], [ 10.804251, 50.379109 ], [ 10.785882, 50.385384 ], [ 10.754509, 50.358172 ], [ 10.715267, 50.363591 ], [ 10.714304, 50.346346 ], [ 10.728873, 50.347942 ], [ 10.728148, 50.33812 ], [ 10.715002, 50.333032 ], [ 10.715396, 50.321177 ], [ 10.741845, 50.315914 ], [ 10.770729, 50.292672 ], [ 10.80255, 50.291981 ], [ 10.80392, 50.279753 ], [ 10.846358, 50.275095 ], [ 10.851953, 50.251603 ], [ 10.833465, 50.238702 ], [ 10.807269, 50.240197 ], [ 10.800564, 50.251443 ], [ 10.781844, 50.251284 ], [ 10.769632, 50.24084 ], [ 10.732168, 50.251838 ], [ 10.726239, 50.240889 ], [ 10.726996, 50.230722 ], [ 10.761634, 50.222936 ], [ 10.753719, 50.213239 ], [ 10.780158, 50.194397 ], [ 10.781411, 50.176489 ], [ 10.772929, 50.165821 ], [ 10.777788, 50.14893 ], [ 10.790241, 50.15203 ], [ 10.796084, 50.141353 ], [ 10.808384, 50.149041 ], [ 10.841927, 50.14424 ], [ 10.847655, 50.14731 ], [ 10.842879, 50.153927 ], [ 10.851798, 50.157517 ], [ 10.878163, 50.144531 ], [ 10.87097, 50.128259 ], [ 10.86178, 50.125581 ], [ 10.859339, 50.073638 ], [ 10.836098, 50.072782 ], [ 10.836389, 50.044872 ], [ 10.805871, 50.037643 ], [ 10.782608, 50.046475 ], [ 10.77203, 50.036765 ], [ 10.772577, 50.024627 ], [ 10.751062, 50.020493 ], [ 10.753143, 50.012787 ], [ 10.765252, 50.013416 ], [ 10.76483, 50.000416 ], [ 10.740652, 49.991707 ], [ 10.761121, 49.968242 ], [ 10.720991, 49.956289 ], [ 10.743, 49.948103 ], [ 10.715777, 49.932151 ], [ 10.713489, 49.922505 ], [ 10.694121, 49.916058 ], [ 10.696186, 49.90659 ], [ 10.705706, 49.904603 ], [ 10.686646, 49.896709 ], [ 10.694057, 49.890138 ], [ 10.685061, 49.883028 ], [ 10.656847, 49.890213 ], [ 10.6293, 49.86413 ], [ 10.605146, 49.855248 ], [ 10.595289, 49.859647 ], [ 10.60721, 49.875543 ], [ 10.59218, 49.871382 ], [ 10.587021, 49.858682 ], [ 10.574363, 49.862839 ], [ 10.575884, 49.873832 ], [ 10.560587, 49.8647 ], [ 10.553151, 49.874592 ], [ 10.559424, 49.881345 ], [ 10.501977, 49.871401 ], [ 10.459388, 49.878816 ], [ 10.439911, 49.844962 ], [ 10.461998, 49.835992 ], [ 10.44986, 49.817967 ], [ 10.485071, 49.804563 ], [ 10.466161, 49.791559 ], [ 10.469624, 49.786423 ], [ 10.491301, 49.78711 ], [ 10.516402, 49.802997 ], [ 10.518137, 49.796376 ], [ 10.535253, 49.793976 ], [ 10.524775, 49.785344 ], [ 10.536084, 49.783011 ], [ 10.53884, 49.771459 ], [ 10.55368, 49.770145 ], [ 10.551436, 49.755773 ], [ 10.618577, 49.738881 ], [ 10.638393, 49.741422 ], [ 10.654417, 49.721123 ], [ 10.704877, 49.735114 ], [ 10.707763, 49.747632 ], [ 10.692094, 49.745752 ], [ 10.671863, 49.756599 ], [ 10.696785, 49.77564 ], [ 10.712407, 49.777123 ], [ 10.715068, 49.787905 ], [ 10.775674, 49.767388 ], [ 10.804877, 49.737912 ], [ 10.856506, 49.758787 ], [ 10.877239, 49.756903 ], [ 10.878866, 49.765966 ], [ 10.870539, 49.770357 ], [ 10.930669, 49.785295 ], [ 10.91746, 49.776375 ], [ 10.932101, 49.765988 ], [ 10.913116, 49.765657 ], [ 10.934019, 49.754981 ], [ 10.935159, 49.747429 ], [ 10.926278, 49.748011 ], [ 10.920566, 49.737974 ], [ 10.931275, 49.726373 ], [ 10.941078, 49.729988 ], [ 10.951231, 49.717488 ], [ 10.962837, 49.71673 ], [ 10.930752, 49.714635 ], [ 10.932574, 49.708915 ], [ 10.923074, 49.713953 ], [ 10.922292, 49.706826 ], [ 10.973944, 49.691076 ], [ 10.973622, 49.680735 ], [ 11.014832, 49.683659 ], [ 11.005878, 49.673506 ], [ 11.02785, 49.670896 ], [ 11.055375, 49.679977 ], [ 11.046231, 49.662397 ], [ 11.062001, 49.660979 ], [ 11.060154, 49.65362 ], [ 11.049178, 49.652298 ], [ 11.049031, 49.64179 ], [ 11.027476, 49.63582 ], [ 11.024822, 49.627475 ], [ 11.036684, 49.624378 ], [ 11.0606, 49.637799 ], [ 11.080071, 49.626602 ], [ 11.076136, 49.616087 ], [ 11.087569, 49.600015 ], [ 11.105511, 49.600034 ], [ 11.099685, 49.597081 ], [ 11.108891, 49.588504 ], [ 11.187954, 49.58865 ], [ 11.208678, 49.594895 ], [ 11.21976, 49.609318 ], [ 11.231252, 49.597594 ], [ 11.25344, 49.594974 ], [ 11.264009, 49.606844 ], [ 11.285067, 49.605186 ], [ 11.286522, 49.618743 ], [ 11.300203, 49.621077 ], [ 11.298098, 49.630268 ], [ 11.332358, 49.637039 ], [ 11.342853, 49.658671 ], [ 11.374374, 49.669552 ], [ 11.371075, 49.658934 ], [ 11.387549, 49.654218 ], [ 11.396901, 49.626074 ], [ 11.414084, 49.626521 ], [ 11.426542, 49.613875 ], [ 11.429184, 49.628125 ], [ 11.45882, 49.627914 ], [ 11.473515, 49.64491 ], [ 11.48864, 49.639555 ], [ 11.513497, 49.649868 ], [ 11.557656, 49.642212 ], [ 11.564259, 49.664922 ], [ 11.55565, 49.677446 ], [ 11.563449, 49.685813 ], [ 11.54127, 49.693253 ], [ 11.559982, 49.698316 ], [ 11.556546, 49.712249 ], [ 11.564003, 49.723093 ], [ 11.552473, 49.733186 ], [ 11.587045, 49.728724 ], [ 11.597694, 49.73912 ], [ 11.594014, 49.753579 ], [ 11.633595, 49.76181 ], [ 11.630197, 49.781095 ], [ 11.640129, 49.796023 ], [ 11.633188, 49.799587 ], [ 11.642782, 49.807805 ], [ 11.65895, 49.802138 ], [ 11.673688, 49.811125 ], [ 11.691966, 49.803637 ], [ 11.699744, 49.807226 ], [ 11.700359, 49.820033 ], [ 11.723546, 49.818517 ], [ 11.721008, 49.827461 ], [ 11.739714, 49.834844 ], [ 11.738186, 49.840275 ], [ 11.785171, 49.835662 ], [ 11.803915, 49.849 ], [ 11.824345, 49.841556 ], [ 11.838234, 49.852533 ], [ 11.860662, 49.850378 ], [ 11.842132, 49.865904 ], [ 11.845534, 49.875429 ], [ 11.839274, 49.878729 ], [ 11.855066, 49.892323 ], [ 11.822786, 49.902574 ], [ 11.839494, 49.907643 ], [ 11.828255, 49.934684 ], [ 11.81245, 49.932847 ], [ 11.821351, 49.940609 ], [ 11.812601, 49.946388 ], [ 11.814213, 49.963295 ], [ 11.865079, 49.960079 ], [ 11.898597, 49.969441 ], [ 11.902681, 49.978825 ], [ 11.913771, 49.970725 ], [ 11.935423, 49.972974 ], [ 11.973342, 49.982704 ], [ 12.012212, 49.982386 ], [ 12.015862, 49.991334 ], [ 12.025826, 49.981266 ], [ 12.032986, 49.989071 ], [ 12.047854, 49.979755 ], [ 12.069753, 49.995447 ], [ 12.094576, 49.976834 ], [ 12.108245, 49.978185 ], [ 12.128756, 49.988347 ], [ 12.146325, 49.987023 ], [ 12.147032, 49.992917 ], [ 12.198293, 49.999185 ], [ 12.19182, 50.003609 ], [ 12.200661, 50.007969 ], [ 12.197614, 50.032835 ], [ 12.241245, 50.035435 ] ], [ [ 11.804804, 49.953397 ], [ 11.810801, 49.95188 ], [ 11.803841, 49.951852 ], [ 11.804804, 49.953397 ] ] ], [ [ [ 10.893299, 49.73755 ], [ 10.881161, 49.743799 ], [ 10.873745, 49.741719 ], [ 10.893299, 49.73755 ] ] ] ] } },
{ "type": "Feature", "properties": { "name": "Mittelfranken", "area": 7245.1298930280391 }, "geometry": { "type": "Polygon", "coordinates": [ [ [ 10.40985, 48.977435 ], [ 10.427407, 48.977295 ], [ 10.413805, 48.981234 ], [ 10.432141, 48.982587 ], [ 10.42191, 48.988047 ], [ 10.430272, 48.999611 ], [ 10.424264, 49.004006 ], [ 10.469003, 49.011762 ], [ 10.540864, 49.006011 ], [ 10.54613, 49.009166 ], [ 10.539236, 49.021833 ], [ 10.554336, 49.023373 ], [ 10.545257, 49.025329 ], [ 10.553301, 49.03314 ], [ 10.595537, 49.034517 ], [ 10.605628, 49.017525 ], [ 10.642254, 49.016631 ], [ 10.631173, 48.992021 ], [ 10.641522, 48.98133 ], [ 10.669393, 48.983348 ], [ 10.692187, 48.959894 ], [ 10.689025, 48.944196 ], [ 10.700814, 48.939004 ], [ 10.669265, 48.922491 ], [ 10.680278, 48.913554 ], [ 10.67608, 48.910185 ], [ 10.72289, 48.900522 ], [ 10.734817, 48.923918 ], [ 10.776348, 48.916114 ], [ 10.770599, 48.926439 ], [ 10.817673, 48.949464 ], [ 10.811768, 48.936869 ], [ 10.825887, 48.931244 ], [ 10.832465, 48.91303 ], [ 10.807889, 48.907658 ], [ 10.815371, 48.901091 ], [ 10.861155, 48.895198 ], [ 10.853285, 48.884599 ], [ 10.87115, 48.882658 ], [ 10.867658, 48.875586 ], [ 10.906098, 48.882558 ], [ 10.931625, 48.862505 ], [ 10.963138, 48.859357 ], [ 10.974122, 48.878719 ], [ 11.031319, 48.886915 ], [ 11.029365, 48.895297 ], [ 11.044771, 48.900701 ], [ 11.032378, 48.9089 ], [ 11.04503, 48.901968 ], [ 11.059434, 48.913553 ], [ 11.071117, 48.911452 ], [ 11.066521, 48.924699 ], [ 11.050609, 48.931872 ], [ 11.070427, 48.953664 ], [ 11.101228, 48.966113 ], [ 11.142375, 48.965182 ], [ 11.148126, 48.985611 ], [ 11.143189, 48.991504 ], [ 11.162565, 48.996104 ], [ 11.155519, 49.002693 ], [ 11.16499, 49.004458 ], [ 11.163092, 49.014778 ], [ 11.190577, 49.018439 ], [ 11.179524, 49.028644 ], [ 11.201927, 49.047592 ], [ 11.255388, 49.052784 ], [ 11.248834, 49.045749 ], [ 11.269754, 49.028463 ], [ 11.266622, 49.010918 ], [ 11.293129, 49.005013 ], [ 11.297195, 49.016155 ], [ 11.306055, 49.00376 ], [ 11.327119, 48.99793 ], [ 11.351292, 49.016844 ], [ 11.345929, 49.019853 ], [ 11.381805, 49.017013 ], [ 11.386383, 49.031018 ], [ 11.415865, 49.034774 ], [ 11.400552, 49.053644 ], [ 11.425805, 49.055435 ], [ 11.399565, 49.061639 ], [ 11.378097, 49.088453 ], [ 11.353048, 49.090014 ], [ 11.36812, 49.100278 ], [ 11.361812, 49.099931 ], [ 11.355247, 49.116731 ], [ 11.322822, 49.119016 ], [ 11.318729, 49.128976 ], [ 11.327811, 49.143032 ], [ 11.324847, 49.156502 ], [ 11.312521, 49.155935 ], [ 11.307992, 49.16311 ], [ 11.313649, 49.178065 ], [ 11.262021, 49.19658 ], [ 11.263118, 49.211226 ], [ 11.314521, 49.209407 ], [ 11.321942, 49.202526 ], [ 11.293258, 49.23553 ], [ 11.302957, 49.243791 ], [ 11.29, 49.250422 ], [ 11.291974, 49.25684 ], [ 11.277447, 49.253416 ], [ 11.276265, 49.26012 ], [ 11.26416, 49.260478 ], [ 11.292171, 49.267121 ], [ 11.274439, 49.274 ], [ 11.246227, 49.269541 ], [ 11.226983, 49.278752 ], [ 11.206291, 49.274117 ], [ 11.214644, 49.292271 ], [ 11.198758, 49.28933 ], [ 11.185988, 49.300402 ], [ 11.219813, 49.31596 ], [ 11.251368, 49.308929 ], [ 11.251645, 49.3163 ], [ 11.23874, 49.320723 ], [ 11.247176, 49.325353 ], [ 11.271888, 49.322352 ], [ 11.273372, 49.31286 ], [ 11.292599, 49.317296 ], [ 11.334499, 49.303061 ], [ 11.345385, 49.319656 ], [ 11.381948, 49.326232 ], [ 11.389576, 49.342084 ], [ 11.371233, 49.357062 ], [ 11.393714, 49.356598 ], [ 11.405537, 49.364231 ], [ 11.400053, 49.372947 ], [ 11.420871, 49.375856 ], [ 11.423725, 49.393177 ], [ 11.461459, 49.411565 ], [ 11.444622, 49.414973 ], [ 11.448124, 49.427521 ], [ 11.458719, 49.432478 ], [ 11.464752, 49.421757 ], [ 11.482784, 49.426792 ], [ 11.536858, 49.410555 ], [ 11.558995, 49.416493 ], [ 11.557222, 49.432993 ], [ 11.596248, 49.474094 ], [ 11.588972, 49.47654 ], [ 11.59241, 49.484406 ], [ 11.568759, 49.492019 ], [ 11.566441, 49.503944 ], [ 11.533858, 49.507414 ], [ 11.548293, 49.521181 ], [ 11.540582, 49.536448 ], [ 11.551251, 49.538841 ], [ 11.549135, 49.544457 ], [ 11.510854, 49.553209 ], [ 11.530789, 49.565076 ], [ 11.544412, 49.559912 ], [ 11.554084, 49.565149 ], [ 11.551508, 49.573819 ], [ 11.576078, 49.579877 ], [ 11.564226, 49.586368 ], [ 11.568676, 49.597378 ], [ 11.559172, 49.593739 ], [ 11.549978, 49.60365 ], [ 11.580128, 49.618301 ], [ 11.592108, 49.612311 ], [ 11.60155, 49.623061 ], [ 11.58968, 49.641225 ], [ 11.570631, 49.640669 ], [ 11.573928, 49.647403 ], [ 11.563824, 49.659744 ], [ 11.575585, 49.664186 ], [ 11.561199, 49.678807 ], [ 11.564952, 49.686042 ], [ 11.544333, 49.693117 ], [ 11.563557, 49.696879 ], [ 11.560449, 49.714291 ], [ 11.55981, 49.698065 ], [ 11.54127, 49.693253 ], [ 11.563449, 49.685813 ], [ 11.55565, 49.677446 ], [ 11.564259, 49.664922 ], [ 11.557656, 49.642212 ], [ 11.513497, 49.649868 ], [ 11.48864, 49.639555 ], [ 11.473515, 49.64491 ], [ 11.45882, 49.627914 ], [ 11.429184, 49.628125 ], [ 11.426542, 49.613875 ], [ 11.414084, 49.626521 ], [ 11.396901, 49.626074 ], [ 11.387549, 49.654218 ], [ 11.371075, 49.658934 ], [ 11.374374, 49.669552 ], [ 11.342853, 49.658671 ], [ 11.332358, 49.637039 ], [ 11.298098, 49.630268 ], [ 11.300203, 49.621077 ], [ 11.286522, 49.618743 ], [ 11.285067, 49.605186 ], [ 11.264009, 49.606844 ], [ 11.25344, 49.594974 ], [ 11.231252, 49.597594 ], [ 11.21976, 49.609318 ], [ 11.208678, 49.594895 ], [ 11.187954, 49.58865 ], [ 11.108891, 49.588504 ], [ 11.099685, 49.597081 ], [ 11.105511, 49.600034 ], [ 11.087569, 49.600015 ], [ 11.076136, 49.616087 ], [ 11.080071, 49.626602 ], [ 11.0606, 49.637799 ], [ 11.036684, 49.624378 ], [ 11.024822, 49.627475 ], [ 11.027476, 49.63582 ], [ 11.049031, 49.64179 ], [ 11.049178, 49.652298 ], [ 11.060154, 49.65362 ], [ 11.062001, 49.660979 ], [ 11.046231, 49.662397 ], [ 11.055375, 49.679977 ], [ 11.02785, 49.670896 ], [ 11.005878, 49.673506 ], [ 11.014832, 49.683659 ], [ 10.973622, 49.680735 ], [ 10.973944, 49.691076 ], [ 10.922292, 49.706826 ], [ 10.923074, 49.713953 ], [ 10.932574, 49.708915 ], [ 10.930752, 49.714635 ], [ 10.962837, 49.71673 ], [ 10.951231, 49.717488 ], [ 10.941078, 49.729988 ], [ 10.931275, 49.726373 ], [ 10.920566, 49.737974 ], [ 10.926278, 49.748011 ], [ 10.935159, 49.747429 ], [ 10.934019, 49.754981 ], [ 10.92779, 49.761833 ], [ 10.915289, 49.761637 ], [ 10.913116, 49.765657 ], [ 10.932101, 49.765988 ], [ 10.91746, 49.776375 ], [ 10.930669, 49.785295 ], [ 10.870539, 49.770357 ], [ 10.878866, 49.765966 ], [ 10.877239, 49.756903 ], [ 10.856506, 49.758787 ], [ 10.804877, 49.737912 ], [ 10.775674, 49.767388 ], [ 10.715068, 49.787905 ], [ 10.712407, 49.777123 ], [ 10.696785, 49.77564 ], [ 10.671863, 49.756599 ], [ 10.692094, 49.745752 ], [ 10.707763, 49.747632 ], [ 10.704877, 49.735114 ], [ 10.669856, 49.727246 ], [ 10.671351, 49.722376 ], [ 10.654417, 49.721123 ], [ 10.638393, 49.741422 ], [ 10.618577, 49.738881 ], [ 10.547492, 49.75626 ], [ 10.496306, 49.7534 ], [ 10.491365, 49.742865 ], [ 10.435505, 49.750044 ], [ 10.417626, 49.730888 ], [ 10.421739, 49.745105 ], [ 10.411968, 49.743308 ], [ 10.352572, 49.699973 ], [ 10.342099, 49.704502 ], [ 10.332952, 49.698308 ], [ 10.387173, 49.690827 ], [ 10.35856, 49.678011 ], [ 10.388013, 49.634259 ], [ 10.348658, 49.622356 ], [ 10.306551, 49.621212 ], [ 10.30122, 49.62713 ], [ 10.281645, 49.619182 ], [ 10.218172, 49.632898 ], [ 10.200219, 49.626473 ], [ 10.200013, 49.602807 ], [ 10.177764, 49.599381 ], [ 10.170452, 49.589878 ], [ 10.157831, 49.593862 ], [ 10.1484, 49.611791 ], [ 10.132109, 49.611604 ], [ 10.117816, 49.622136 ], [ 10.099727, 49.619203 ], [ 10.069614, 49.592625 ], [ 10.071875, 49.567264 ], [ 10.09008, 49.534038 ], [ 10.076886, 49.519883 ], [ 10.084147, 49.511759 ], [ 10.121323, 49.511046 ], [ 10.099991, 49.491728 ], [ 10.122252, 49.463908 ], [ 10.105488, 49.463239 ], [ 10.094741, 49.447899 ], [ 10.133705, 49.437147 ], [ 10.15168, 49.412294 ], [ 10.152217, 49.401015 ], [ 10.142064, 49.40397 ], [ 10.138638, 49.403096 ], [ 10.161698, 49.395494 ], [ 10.144924, 49.384414 ], [ 10.121686, 49.38786 ], [ 10.107318, 49.378785 ], [ 10.117414, 49.369023 ], [ 10.113374, 49.359941 ], [ 10.124556, 49.356138 ], [ 10.107616, 49.351699 ], [ 10.104847, 49.338412 ], [ 10.113087, 49.335777 ], [ 10.110499, 49.328872 ], [ 10.140102, 49.325576 ], [ 10.145247, 49.316498 ], [ 10.132299, 49.300319 ], [ 10.15662, 49.280759 ], [ 10.134157, 49.26223 ], [ 10.12356, 49.270965 ], [ 10.131392, 49.275084 ], [ 10.123625, 49.274995 ], [ 10.113974, 49.266408 ], [ 10.118702, 49.25787 ], [ 10.109875, 49.258298 ], [ 10.133209, 49.253105 ], [ 10.119829, 49.247358 ], [ 10.140136, 49.20889 ], [ 10.125622, 49.210893 ], [ 10.130455, 49.203767 ], [ 10.124899, 49.199737 ], [ 10.156808, 49.192715 ], [ 10.153574, 49.188412 ], [ 10.166468, 49.179216 ], [ 10.181183, 49.182407 ], [ 10.177318, 49.173509 ], [ 10.195244, 49.169889 ], [ 10.196814, 49.155762 ], [ 10.218379, 49.16349 ], [ 10.248023, 49.149281 ], [ 10.256947, 49.12905 ], [ 10.224954, 49.119503 ], [ 10.229331, 49.113226 ], [ 10.21525, 49.113283 ], [ 10.204998, 49.098119 ], [ 10.222779, 49.097859 ], [ 10.22907, 49.089761 ], [ 10.250597, 49.092815 ], [ 10.247145, 49.07972 ], [ 10.23417, 49.076362 ], [ 10.258154, 49.070174 ], [ 10.26463, 49.061365 ], [ 10.256056, 49.061364 ], [ 10.251864, 49.039161 ], [ 10.26499, 49.045203 ], [ 10.284839, 49.036575 ], [ 10.294007, 49.042777 ], [ 10.320477, 49.025716 ], [ 10.332901, 49.031923 ], [ 10.350257, 49.028422 ], [ 10.345197, 49.019385 ], [ 10.356092, 49.01351 ], [ 10.352158, 49.006002 ], [ 10.381896, 48.999049 ], [ 10.378747, 48.990447 ], [ 10.394683, 48.990158 ], [ 10.40985, 48.977435 ] ], [ [ 10.881161, 49.743799 ], [ 10.893299, 49.73755 ], [ 10.873745, 49.741719 ], [ 10.881161, 49.743799 ] ] ] } },
{ "type": "Feature", "properties": { "name": "Unterfranken", "area": 8529.7574616303809 }, "geometry": { "type": "Polygon", "coordinates": [ [ [ 10.083723, 49.543561 ], [ 10.069614, 49.592625 ], [ 10.099727, 49.619203 ], [ 10.117816, 49.622136 ], [ 10.132109, 49.611604 ], [ 10.1484, 49.611791 ], [ 10.157831, 49.593862 ], [ 10.170452, 49.589878 ], [ 10.177764, 49.599381 ], [ 10.200013, 49.602807 ], [ 10.200219, 49.626473 ], [ 10.218172, 49.632898 ], [ 10.2827, 49.619098 ], [ 10.30122, 49.62713 ], [ 10.306551, 49.621212 ], [ 10.356018, 49.624524 ], [ 10.388013, 49.634259 ], [ 10.35856, 49.678011 ], [ 10.387173, 49.690827 ], [ 10.332952, 49.698308 ], [ 10.338674, 49.704164 ], [ 10.352572, 49.699973 ], [ 10.411968, 49.743308 ], [ 10.421739, 49.745105 ], [ 10.416242, 49.731331 ], [ 10.422372, 49.731386 ], [ 10.435505, 49.750044 ], [ 10.464003, 49.741357 ], [ 10.491365, 49.742865 ], [ 10.496306, 49.7534 ], [ 10.551436, 49.755773 ], [ 10.55368, 49.770145 ], [ 10.53884, 49.771459 ], [ 10.536084, 49.783011 ], [ 10.524775, 49.785344 ], [ 10.535253, 49.793976 ], [ 10.518137, 49.796376 ], [ 10.516402, 49.802997 ], [ 10.48937, 49.786426 ], [ 10.467122, 49.788212 ], [ 10.485432, 49.80325 ], [ 10.448454, 49.819307 ], [ 10.461998, 49.835992 ], [ 10.439911, 49.844962 ], [ 10.447559, 49.848825 ], [ 10.452948, 49.872183 ], [ 10.459388, 49.878816 ], [ 10.501977, 49.871401 ], [ 10.559424, 49.881345 ], [ 10.553151, 49.874592 ], [ 10.560587, 49.8647 ], [ 10.575884, 49.873832 ], [ 10.574363, 49.862839 ], [ 10.587021, 49.858682 ], [ 10.59218, 49.871382 ], [ 10.608044, 49.8752 ], [ 10.595289, 49.859647 ], [ 10.605146, 49.855248 ], [ 10.6293, 49.86413 ], [ 10.656847, 49.890213 ], [ 10.685061, 49.883028 ], [ 10.694057, 49.890138 ], [ 10.686646, 49.896709 ], [ 10.705706, 49.904603 ], [ 10.696186, 49.90659 ], [ 10.694121, 49.916058 ], [ 10.713489, 49.922505 ], [ 10.715777, 49.932151 ], [ 10.743, 49.948103 ], [ 10.720991, 49.956289 ], [ 10.761121, 49.968242 ], [ 10.740652, 49.991707 ], [ 10.76483, 50.000416 ], [ 10.765252, 50.013416 ], [ 10.749671, 50.018958 ], [ 10.772577, 50.024627 ], [ 10.77203, 50.036765 ], [ 10.782608, 50.046475 ], [ 10.805871, 50.037643 ], [ 10.836389, 50.044872 ], [ 10.832449, 50.064749 ], [ 10.843726, 50.075954 ], [ 10.859339, 50.073638 ], [ 10.86178, 50.125581 ], [ 10.87097, 50.128259 ], [ 10.878163, 50.144531 ], [ 10.851798, 50.157517 ], [ 10.842879, 50.153927 ], [ 10.847655, 50.14731 ], [ 10.841927, 50.14424 ], [ 10.808384, 50.149041 ], [ 10.796084, 50.141353 ], [ 10.790241, 50.15203 ], [ 10.777788, 50.14893 ], [ 10.772929, 50.165821 ], [ 10.781411, 50.176489 ], [ 10.780158, 50.194397 ], [ 10.753719, 50.213239 ], [ 10.76275, 50.221881 ], [ 10.746077, 50.227604 ], [ 10.729443, 50.230265 ], [ 10.731221, 50.212654 ], [ 10.716645, 50.204819 ], [ 10.695753, 50.211799 ], [ 10.686714, 50.225908 ], [ 10.66367, 50.221543 ], [ 10.658961, 50.230709 ], [ 10.612047, 50.224138 ], [ 10.597108, 50.246173 ], [ 10.611315, 50.249075 ], [ 10.597829, 50.262621 ], [ 10.607296, 50.271257 ], [ 10.59104, 50.271784 ], [ 10.605324, 50.293537 ], [ 10.592359, 50.308081 ], [ 10.60055, 50.333688 ], [ 10.561785, 50.337098 ], [ 10.544408, 50.364506 ], [ 10.531011, 50.36511 ], [ 10.514624, 50.349897 ], [ 10.512476, 50.359806 ], [ 10.492406, 50.355056 ], [ 10.48599, 50.363054 ], [ 10.494443, 50.369443 ], [ 10.463658, 50.376015 ], [ 10.449503, 50.403047 ], [ 10.423743, 50.392532 ], [ 10.394494, 50.393652 ], [ 10.383918, 50.408621 ], [ 10.403835, 50.424775 ], [ 10.370715, 50.431758 ], [ 10.381332, 50.438852 ], [ 10.367272, 50.438774 ], [ 10.356726, 50.45519 ], [ 10.336154, 50.465897 ], [ 10.341411, 50.483 ], [ 10.330582, 50.494277 ], [ 10.30657, 50.492079 ], [ 10.256222, 50.512813 ], [ 10.230828, 50.511803 ], [ 10.225792, 50.518719 ], [ 10.231974, 50.531088 ], [ 10.208326, 50.540631 ], [ 10.203874, 50.554701 ], [ 10.177893, 50.55168 ], [ 10.175441, 50.542918 ], [ 10.150268, 50.551888 ], [ 10.140367, 50.54285 ], [ 10.120712, 50.555857 ], [ 10.126218, 50.561351 ], [ 10.107094, 50.563734 ], [ 10.070046, 50.535421 ], [ 10.071825, 50.527671 ], [ 10.039741, 50.515618 ], [ 10.041188, 50.495188 ], [ 10.033485, 50.481121 ], [ 10.018307, 50.466455 ], [ 9.99746, 50.460986 ], [ 9.957837, 50.423204 ], [ 9.883101, 50.398893 ], [ 9.869997, 50.409269 ], [ 9.860046, 50.397474 ], [ 9.807988, 50.412431 ], [ 9.810902, 50.418882 ], [ 9.80259, 50.423997 ], [ 9.780181, 50.418431 ], [ 9.762064, 50.425867 ], [ 9.751062, 50.413559 ], [ 9.759293, 50.402419 ], [ 9.746204, 50.36618 ], [ 9.732914, 50.35615 ], [ 9.747436, 50.3412 ], [ 9.745881, 50.310408 ], [ 9.703422, 50.280752 ], [ 9.652396, 50.26967 ], [ 9.636824, 50.25145 ], [ 9.668176, 50.239435 ], [ 9.663619, 50.233733 ], [ 9.635816, 50.235228 ], [ 9.621592, 50.223116 ], [ 9.582899, 50.221528 ], [ 9.576319, 50.232389 ], [ 9.54203, 50.224342 ], [ 9.533491, 50.234492 ], [ 9.514378, 50.234077 ], [ 9.501175, 50.243474 ], [ 9.49477, 50.226672 ], [ 9.516205, 50.199612 ], [ 9.501479, 50.193048 ], [ 9.498105, 50.175544 ], [ 9.528152, 50.168139 ], [ 9.531202, 50.16085 ], [ 9.507571, 50.145557 ], [ 9.519259, 50.114039 ], [ 9.512464, 50.094356 ], [ 9.413111, 50.08406 ], [ 9.394463, 50.097486 ], [ 9.373621, 50.130964 ], [ 9.341584, 50.131282 ], [ 9.327428, 50.14106 ], [ 9.307612, 50.133408 ], [ 9.285897, 50.141665 ], [ 9.25256, 50.13948 ], [ 9.221866, 50.149417 ], [ 9.183269, 50.137902 ], [ 9.191594, 50.127487 ], [ 9.174559, 50.11948 ], [ 9.162546, 50.098186 ], [ 9.149211, 50.090639 ], [ 9.143367, 50.096983 ], [ 9.154371, 50.107393 ], [ 9.153609, 50.117931 ], [ 9.144958, 50.114112 ], [ 9.120204, 50.126495 ], [ 9.09823, 50.126417 ], [ 9.089306, 50.116804 ], [ 9.018261, 50.111604 ], [ 8.997391, 50.09158 ], [ 8.999283, 50.069367 ], [ 8.976612, 50.052211 ], [ 8.985375, 50.041727 ], [ 9.012308, 50.045951 ], [ 9.031344, 50.039574 ], [ 9.031025, 50.020132 ], [ 9.039817, 50.010373 ], [ 9.035538, 50.001837 ], [ 9.048476, 49.993935 ], [ 9.036552, 49.9898 ], [ 9.022987, 49.997054 ], [ 9.015714, 49.989023 ], [ 9.026372, 49.955091 ], [ 9.019036, 49.94705 ], [ 9.032264, 49.924689 ], [ 9.02336, 49.910137 ], [ 9.031878, 49.909361 ], [ 9.038429, 49.876218 ], [ 9.050453, 49.867572 ], [ 9.033336, 49.866467 ], [ 9.043705, 49.855543 ], [ 9.037652, 49.842564 ], [ 9.059516, 49.847028 ], [ 9.052839, 49.840003 ], [ 9.063957, 49.831759 ], [ 9.084731, 49.847506 ], [ 9.090088, 49.840968 ], [ 9.077533, 49.834612 ], [ 9.086665, 49.826438 ], [ 9.076993, 49.818223 ], [ 9.09088, 49.790655 ], [ 9.10814, 49.79798 ], [ 9.131666, 49.794928 ], [ 9.134484, 49.782247 ], [ 9.113365, 49.773731 ], [ 9.106914, 49.758661 ], [ 9.150809, 49.742851 ], [ 9.134528, 49.71668 ], [ 9.122543, 49.714842 ], [ 9.126109, 49.69998 ], [ 9.089638, 49.693346 ], [ 9.08886, 49.669023 ], [ 9.103419, 49.660431 ], [ 9.102012, 49.64221 ], [ 9.065138, 49.617319 ], [ 9.066381, 49.602365 ], [ 9.08299, 49.601987 ], [ 9.103006, 49.577456 ], [ 9.19441, 49.574041 ], [ 9.238702, 49.581292 ], [ 9.24894, 49.584518 ], [ 9.249458, 49.593801 ], [ 9.260212, 49.594387 ], [ 9.264578, 49.60682 ], [ 9.285023, 49.614801 ], [ 9.270723, 49.634019 ], [ 9.285501, 49.63577 ], [ 9.304083, 49.654944 ], [ 9.343881, 49.6443 ], [ 9.366744, 49.658357 ], [ 9.38357, 49.642827 ], [ 9.41644, 49.653882 ], [ 9.419495, 49.658854 ], [ 9.397891, 49.670661 ], [ 9.412472, 49.675469 ], [ 9.406391, 49.679582 ], [ 9.420088, 49.690192 ], [ 9.418681, 49.711898 ], [ 9.401068, 49.720565 ], [ 9.399961, 49.728841 ], [ 9.385645, 49.730915 ], [ 9.382529, 49.707463 ], [ 9.357409, 49.704288 ], [ 9.344031, 49.718614 ], [ 9.374211, 49.728002 ], [ 9.296297, 49.738918 ], [ 9.323124, 49.743797 ], [ 9.316022, 49.76824 ], [ 9.351036, 49.769007 ], [ 9.37261, 49.778977 ], [ 9.391547, 49.770121 ], [ 9.425107, 49.789554 ], [ 9.458257, 49.76952 ], [ 9.479097, 49.786894 ], [ 9.50146, 49.788775 ], [ 9.512861, 49.781794 ], [ 9.514512, 49.763787 ], [ 9.546462, 49.766426 ], [ 9.56338, 49.744568 ], [ 9.568928, 49.750588 ], [ 9.558393, 49.765095 ], [ 9.56181, 49.780617 ], [ 9.648736, 49.791478 ], [ 9.651419, 49.780557 ], [ 9.644322, 49.77861 ], [ 9.651866, 49.766372 ], [ 9.637952, 49.753851 ], [ 9.645553, 49.74691 ], [ 9.638998, 49.740507 ], [ 9.646936, 49.739145 ], [ 9.627715, 49.731963 ], [ 9.641102, 49.723176 ], [ 9.625449, 49.703737 ], [ 9.63246, 49.693186 ], [ 9.653496, 49.687137 ], [ 9.676148, 49.693347 ], [ 9.677194, 49.716201 ], [ 9.700382, 49.716961 ], [ 9.709719, 49.727058 ], [ 9.72755, 49.688728 ], [ 9.73942, 49.688191 ], [ 9.752954, 49.710122 ], [ 9.799994, 49.730943 ], [ 9.796514, 49.720711 ], [ 9.831805, 49.703803 ], [ 9.836147, 49.691741 ], [ 9.830028, 49.687709 ], [ 9.841172, 49.683417 ], [ 9.823417, 49.673173 ], [ 9.83006, 49.651743 ], [ 9.855481, 49.641515 ], [ 9.872808, 49.610076 ], [ 9.841047, 49.595141 ], [ 9.847868, 49.577053 ], [ 9.81023, 49.557316 ], [ 9.85931, 49.546044 ], [ 9.86455, 49.567881 ], [ 9.875725, 49.578631 ], [ 9.898791, 49.588347 ], [ 9.912438, 49.585908 ], [ 9.898205, 49.56238 ], [ 9.924985, 49.560064 ], [ 9.920733, 49.553402 ], [ 9.926961, 49.549521 ], [ 9.920182, 49.545125 ], [ 9.92705, 49.536077 ], [ 9.916959, 49.517802 ], [ 9.925129, 49.50865 ], [ 9.913741, 49.493253 ], [ 9.926561, 49.484835 ], [ 10.018915, 49.485906 ], [ 10.028178, 49.50399 ], [ 10.057306, 49.516828 ], [ 10.040019, 49.52901 ], [ 10.061368, 49.537468 ], [ 10.061428, 49.545138 ], [ 10.083723, 49.543561 ] ] ] } },
{ "type": "Feature", "properties": { "name": "Schwaben", "area": 9990.9364439710498 }, "geometry": { "type": "Polygon", "coordinates": [ [ [ 10.23078, 48.510511 ], [ 10.237966, 48.507822 ], [ 10.22805, 48.504975 ], [ 10.240826, 48.506158 ], [ 10.241406, 48.49196 ], [ 10.180098, 48.475524 ], [ 10.176413, 48.471369 ], [ 10.184524, 48.472915 ], [ 10.184601, 48.467211 ], [ 10.17546, 48.469391 ], [ 10.171846, 48.457787 ], [ 10.133895, 48.454871 ], [ 10.117367, 48.475388 ], [ 10.105027, 48.477504 ], [ 10.06401, 48.456389 ], [ 10.032694, 48.457196 ], [ 10.038227, 48.444453 ], [ 10.028051, 48.436919 ], [ 10.042414, 48.429732 ], [ 9.967276, 48.374404 ], [ 9.977741, 48.362659 ], [ 9.987734, 48.370626 ], [ 9.999597, 48.363229 ], [ 9.998132, 48.347513 ], [ 10.010403, 48.342389 ], [ 10.042549, 48.29423 ], [ 10.065817, 48.281817 ], [ 10.06196, 48.25813 ], [ 10.069026, 48.253762 ], [ 10.060721, 48.24009 ], [ 10.083711, 48.20964 ], [ 10.085717, 48.182192 ], [ 10.107074, 48.132144 ], [ 10.136247, 48.111443 ], [ 10.140392, 48.098917 ], [ 10.134082, 48.079479 ], [ 10.143737, 48.074414 ], [ 10.143902, 48.059007 ], [ 10.127111, 48.032712 ], [ 10.134326, 48.0176 ], [ 10.11955, 48.0035 ], [ 10.114955, 47.976257 ], [ 10.093207, 47.972332 ], [ 10.084894, 47.961308 ], [ 10.089488, 47.947977 ], [ 10.11101, 47.934879 ], [ 10.105013, 47.923838 ], [ 10.110414, 47.910657 ], [ 10.095332, 47.885159 ], [ 10.105705, 47.879027 ], [ 10.091599, 47.867398 ], [ 10.076756, 47.867809 ], [ 10.082962, 47.855718 ], [ 10.104617, 47.864624 ], [ 10.091605, 47.845621 ], [ 10.107155, 47.852895 ], [ 10.102771, 47.842374 ], [ 10.138023, 47.809638 ], [ 10.115747, 47.810874 ], [ 10.108782, 47.805771 ], [ 10.11688, 47.800623 ], [ 10.090135, 47.803905 ], [ 10.064681, 47.785888 ], [ 10.079615, 47.781262 ], [ 10.082513, 47.771181 ], [ 10.119049, 47.759587 ], [ 10.116429, 47.719317 ], [ 10.139438, 47.703273 ], [ 10.128322, 47.690718 ], [ 10.129336, 47.676137 ], [ 10.11112, 47.66599 ], [ 10.089245, 47.673045 ], [ 10.093424, 47.663221 ], [ 10.081362, 47.65489 ], [ 10.077292, 47.639274 ], [ 10.075162, 47.658335 ], [ 10.059312, 47.680629 ], [ 10.030491, 47.674452 ], [ 10.028645, 47.686983 ], [ 10.001902, 47.681999 ], [ 9.976023, 47.665325 ], [ 9.970746, 47.653626 ], [ 9.959522, 47.652304 ], [ 9.842191, 47.677692 ], [ 9.837816, 47.66947 ], [ 9.830606, 47.671376 ], [ 9.828553, 47.657901 ], [ 9.795646, 47.647601 ], [ 9.795256, 47.635719 ], [ 9.777822, 47.630536 ], [ 9.747718, 47.603688 ], [ 9.740358, 47.604536 ], [ 9.745652, 47.617297 ], [ 9.706294, 47.601812 ], [ 9.692152, 47.610423 ], [ 9.683888, 47.604558 ], [ 9.65771, 47.611725 ], [ 9.635967, 47.602455 ], [ 9.643285, 47.58976 ], [ 9.633101, 47.594064 ], [ 9.614056, 47.58115 ], [ 9.602077, 47.584338 ], [ 9.609487, 47.571525 ], [ 9.628007, 47.570911 ], [ 9.651555, 47.557376 ], [ 9.679507, 47.5568 ], [ 9.680776, 47.542265 ], [ 9.712217, 47.550779 ], [ 9.729844, 47.533726 ], [ 9.747037, 47.555664 ], [ 9.748035, 47.570506 ], [ 9.77777, 47.59534 ], [ 9.823747, 47.587184 ], [ 9.825894, 47.559802 ], [ 9.815676, 47.547609 ], [ 9.873978, 47.52872 ], [ 9.880978, 47.548058 ], [ 9.906673, 47.542171 ], [ 9.921551, 47.529672 ], [ 9.941095, 47.538226 ], [ 9.963685, 47.534718 ], [ 9.958898, 47.542987 ], [ 9.970899, 47.54568 ], [ 9.965204, 47.521162 ], [ 9.995697, 47.50293 ], [ 9.987654, 47.498562 ], [ 9.995348, 47.486315 ], [ 10.044685, 47.487612 ], [ 10.053569, 47.466579 ], [ 10.070354, 47.456 ], [ 10.09147, 47.459076 ], [ 10.093892, 47.440344 ], [ 10.105423, 47.42874 ], [ 10.095701, 47.417815 ], [ 10.069158, 47.40985 ], [ 10.086257, 47.39931 ], [ 10.09978, 47.354736 ], [ 10.119266, 47.375703 ], [ 10.141673, 47.367159 ], [ 10.165864, 47.368795 ], [ 10.169193, 47.385794 ], [ 10.181713, 47.392283 ], [ 10.212637, 47.380411 ], [ 10.226982, 47.388848 ], [ 10.236196, 47.381861 ], [ 10.237011, 47.373456 ], [ 10.199483, 47.326599 ], [ 10.215876, 47.310958 ], [ 10.19909, 47.297528 ], [ 10.178726, 47.295727 ], [ 10.17398, 47.270265 ], [ 10.201253, 47.276872 ], [ 10.2323, 47.270478 ], [ 10.265973, 47.287902 ], [ 10.281479, 47.287548 ], [ 10.295805, 47.299928 ], [ 10.330031, 47.304712 ], [ 10.348779, 47.317401 ], [ 10.356834, 47.336976 ], [ 10.386293, 47.356225 ], [ 10.394862, 47.375729 ], [ 10.419605, 47.384628 ], [ 10.436472, 47.380648 ], [ 10.429103, 47.391011 ], [ 10.436174, 47.410982 ], [ 10.47593, 47.43215 ], [ 10.465719, 47.453531 ], [ 10.468022, 47.476918 ], [ 10.442768, 47.484617 ], [ 10.431324, 47.503678 ], [ 10.45446, 47.555738 ], [ 10.488858, 47.540354 ], [ 10.569415, 47.533577 ], [ 10.580289, 47.555555 ], [ 10.597954, 47.569715 ], [ 10.635409, 47.558988 ], [ 10.691187, 47.558441 ], [ 10.694834, 47.544638 ], [ 10.757582, 47.534726 ], [ 10.763801, 47.519739 ], [ 10.777572, 47.513939 ], [ 10.886286, 47.536741 ], [ 10.872826, 47.572459 ], [ 10.924905, 47.586366 ], [ 10.942285, 47.597258 ], [ 10.940816, 47.609678 ], [ 10.952786, 47.616265 ], [ 10.935752, 47.616276 ], [ 10.925756, 47.630229 ], [ 10.903213, 47.637308 ], [ 10.915152, 47.660593 ], [ 10.876104, 47.655279 ], [ 10.850689, 47.667215 ], [ 10.823118, 47.656896 ], [ 10.778099, 47.662223 ], [ 10.798373, 47.686864 ], [ 10.798543, 47.701942 ], [ 10.828385, 47.718478 ], [ 10.829104, 47.727796 ], [ 10.807326, 47.725022 ], [ 10.793061, 47.718133 ], [ 10.787743, 47.705934 ], [ 10.730114, 47.681071 ], [ 10.738048, 47.695549 ], [ 10.715888, 47.70548 ], [ 10.71853, 47.712799 ], [ 10.736087, 47.717166 ], [ 10.733113, 47.74414 ], [ 10.749176, 47.758713 ], [ 10.739736, 47.758524 ], [ 10.738715, 47.765642 ], [ 10.774292, 47.765317 ], [ 10.782773, 47.775244 ], [ 10.748895, 47.795323 ], [ 10.75386, 47.807408 ], [ 10.747583, 47.811386 ], [ 10.755415, 47.811449 ], [ 10.752537, 47.81745 ], [ 10.764431, 47.830903 ], [ 10.758298, 47.838571 ], [ 10.770709, 47.848809 ], [ 10.748335, 47.854785 ], [ 10.789581, 47.883929 ], [ 10.771676, 47.883795 ], [ 10.773455, 47.897062 ], [ 10.791456, 47.907409 ], [ 10.778923, 47.906184 ], [ 10.783409, 47.921533 ], [ 10.773918, 47.922006 ], [ 10.772958, 47.930023 ], [ 10.799682, 47.936859 ], [ 10.794516, 47.956307 ], [ 10.807415, 47.958742 ], [ 10.807652, 47.970911 ], [ 10.816286, 47.973071 ], [ 10.815342, 47.984302 ], [ 10.826458, 47.995261 ], [ 10.809173, 48.010547 ], [ 10.815651, 48.030888 ], [ 10.794947, 48.040006 ], [ 10.764897, 48.034237 ], [ 10.75636, 48.040346 ], [ 10.774224, 48.063872 ], [ 10.785824, 48.061631 ], [ 10.78399, 48.076428 ], [ 10.808012, 48.086668 ], [ 10.816269, 48.10207 ], [ 10.801532, 48.10417 ], [ 10.78963, 48.120572 ], [ 10.794615, 48.127957 ], [ 10.785813, 48.149924 ], [ 10.848579, 48.147524 ], [ 10.848227, 48.15862 ], [ 10.860479, 48.157435 ], [ 10.872043, 48.169667 ], [ 10.877071, 48.190633 ], [ 10.890515, 48.191134 ], [ 10.903411, 48.236677 ], [ 10.928079, 48.234599 ], [ 10.947007, 48.219688 ], [ 10.943936, 48.206935 ], [ 10.961005, 48.198917 ], [ 10.988336, 48.210229 ], [ 11.036848, 48.191641 ], [ 11.059219, 48.196142 ], [ 11.060396, 48.213316 ], [ 11.038653, 48.221363 ], [ 11.048976, 48.224153 ], [ 11.037299, 48.2292 ], [ 11.040165, 48.236047 ], [ 11.058782, 48.246231 ], [ 11.044605, 48.254652 ], [ 11.066557, 48.255341 ], [ 11.059647, 48.272719 ], [ 11.071626, 48.281275 ], [ 11.096709, 48.267157 ], [ 11.096209, 48.260318 ], [ 11.115442, 48.267261 ], [ 11.120761, 48.275763 ], [ 11.110308, 48.297336 ], [ 11.126544, 48.301489 ], [ 11.117404, 48.309749 ], [ 11.122084, 48.316385 ], [ 11.129934, 48.324118 ], [ 11.157613, 48.323263 ], [ 11.173647, 48.335735 ], [ 11.161469, 48.347016 ], [ 11.171879, 48.355851 ], [ 11.166005, 48.368896 ], [ 11.183835, 48.366332 ], [ 11.174103, 48.375774 ], [ 11.188336, 48.375908 ], [ 11.198315, 48.38668 ], [ 11.17825, 48.417466 ], [ 11.214344, 48.430537 ], [ 11.239423, 48.430714 ], [ 11.260359, 48.446802 ], [ 11.292561, 48.443051 ], [ 11.311675, 48.452273 ], [ 11.299803, 48.455195 ], [ 11.304008, 48.474321 ], [ 11.276439, 48.473828 ], [ 11.2657, 48.464209 ], [ 11.247985, 48.477306 ], [ 11.248577, 48.485916 ], [ 11.213551, 48.495724 ], [ 11.208668, 48.52748 ], [ 11.126826, 48.553467 ], [ 11.131324, 48.563 ], [ 11.155315, 48.561844 ], [ 11.165074, 48.571744 ], [ 11.155116, 48.5959 ], [ 11.142242, 48.589066 ], [ 11.12557, 48.591853 ], [ 11.115249, 48.608628 ], [ 11.106374, 48.60834 ], [ 11.109249, 48.602672 ], [ 11.050699, 48.601207 ], [ 11.022986, 48.620171 ], [ 11.041062, 48.627108 ], [ 11.031575, 48.639114 ], [ 11.03961, 48.645424 ], [ 11.014798, 48.652673 ], [ 11.019153, 48.657463 ], [ 11.002393, 48.66585 ], [ 10.983959, 48.692862 ], [ 10.990193, 48.700452 ], [ 10.979809, 48.724404 ], [ 10.984263, 48.718575 ], [ 10.98998, 48.726194 ], [ 11.001832, 48.722112 ], [ 10.995528, 48.727698 ], [ 11.004614, 48.730918 ], [ 10.981753, 48.735466 ], [ 10.998435, 48.764539 ], [ 10.97086, 48.768868 ], [ 10.974492, 48.774852 ], [ 10.965253, 48.774351 ], [ 10.986242, 48.790044 ], [ 10.976109, 48.799189 ], [ 10.96022, 48.796 ], [ 10.947425, 48.810791 ], [ 10.978372, 48.809099 ], [ 11.005941, 48.821883 ], [ 10.995353, 48.836023 ], [ 10.998442, 48.843564 ], [ 10.970353, 48.841528 ], [ 10.969243, 48.853933 ], [ 10.984673, 48.860659 ], [ 10.977892, 48.864151 ], [ 10.964594, 48.854809 ], [ 10.931625, 48.862505 ], [ 10.906098, 48.882558 ], [ 10.867658, 48.875586 ], [ 10.87115, 48.882658 ], [ 10.853285, 48.884599 ], [ 10.861155, 48.895198 ], [ 10.820684, 48.897955 ], [ 10.807889, 48.907658 ], [ 10.832522, 48.914941 ], [ 10.825887, 48.931244 ], [ 10.811768, 48.936869 ], [ 10.817673, 48.949464 ], [ 10.770599, 48.926439 ], [ 10.776348, 48.916114 ], [ 10.734817, 48.923918 ], [ 10.72289, 48.900522 ], [ 10.67608, 48.910185 ], [ 10.680278, 48.913554 ], [ 10.669265, 48.922491 ], [ 10.700814, 48.939004 ], [ 10.689025, 48.944196 ], [ 10.692187, 48.959894 ], [ 10.669393, 48.983348 ], [ 10.641522, 48.98133 ], [ 10.631173, 48.992021 ], [ 10.642254, 49.016631 ], [ 10.605628, 49.017525 ], [ 10.598568, 49.031735 ], [ 10.586347, 49.035927 ], [ 10.553301, 49.03314 ], [ 10.545257, 49.025329 ], [ 10.554336, 49.023373 ], [ 10.539236, 49.021833 ], [ 10.54613, 49.009166 ], [ 10.540864, 49.006011 ], [ 10.469003, 49.011762 ], [ 10.424264, 49.004006 ], [ 10.430272, 48.999611 ], [ 10.42191, 48.988047 ], [ 10.431023, 48.981039 ], [ 10.40148, 48.974523 ], [ 10.403681, 48.96679 ], [ 10.424362, 48.963562 ], [ 10.419458, 48.959176 ], [ 10.430902, 48.946303 ], [ 10.451373, 48.938661 ], [ 10.437809, 48.933151 ], [ 10.457107, 48.920548 ], [ 10.44377, 48.908452 ], [ 10.42132, 48.905763 ], [ 10.450216, 48.893089 ], [ 10.452993, 48.884439 ], [ 10.444775, 48.880271 ], [ 10.454107, 48.860301 ], [ 10.452795, 48.85186 ], [ 10.427415, 48.842989 ], [ 10.426268, 48.836921 ], [ 10.449102, 48.830323 ], [ 10.448624, 48.811968 ], [ 10.421084, 48.799412 ], [ 10.434329, 48.789648 ], [ 10.426774, 48.781747 ], [ 10.434266, 48.77623 ], [ 10.42852, 48.76977 ], [ 10.420115, 48.776239 ], [ 10.413101, 48.772088 ], [ 10.428187, 48.755884 ], [ 10.416177, 48.748106 ], [ 10.447884, 48.728044 ], [ 10.450065, 48.734988 ], [ 10.464281, 48.735137 ], [ 10.45574, 48.729046 ], [ 10.483382, 48.708064 ], [ 10.47151, 48.70281 ], [ 10.495083, 48.687247 ], [ 10.481746, 48.686499 ], [ 10.449173, 48.665159 ], [ 10.410639, 48.661034 ], [ 10.408698, 48.66784 ], [ 10.426109, 48.672951 ], [ 10.418721, 48.682272 ], [ 10.422782, 48.690755 ], [ 10.429635, 48.686025 ], [ 10.437394, 48.693102 ], [ 10.431748, 48.699492 ], [ 10.408871, 48.698793 ], [ 10.392032, 48.687161 ], [ 10.389421, 48.667202 ], [ 10.368441, 48.663879 ], [ 10.361129, 48.652827 ], [ 10.351017, 48.654677 ], [ 10.347423, 48.679107 ], [ 10.337429, 48.689022 ], [ 10.3174, 48.688698 ], [ 10.317503, 48.682934 ], [ 10.268707, 48.703547 ], [ 10.27304, 48.685891 ], [ 10.255372, 48.677491 ], [ 10.264849, 48.672142 ], [ 10.2546, 48.666203 ], [ 10.266623, 48.658837 ], [ 10.25953, 48.654892 ], [ 10.280523, 48.646771 ], [ 10.297811, 48.624188 ], [ 10.323095, 48.609133 ], [ 10.297109, 48.60381 ], [ 10.293114, 48.589766 ], [ 10.310082, 48.576515 ], [ 10.314184, 48.556289 ], [ 10.301556, 48.537133 ], [ 10.314839, 48.526509 ], [ 10.296265, 48.516936 ], [ 10.257462, 48.519466 ], [ 10.23078, 48.510511 ] ], [ [ 10.45446, 47.555738 ], [ 10.435384, 47.567686 ], [ 10.432937, 47.581477 ], [ 10.481779, 47.584526 ], [ 10.45446, 47.555738 ] ] ] } },
{ "type": "Feature", "properties": { "name": "Berlin", "area": 891.8186468587985 }, "geometry": { "type": "Polygon", "coordinates": [ [ [ 13.480055, 52.674646 ], [ 13.450841, 52.662722 ], [ 13.473894, 52.656614 ], [ 13.469996, 52.652075 ], [ 13.440932, 52.649123 ], [ 13.424365, 52.63563 ], [ 13.396712, 52.648301 ], [ 13.357296, 52.623175 ], [ 13.302423, 52.627561 ], [ 13.309257, 52.64314 ], [ 13.300378, 52.65347 ], [ 13.310034, 52.657376 ], [ 13.282885, 52.660785 ], [ 13.282441, 52.641295 ], [ 13.262156, 52.640753 ], [ 13.264275, 52.626928 ], [ 13.220683, 52.628179 ], [ 13.201606, 52.606381 ], [ 13.217336, 52.587456 ], [ 13.164263, 52.5989 ], [ 13.128987, 52.587442 ], [ 13.132092, 52.579699 ], [ 13.149603, 52.583311 ], [ 13.152953, 52.572781 ], [ 13.145665, 52.552911 ], [ 13.130617, 52.556354 ], [ 13.117393, 52.516995 ], [ 13.14301, 52.519676 ], [ 13.166458, 52.510124 ], [ 13.117798, 52.478968 ], [ 13.109223, 52.45062 ], [ 13.123177, 52.439365 ], [ 13.088333, 52.419611 ], [ 13.090343, 52.412099 ], [ 13.111571, 52.413137 ], [ 13.111636, 52.404223 ], [ 13.13639, 52.398181 ], [ 13.127465, 52.391595 ], [ 13.133589, 52.386916 ], [ 13.142612, 52.396545 ], [ 13.171522, 52.395833 ], [ 13.157827, 52.396362 ], [ 13.159346, 52.40288 ], [ 13.222288, 52.420357 ], [ 13.245797, 52.420801 ], [ 13.249844, 52.404965 ], [ 13.274458, 52.405137 ], [ 13.29613, 52.416451 ], [ 13.311926, 52.399185 ], [ 13.343249, 52.41162 ], [ 13.372135, 52.393824 ], [ 13.370454, 52.388464 ], [ 13.387217, 52.388584 ], [ 13.388521, 52.377968 ], [ 13.420985, 52.376247 ], [ 13.427585, 52.386824 ], [ 13.418773, 52.409917 ], [ 13.462322, 52.420624 ], [ 13.479885, 52.395997 ], [ 13.538379, 52.400679 ], [ 13.535664, 52.38901 ], [ 13.592762, 52.39417 ], [ 13.604439, 52.374206 ], [ 13.62795, 52.381791 ], [ 13.643365, 52.377391 ], [ 13.647105, 52.366875 ], [ 13.636291, 52.347038 ], [ 13.651723, 52.339458 ], [ 13.67108, 52.366356 ], [ 13.699997, 52.375121 ], [ 13.686712, 52.385818 ], [ 13.734538, 52.401976 ], [ 13.738749, 52.407322 ], [ 13.729514, 52.417393 ], [ 13.741385, 52.426916 ], [ 13.737959, 52.434138 ], [ 13.750536, 52.441459 ], [ 13.759587, 52.436272 ], [ 13.759029, 52.442579 ], [ 13.701324, 52.468145 ], [ 13.705365, 52.455766 ], [ 13.698433, 52.45508 ], [ 13.696825, 52.46416 ], [ 13.648215, 52.478782 ], [ 13.625509, 52.468357 ], [ 13.611517, 52.470627 ], [ 13.6308, 52.49412 ], [ 13.624671, 52.495184 ], [ 13.633319, 52.511826 ], [ 13.656896, 52.52987 ], [ 13.625907, 52.530146 ], [ 13.635359, 52.541629 ], [ 13.585387, 52.548472 ], [ 13.58154, 52.570882 ], [ 13.547112, 52.587885 ], [ 13.508154, 52.592183 ], [ 13.496752, 52.605094 ], [ 13.5231, 52.64543 ], [ 13.490831, 52.654729 ], [ 13.488219, 52.670551 ], [ 13.475648, 52.666281 ], [ 13.480055, 52.674646 ] ] ] } },
{ "type": "Feature", "properties": { "name": "Brandenburg", "area": 29654.068821840749 }, "geometry": { "type": "MultiPolygon", "coordinates": [ [ [ [ 13.19975, 51.433226 ], [ 13.217309, 51.395056 ], [ 13.250655, 51.394109 ], [ 13.268543, 51.384793 ], [ 13.259984, 51.400399 ], [ 13.286355, 51.399288 ], [ 13.286672, 51.411383 ], [ 13.328344, 51.426642 ], [ 13.320323, 51.4375 ], [ 13.333354, 51.437441 ], [ 13.337948, 51.429165 ], [ 13.35835, 51.433971 ], [ 13.376648, 51.424611 ], [ 13.383076, 51.428057 ], [ 13.372939, 51.437796 ], [ 13.382146, 51.436046 ], [ 13.40105, 51.454172 ], [ 13.42815, 51.431245 ], [ 13.421425, 51.421505 ], [ 13.446058, 51.425957 ], [ 13.443494, 51.428765 ], [ 13.445913, 51.43145 ], [ 13.450052, 51.423008 ], [ 13.463308, 51.426262 ], [ 13.473786, 51.417881 ], [ 13.465533, 51.421775 ], [ 13.463282, 51.411754 ], [ 13.521218, 51.402057 ], [ 13.523118, 51.381026 ], [ 13.537766, 51.381046 ], [ 13.542628, 51.369316 ], [ 13.569962, 51.385666 ], [ 13.589855, 51.384235 ], [ 13.594063, 51.369356 ], [ 13.661452, 51.368975 ], [ 13.668404, 51.376126 ], [ 13.682765, 51.367615 ], [ 13.691251, 51.374013 ], [ 13.739111, 51.361202 ], [ 13.766615, 51.370724 ], [ 13.763253, 51.35902 ], [ 13.787941, 51.370907 ], [ 13.818972, 51.369499 ], [ 13.835313, 51.37679 ], [ 13.833191, 51.383839 ], [ 13.883068, 51.375117 ], [ 13.961032, 51.397187 ], [ 13.972344, 51.393822 ], [ 13.970209, 51.375841 ], [ 14.000697, 51.372596 ], [ 13.996318, 51.382608 ], [ 14.008315, 51.391981 ], [ 14.003564, 51.395612 ], [ 14.028091, 51.395936 ], [ 14.015904, 51.405138 ], [ 14.04459, 51.418754 ], [ 14.038245, 51.428444 ], [ 14.046241, 51.429135 ], [ 14.038162, 51.435578 ], [ 14.062837, 51.445506 ], [ 14.052588, 51.452508 ], [ 14.055292, 51.460948 ], [ 14.033006, 51.475102 ], [ 14.087258, 51.477397 ], [ 14.073822, 51.492667 ], [ 14.09567, 51.498717 ], [ 14.107797, 51.521761 ], [ 14.142359, 51.522804 ], [ 14.12973, 51.533861 ], [ 14.136709, 51.543309 ], [ 14.213018, 51.539812 ], [ 14.247044, 51.527842 ], [ 14.274005, 51.53213 ], [ 14.322918, 51.519426 ], [ 14.33235, 51.505018 ], [ 14.342118, 51.510844 ], [ 14.339931, 51.520762 ], [ 14.386689, 51.534021 ], [ 14.387158, 51.541771 ], [ 14.447771, 51.542069 ], [ 14.446735, 51.552728 ], [ 14.45407, 51.556372 ], [ 14.515454, 51.554235 ], [ 14.545185, 51.561777 ], [ 14.544438, 51.573615 ], [ 14.569635, 51.58119 ], [ 14.599026, 51.57175 ], [ 14.609887, 51.55015 ], [ 14.674013, 51.550645 ], [ 14.691142, 51.562786 ], [ 14.692759, 51.576335 ], [ 14.706452, 51.57646 ], [ 14.696648, 51.596661 ], [ 14.711164, 51.595765 ], [ 14.729866, 51.581777 ], [ 14.76491, 51.607044 ], [ 14.753313, 51.628009 ], [ 14.750979, 51.652261 ], [ 14.757752, 51.661046 ], [ 14.737013, 51.679427 ], [ 14.738171, 51.687062 ], [ 14.668124, 51.72583 ], [ 14.656215, 51.741305 ], [ 14.664138, 51.756705 ], [ 14.650457, 51.762078 ], [ 14.653823, 51.783566 ], [ 14.645894, 51.795088 ], [ 14.606714, 51.804039 ], [ 14.590144, 51.82101 ], [ 14.590158, 51.838146 ], [ 14.605199, 51.840415 ], [ 14.60414, 51.847888 ], [ 14.611885, 51.845052 ], [ 14.611002, 51.857012 ], [ 14.643357, 51.866869 ], [ 14.663117, 51.890513 ], [ 14.694259, 51.901985 ], [ 14.703368, 51.930847 ], [ 14.721231, 51.951162 ], [ 14.704708, 51.976619 ], [ 14.721393, 51.993818 ], [ 14.71405, 52.003692 ], [ 14.748263, 52.03183 ], [ 14.745243, 52.05385 ], [ 14.759043, 52.064762 ], [ 14.741284, 52.085228 ], [ 14.700347, 52.098119 ], [ 14.681595, 52.116652 ], [ 14.679585, 52.14493 ], [ 14.705415, 52.169626 ], [ 14.685177, 52.194084 ], [ 14.708388, 52.211747 ], [ 14.715747, 52.235884 ], [ 14.692154, 52.255946 ], [ 14.596478, 52.272933 ], [ 14.57604, 52.288367 ], [ 14.584922, 52.306458 ], [ 14.576201, 52.321482 ], [ 14.561028, 52.328608 ], [ 14.552123, 52.374054 ], [ 14.534357, 52.395008 ], [ 14.549527, 52.433623 ], [ 14.579237, 52.441751 ], [ 14.634541, 52.492337 ], [ 14.631681, 52.501812 ], [ 14.612735, 52.510387 ], [ 14.603921, 52.53134 ], [ 14.615711, 52.554211 ], [ 14.639111, 52.572999 ], [ 14.613709, 52.586612 ], [ 14.596155, 52.610662 ], [ 14.465105, 52.661326 ], [ 14.45775, 52.67393 ], [ 14.433023, 52.681473 ], [ 14.423988, 52.696174 ], [ 14.351042, 52.751507 ], [ 14.27881, 52.774454 ], [ 14.21749, 52.816872 ], [ 14.143262, 52.823851 ], [ 14.122927, 52.837657 ], [ 14.129849, 52.852717 ], [ 14.157714, 52.874754 ], [ 14.161596, 52.888095 ], [ 14.142646, 52.933249 ], [ 14.143658, 52.961365 ], [ 14.291619, 53.02001 ], [ 14.345426, 53.051712 ], [ 14.366157, 53.079367 ], [ 14.387737, 53.143026 ], [ 14.366255, 53.171989 ], [ 14.377273, 53.201748 ], [ 14.405217, 53.21023 ], [ 14.408496, 53.223204 ], [ 14.450268, 53.260558 ], [ 14.445298, 53.274445 ], [ 14.421217, 53.276137 ], [ 14.406775, 53.308711 ], [ 14.412381, 53.329593 ], [ 14.34866, 53.30997 ], [ 14.316569, 53.312336 ], [ 14.301854, 53.286224 ], [ 14.262189, 53.276602 ], [ 14.266048, 53.259595 ], [ 14.211058, 53.254814 ], [ 14.160239, 53.267811 ], [ 14.098817, 53.261672 ], [ 14.109653, 53.282638 ], [ 14.223407, 53.358563 ], [ 14.243144, 53.392321 ], [ 14.237712, 53.427342 ], [ 14.224661, 53.434248 ], [ 14.205911, 53.423027 ], [ 14.176962, 53.422867 ], [ 14.121844, 53.441708 ], [ 14.105426, 53.422426 ], [ 14.082224, 53.410912 ], [ 14.050578, 53.413988 ], [ 14.045604, 53.429425 ], [ 14.001217, 53.434992 ], [ 13.916373, 53.422266 ], [ 13.902894, 53.432025 ], [ 13.918213, 53.455998 ], [ 13.875592, 53.473466 ], [ 13.88459, 53.485337 ], [ 13.873925, 53.490595 ], [ 13.879268, 53.50414 ], [ 13.821728, 53.51811 ], [ 13.798463, 53.54569 ], [ 13.800571, 53.558255 ], [ 13.791347, 53.558578 ], [ 13.776376, 53.53129 ], [ 13.777657, 53.513705 ], [ 13.792463, 53.510942 ], [ 13.80146, 53.497956 ], [ 13.827102, 53.498714 ], [ 13.812079, 53.483944 ], [ 13.778939, 53.474215 ], [ 13.741373, 53.485807 ], [ 13.7154, 53.482261 ], [ 13.662562, 53.45774 ], [ 13.65129, 53.443691 ], [ 13.6405, 53.447239 ], [ 13.6373, 53.432584 ], [ 13.628841, 53.432 ], [ 13.636017, 53.423519 ], [ 13.625217, 53.409303 ], [ 13.610509, 53.413759 ], [ 13.550112, 53.399081 ], [ 13.546207, 53.394195 ], [ 13.556587, 53.391563 ], [ 13.550207, 53.380936 ], [ 13.55637, 53.376092 ], [ 13.543425, 53.364032 ], [ 13.525997, 53.366347 ], [ 13.516854, 53.352093 ], [ 13.525261, 53.35102 ], [ 13.523531, 53.320085 ], [ 13.510114, 53.317449 ], [ 13.502843, 53.327333 ], [ 13.507267, 53.316233 ], [ 13.483064, 53.291203 ], [ 13.461283, 53.288693 ], [ 13.456185, 53.297955 ], [ 13.438208, 53.299733 ], [ 13.434136, 53.289939 ], [ 13.442401, 53.286485 ], [ 13.407684, 53.262631 ], [ 13.405175, 53.246418 ], [ 13.386534, 53.244055 ], [ 13.360451, 53.277999 ], [ 13.337076, 53.273428 ], [ 13.297802, 53.280893 ], [ 13.275314, 53.265061 ], [ 13.252714, 53.262305 ], [ 13.243751, 53.248691 ], [ 13.251243, 53.24739 ], [ 13.229392, 53.216587 ], [ 13.202681, 53.222121 ], [ 13.181914, 53.250734 ], [ 13.15255, 53.246038 ], [ 13.152221, 53.251114 ], [ 13.132977, 53.237318 ], [ 13.109926, 53.240228 ], [ 13.103262, 53.23554 ], [ 13.106564, 53.215153 ], [ 13.08727, 53.2154 ], [ 13.079533, 53.200184 ], [ 13.042415, 53.196499 ], [ 13.018727, 53.185246 ], [ 13.020037, 53.17571 ], [ 13.006204, 53.167285 ], [ 12.980466, 53.162527 ], [ 12.961514, 53.177738 ], [ 12.941998, 53.174315 ], [ 12.979434, 53.190552 ], [ 12.975855, 53.197898 ], [ 12.947981, 53.19903 ], [ 12.937115, 53.194316 ], [ 12.941163, 53.185745 ], [ 12.919966, 53.186377 ], [ 12.93038, 53.192768 ], [ 12.925316, 53.19598 ], [ 12.905078, 53.193951 ], [ 12.88011, 53.17969 ], [ 12.845979, 53.201402 ], [ 12.764381, 53.188931 ], [ 12.739493, 53.199602 ], [ 12.757411, 53.224353 ], [ 12.671179, 53.229505 ], [ 12.663967, 53.234951 ], [ 12.675658, 53.247719 ], [ 12.665691, 53.253291 ], [ 12.628419, 53.254555 ], [ 12.606047, 53.244395 ], [ 12.529768, 53.264788 ], [ 12.445312, 53.249928 ], [ 12.428009, 53.274988 ], [ 12.391832, 53.285057 ], [ 12.394248, 53.301805 ], [ 12.310765, 53.327242 ], [ 12.260207, 53.323912 ], [ 12.23643, 53.341979 ], [ 12.229435, 53.358161 ], [ 12.19112, 53.353951 ], [ 12.186848, 53.343335 ], [ 12.16856, 53.339117 ], [ 12.151951, 53.361505 ], [ 12.139441, 53.361417 ], [ 12.13445, 53.34843 ], [ 12.092089, 53.344856 ], [ 12.082078, 53.346299 ], [ 12.077547, 53.369387 ], [ 12.061623, 53.371419 ], [ 12.045285, 53.370988 ], [ 12.057339, 53.349342 ], [ 12.014611, 53.334424 ], [ 12.022075, 53.321289 ], [ 12.01853, 53.299595 ], [ 11.997067, 53.293906 ], [ 11.973858, 53.299159 ], [ 11.948063, 53.27177 ], [ 11.892603, 53.278981 ], [ 11.889861, 53.269051 ], [ 11.861747, 53.248217 ], [ 11.796067, 53.253348 ], [ 11.82961, 53.236508 ], [ 11.828894, 53.228655 ], [ 11.769071, 53.227491 ], [ 11.72933, 53.217152 ], [ 11.727527, 53.231665 ], [ 11.714625, 53.230508 ], [ 11.700018, 53.243978 ], [ 11.629237, 53.242225 ], [ 11.588957, 53.215841 ], [ 11.551586, 53.208407 ], [ 11.56058, 53.202673 ], [ 11.557824, 53.184859 ], [ 11.56708, 53.182495 ], [ 11.562553, 53.175827 ], [ 11.569365, 53.166095 ], [ 11.550083, 53.151074 ], [ 11.555962, 53.138779 ], [ 11.534572, 53.125318 ], [ 11.502223, 53.121386 ], [ 11.47343, 53.127251 ], [ 11.473707, 53.134609 ], [ 11.460835, 53.140231 ], [ 11.421764, 53.140948 ], [ 11.395628, 53.14 ], [ 11.391801, 53.129654 ], [ 11.400568, 53.115818 ], [ 11.393768, 53.110303 ], [ 11.265732, 53.121978 ], [ 11.273159, 53.097219 ], [ 11.340204, 53.054757 ], [ 11.448379, 53.078382 ], [ 11.511168, 53.047931 ], [ 11.548104, 53.052393 ], [ 11.584662, 53.035307 ], [ 11.637581, 53.0395 ], [ 11.641497, 53.032855 ], [ 11.626327, 53.012647 ], [ 11.645753, 53.005384 ], [ 11.677165, 53.008137 ], [ 11.690241, 52.979126 ], [ 11.74379, 52.988545 ], [ 11.764193, 52.981411 ], [ 11.786304, 52.960958 ], [ 11.84603, 52.9516 ], [ 11.847927, 52.941032 ], [ 11.823092, 52.923258 ], [ 11.833998, 52.910361 ], [ 11.871508, 52.908874 ], [ 11.897335, 52.893362 ], [ 11.932253, 52.891579 ], [ 11.98155, 52.876029 ], [ 12.022614, 52.89037 ], [ 12.112623, 52.875729 ], [ 12.124601, 52.893586 ], [ 12.120213, 52.875514 ], [ 12.133116, 52.865776 ], [ 12.123715, 52.853796 ], [ 12.196937, 52.877978 ], [ 12.209955, 52.862417 ], [ 12.217391, 52.865984 ], [ 12.234057, 52.859378 ], [ 12.24367, 52.820685 ], [ 12.257536, 52.804908 ], [ 12.24466, 52.787224 ], [ 12.220176, 52.790128 ], [ 12.223507, 52.775696 ], [ 12.213132, 52.773607 ], [ 12.214869, 52.763996 ], [ 12.205958, 52.760911 ], [ 12.223169, 52.739747 ], [ 12.201294, 52.729004 ], [ 12.205957, 52.726514 ], [ 12.197549, 52.718375 ], [ 12.209844, 52.717622 ], [ 12.203919, 52.713353 ], [ 12.224185, 52.702785 ], [ 12.217542, 52.699822 ], [ 12.220879, 52.690439 ], [ 12.232877, 52.689044 ], [ 12.226812, 52.683797 ], [ 12.239352, 52.671736 ], [ 12.232524, 52.653611 ], [ 12.23789, 52.645556 ], [ 12.231002, 52.63989 ], [ 12.236873, 52.628877 ], [ 12.203537, 52.618746 ], [ 12.17197, 52.625947 ], [ 12.173385, 52.582255 ], [ 12.181078, 52.575177 ], [ 12.15931, 52.56099 ], [ 12.141811, 52.528394 ], [ 12.173888, 52.538692 ], [ 12.188689, 52.532423 ], [ 12.167295, 52.514985 ], [ 12.184704, 52.495776 ], [ 12.221679, 52.500665 ], [ 12.236117, 52.52372 ], [ 12.258216, 52.517885 ], [ 12.259922, 52.504233 ], [ 12.270083, 52.500998 ], [ 12.262452, 52.49547 ], [ 12.271445, 52.487481 ], [ 12.329889, 52.49686 ], [ 12.308295, 52.48029 ], [ 12.330782, 52.478556 ], [ 12.325116, 52.464231 ], [ 12.315081, 52.46046 ], [ 12.316684, 52.452385 ], [ 12.304343, 52.450502 ], [ 12.302675, 52.434493 ], [ 12.289252, 52.430695 ], [ 12.29699, 52.423778 ], [ 12.27447, 52.416062 ], [ 12.302326, 52.405013 ], [ 12.291807, 52.386144 ], [ 12.30599, 52.377433 ], [ 12.283811, 52.364255 ], [ 12.308128, 52.344697 ], [ 12.262765, 52.295072 ], [ 12.244648, 52.248438 ], [ 12.275314, 52.237203 ], [ 12.261745, 52.236099 ], [ 12.264533, 52.233547 ], [ 12.297277, 52.227545 ], [ 12.248921, 52.211737 ], [ 12.245249, 52.207389 ], [ 12.253675, 52.205646 ], [ 12.2418, 52.194277 ], [ 12.248292, 52.184223 ], [ 12.228585, 52.185985 ], [ 12.216783, 52.170069 ], [ 12.234004, 52.162794 ], [ 12.231304, 52.154951 ], [ 12.24532, 52.138733 ], [ 12.26511, 52.13066 ], [ 12.276724, 52.104018 ], [ 12.315824, 52.092372 ], [ 12.32903, 52.069632 ], [ 12.359777, 52.0465 ], [ 12.389599, 52.043566 ], [ 12.430228, 52.018306 ], [ 12.450002, 52.016213 ], [ 12.460758, 52.034721 ], [ 12.480615, 52.033335 ], [ 12.484956, 52.01715 ], [ 12.498827, 52.008923 ], [ 12.536307, 52.00288 ], [ 12.539395, 51.984889 ], [ 12.603019, 51.981087 ], [ 12.61516, 51.982281 ], [ 12.614397, 51.991723 ], [ 12.644748, 51.99438 ], [ 12.648597, 52.008311 ], [ 12.669187, 52.012881 ], [ 12.774325, 51.97836 ], [ 12.777613, 51.964591 ], [ 12.844154, 51.967734 ], [ 12.85273, 51.935005 ], [ 12.888172, 51.934769 ], [ 12.890424, 51.92838 ], [ 12.917462, 51.932691 ], [ 12.918372, 51.93936 ], [ 12.960568, 51.934911 ], [ 12.955974, 51.922657 ], [ 12.976536, 51.919863 ], [ 12.972665, 51.900881 ], [ 13.045408, 51.900515 ], [ 13.048538, 51.89186 ], [ 13.029164, 51.881042 ], [ 13.039239, 51.870912 ], [ 13.080548, 51.867478 ], [ 13.124465, 51.882948 ], [ 13.149604, 51.872331 ], [ 13.150913, 51.85961 ], [ 13.123536, 51.854593 ], [ 13.14209, 51.820655 ], [ 13.163011, 51.802018 ], [ 13.157995, 51.788448 ], [ 13.170104, 51.787024 ], [ 13.147482, 51.766639 ], [ 13.163295, 51.754936 ], [ 13.15401, 51.744248 ], [ 13.179535, 51.731171 ], [ 13.187072, 51.715625 ], [ 13.165479, 51.717556 ], [ 13.17011, 51.708087 ], [ 13.154431, 51.710065 ], [ 13.161745, 51.690602 ], [ 13.051025, 51.647677 ], [ 13.086304, 51.608135 ], [ 13.121025, 51.618888 ], [ 13.143777, 51.597873 ], [ 13.154955, 51.600197 ], [ 13.161772, 51.592148 ], [ 13.143169, 51.567461 ], [ 13.185572, 51.558075 ], [ 13.190055, 51.53959 ], [ 13.207957, 51.524353 ], [ 13.207042, 51.504937 ], [ 13.196534, 51.494471 ], [ 13.201294, 51.491717 ], [ 13.182297, 51.491959 ], [ 13.182922, 51.471341 ], [ 13.20308, 51.458732 ], [ 13.203122, 51.451013 ], [ 13.174277, 51.429398 ], [ 13.184649, 51.423787 ], [ 13.189424, 51.434256 ], [ 13.19975, 51.433226 ] ], [ [ 13.480055, 52.674646 ], [ 13.475648, 52.666281 ], [ 13.488219, 52.670551 ], [ 13.490831, 52.654729 ], [ 13.5231, 52.64543 ], [ 13.496752, 52.605094 ], [ 13.508154, 52.592183 ], [ 13.547112, 52.587885 ], [ 13.58154, 52.570882 ], [ 13.585387, 52.548472 ], [ 13.635359, 52.541629 ], [ 13.625907, 52.530146 ], [ 13.656896, 52.52987 ], [ 13.633319, 52.511826 ], [ 13.624671, 52.495184 ], [ 13.6308, 52.49412 ], [ 13.611517, 52.470627 ], [ 13.625509, 52.468357 ], [ 13.648215, 52.478782 ], [ 13.696825, 52.46416 ], [ 13.698433, 52.45508 ], [ 13.705365, 52.455766 ], [ 13.701324, 52.468145 ], [ 13.759029, 52.442579 ], [ 13.759587, 52.436272 ], [ 13.750536, 52.441459 ], [ 13.737959, 52.434138 ], [ 13.741385, 52.426916 ], [ 13.729514, 52.417393 ], [ 13.738749, 52.407322 ], [ 13.734538, 52.401976 ], [ 13.686712, 52.385818 ], [ 13.699997, 52.375121 ], [ 13.67108, 52.366356 ], [ 13.651723, 52.339458 ], [ 13.636291, 52.347038 ], [ 13.647105, 52.366875 ], [ 13.643365, 52.377391 ], [ 13.62795, 52.381791 ], [ 13.604439, 52.374206 ], [ 13.592762, 52.39417 ], [ 13.535664, 52.38901 ], [ 13.538379, 52.400679 ], [ 13.479885, 52.395997 ], [ 13.462322, 52.420624 ], [ 13.418773, 52.409917 ], [ 13.427585, 52.386824 ], [ 13.420985, 52.376247 ], [ 13.388521, 52.377968 ], [ 13.387217, 52.388584 ], [ 13.370454, 52.388464 ], [ 13.372135, 52.393824 ], [ 13.343249, 52.41162 ], [ 13.311926, 52.399185 ], [ 13.29613, 52.416451 ], [ 13.274458, 52.405137 ], [ 13.249844, 52.404965 ], [ 13.245797, 52.420801 ], [ 13.222288, 52.420357 ], [ 13.159346, 52.40288 ], [ 13.157827, 52.396362 ], [ 13.171522, 52.395833 ], [ 13.142612, 52.396545 ], [ 13.133589, 52.386916 ], [ 13.127465, 52.391595 ], [ 13.13639, 52.398181 ], [ 13.111636, 52.404223 ], [ 13.111571, 52.413137 ], [ 13.090343, 52.412099 ], [ 13.088333, 52.419611 ], [ 13.123177, 52.439365 ], [ 13.109223, 52.45062 ], [ 13.117798, 52.478968 ], [ 13.166458, 52.510124 ], [ 13.14301, 52.519676 ], [ 13.117393, 52.516995 ], [ 13.130617, 52.556354 ], [ 13.145665, 52.552911 ], [ 13.152953, 52.572781 ], [ 13.149603, 52.583311 ], [ 13.132092, 52.579699 ], [ 13.128987, 52.587442 ], [ 13.164263, 52.5989 ], [ 13.217336, 52.587456 ], [ 13.201606, 52.606381 ], [ 13.220683, 52.628179 ], [ 13.264275, 52.626928 ], [ 13.262156, 52.640753 ], [ 13.282441, 52.641295 ], [ 13.282885, 52.660785 ], [ 13.310034, 52.657376 ], [ 13.300378, 52.65347 ], [ 13.309257, 52.64314 ], [ 13.302423, 52.627561 ], [ 13.357296, 52.623175 ], [ 13.396712, 52.648301 ], [ 13.424365, 52.63563 ], [ 13.440932, 52.649123 ], [ 13.469996, 52.652075 ], [ 13.473894, 52.656614 ], [ 13.450841, 52.662722 ], [ 13.480055, 52.674646 ] ] ], [ [ [ 12.270474, 52.231103 ], [ 12.264446, 52.231713 ], [ 12.275204, 52.231051 ], [ 12.270474, 52.231103 ] ] ], [ [ [ 12.285081, 52.227017 ], [ 12.279125, 52.229418 ], [ 12.276546, 52.228296 ], [ 12.285081, 52.227017 ] ] ], [ [ [ 12.217115, 52.861993 ], [ 12.222308, 52.862549 ], [ 12.221316, 52.863813 ], [ 12.217115, 52.861993 ] ] ] ] } },
{ "type": "Feature", "properties": { "name": "Bremen", "area": 420.25791490889583 }, "geometry": { "type": "MultiPolygon", "coordinates": [ [ [ [ 8.615218, 53.195911 ], [ 8.613038, 53.198566 ], [ 8.611903, 53.197442 ], [ 8.615218, 53.195911 ] ] ], [ [ [ 8.891157, 53.01539 ], [ 8.935916, 53.013667 ], [ 8.93813, 53.024986 ], [ 8.980267, 53.046747 ], [ 8.963729, 53.057426 ], [ 8.961377, 53.085218 ], [ 8.990913, 53.096673 ], [ 8.962989, 53.100299 ], [ 8.947018, 53.116101 ], [ 8.984185, 53.126071 ], [ 8.956631, 53.147241 ], [ 8.940009, 53.15211 ], [ 8.912143, 53.132619 ], [ 8.90393, 53.138176 ], [ 8.864023, 53.131724 ], [ 8.829227, 53.164376 ], [ 8.775396, 53.158684 ], [ 8.741246, 53.164636 ], [ 8.743082, 53.172277 ], [ 8.728652, 53.180224 ], [ 8.714396, 53.183002 ], [ 8.706293, 53.175421 ], [ 8.699358, 53.185479 ], [ 8.663828, 53.176244 ], [ 8.627994, 53.198372 ], [ 8.593251, 53.183634 ], [ 8.580352, 53.190028 ], [ 8.581098, 53.198707 ], [ 8.599039, 53.212546 ], [ 8.578478, 53.21727 ], [ 8.553699, 53.207806 ], [ 8.517334, 53.228497 ], [ 8.481735, 53.22645 ], [ 8.504712, 53.200786 ], [ 8.533268, 53.187347 ], [ 8.619465, 53.167521 ], [ 8.631067, 53.138176 ], [ 8.651967, 53.116445 ], [ 8.657681, 53.118492 ], [ 8.654899, 53.108865 ], [ 8.669831, 53.102975 ], [ 8.666494, 53.091559 ], [ 8.709155, 53.075908 ], [ 8.706927, 53.05195 ], [ 8.718621, 53.040289 ], [ 8.756271, 53.038781 ], [ 8.770705, 53.053407 ], [ 8.778298, 53.039667 ], [ 8.82342, 53.020927 ], [ 8.849841, 53.023371 ], [ 8.850792, 53.016608 ], [ 8.866756, 53.022117 ], [ 8.861867, 53.036178 ], [ 8.867006, 53.040833 ], [ 8.867235, 53.033004 ], [ 8.891157, 53.01539 ] ] ], [ [ [ 8.492652, 53.47242 ], [ 8.57376, 53.488643 ], [ 8.605905, 53.484234 ], [ 8.650555, 53.510782 ], [ 8.638656, 53.534954 ], [ 8.646354, 53.555546 ], [ 8.63086, 53.55569 ], [ 8.616803, 53.57437 ], [ 8.650632, 53.602565 ], [ 8.623296, 53.605333 ], [ 8.592283, 53.592933 ], [ 8.533651, 53.607618 ], [ 8.483202, 53.600499 ], [ 8.503567, 53.57238 ], [ 8.557317, 53.530754 ], [ 8.548105, 53.519941 ], [ 8.552684, 53.516176 ], [ 8.503488, 53.492967 ], [ 8.492652, 53.47242 ] ] ], [ [ [ 8.653535, 53.610051 ], [ 8.643769, 53.605473 ], [ 8.660884, 53.607086 ], [ 8.653535, 53.610051 ] ] ] ] } },
{ "type": "Feature", "properties": { "name": "Hamburg", "area": 752.45937056301943 }, "geometry": { "type": "MultiPolygon", "coordinates": [ [ [ [ 10.260041, 53.418524 ], [ 10.31819, 53.435331 ], [ 10.315488, 53.441087 ], [ 10.325959, 53.44964 ], [ 10.311646, 53.452323 ], [ 10.301646, 53.443195 ], [ 10.26929, 53.464109 ], [ 10.264326, 53.47514 ], [ 10.238367, 53.483264 ], [ 10.236679, 53.496354 ], [ 10.218607, 53.499055 ], [ 10.223945, 53.505771 ], [ 10.210601, 53.520047 ], [ 10.189709, 53.512631 ], [ 10.164643, 53.519939 ], [ 10.166903, 53.537319 ], [ 10.152583, 53.539793 ], [ 10.160539, 53.557683 ], [ 10.148368, 53.563975 ], [ 10.152558, 53.577901 ], [ 10.161723, 53.585699 ], [ 10.20145, 53.584076 ], [ 10.188952, 53.613014 ], [ 10.221761, 53.633723 ], [ 10.189665, 53.638381 ], [ 10.198619, 53.646436 ], [ 10.196056, 53.654704 ], [ 10.141212, 53.678153 ], [ 10.159455, 53.690819 ], [ 10.157523, 53.705029 ], [ 10.181588, 53.709197 ], [ 10.191638, 53.722897 ], [ 10.193671, 53.731015 ], [ 10.168237, 53.738236 ], [ 10.121056, 53.713395 ], [ 10.081842, 53.72042 ], [ 10.069519, 53.711168 ], [ 10.077505, 53.699749 ], [ 10.06067, 53.688397 ], [ 10.069265, 53.679451 ], [ 9.998696, 53.681467 ], [ 9.985599, 53.647235 ], [ 9.905366, 53.652194 ], [ 9.889685, 53.622327 ], [ 9.828782, 53.585291 ], [ 9.797516, 53.596101 ], [ 9.789554, 53.603972 ], [ 9.798123, 53.607516 ], [ 9.770634, 53.61623 ], [ 9.770294, 53.627462 ], [ 9.763673, 53.627495 ], [ 9.753535, 53.612994 ], [ 9.759101, 53.610925 ], [ 9.755618, 53.602529 ], [ 9.743436, 53.597576 ], [ 9.74726, 53.591775 ], [ 9.736263, 53.581852 ], [ 9.742487, 53.578206 ], [ 9.730104, 53.557581 ], [ 9.774389, 53.554323 ], [ 9.765442, 53.541115 ], [ 9.77832, 53.519461 ], [ 9.771585, 53.522756 ], [ 9.763794, 53.508107 ], [ 9.784525, 53.500012 ], [ 9.782232, 53.491464 ], [ 9.802426, 53.493252 ], [ 9.799804, 53.469637 ], [ 9.862387, 53.429877 ], [ 9.860421, 53.438062 ], [ 9.86912, 53.444584 ], [ 9.904411, 53.456794 ], [ 9.921486, 53.43655 ], [ 9.906566, 53.415791 ], [ 9.942016, 53.421052 ], [ 9.949212, 53.43095 ], [ 9.984433, 53.415414 ], [ 10.029273, 53.435164 ], [ 10.014613, 53.442201 ], [ 10.020945, 53.446863 ], [ 10.045739, 53.446741 ], [ 10.042038, 53.456808 ], [ 10.051811, 53.463919 ], [ 10.084602, 53.450401 ], [ 10.108736, 53.426674 ], [ 10.136396, 53.422232 ], [ 10.175689, 53.396583 ], [ 10.236568, 53.395754 ], [ 10.260041, 53.418524 ] ] ], [ [ [ 8.517094, 53.92057 ], [ 8.491131, 53.928671 ], [ 8.486976, 53.913912 ], [ 8.517094, 53.92057 ] ] ], [ [ [ 8.458235, 53.957073 ], [ 8.437991, 53.963959 ], [ 8.437833, 53.953572 ], [ 8.419951, 53.947801 ], [ 8.431292, 53.944528 ], [ 8.458235, 53.957073 ] ] ] ] } },
{ "type": "Feature", "properties": { "name": "Darmstadt", "area": 7443.7467979846142 }, "geometry": { "type": "MultiPolygon", "coordinates": [ [ [ [ 9.103006, 49.577456 ], [ 9.08299, 49.601987 ], [ 9.066381, 49.602365 ], [ 9.065138, 49.617319 ], [ 9.102012, 49.64221 ], [ 9.103419, 49.660431 ], [ 9.08886, 49.669023 ], [ 9.089638, 49.693346 ], [ 9.126109, 49.69998 ], [ 9.122543, 49.714842 ], [ 9.134528, 49.71668 ], [ 9.150809, 49.742851 ], [ 9.106914, 49.758661 ], [ 9.113365, 49.773731 ], [ 9.134484, 49.782247 ], [ 9.131666, 49.794928 ], [ 9.10814, 49.79798 ], [ 9.09088, 49.790655 ], [ 9.076993, 49.818223 ], [ 9.086665, 49.826438 ], [ 9.077533, 49.834612 ], [ 9.090088, 49.840968 ], [ 9.084731, 49.847506 ], [ 9.063957, 49.831759 ], [ 9.052839, 49.840003 ], [ 9.059516, 49.847028 ], [ 9.037652, 49.842564 ], [ 9.043705, 49.855543 ], [ 9.033336, 49.866467 ], [ 9.050453, 49.867572 ], [ 9.038429, 49.876218 ], [ 9.031878, 49.909361 ], [ 9.02336, 49.910137 ], [ 9.032264, 49.924689 ], [ 9.019036, 49.94705 ], [ 9.026372, 49.955091 ], [ 9.015714, 49.989023 ], [ 9.022987, 49.997054 ], [ 9.03019, 49.990604 ], [ 9.04882, 49.992266 ], [ 9.035538, 50.001837 ], [ 9.039817, 50.010373 ], [ 9.031025, 50.020132 ], [ 9.031344, 50.039574 ], [ 8.97648, 50.04717 ], [ 8.999283, 50.069367 ], [ 8.997391, 50.09158 ], [ 9.018261, 50.111604 ], [ 9.089306, 50.116804 ], [ 9.09823, 50.126417 ], [ 9.117457, 50.126624 ], [ 9.144958, 50.114112 ], [ 9.153609, 50.117931 ], [ 9.154371, 50.107393 ], [ 9.143367, 50.096983 ], [ 9.149211, 50.090639 ], [ 9.162546, 50.098186 ], [ 9.174559, 50.11948 ], [ 9.191594, 50.127487 ], [ 9.183269, 50.137902 ], [ 9.221866, 50.149417 ], [ 9.25256, 50.13948 ], [ 9.285897, 50.141665 ], [ 9.307612, 50.133408 ], [ 9.327428, 50.14106 ], [ 9.341584, 50.131282 ], [ 9.373621, 50.130964 ], [ 9.394463, 50.097486 ], [ 9.413111, 50.08406 ], [ 9.512464, 50.094356 ], [ 9.519259, 50.114039 ], [ 9.507571, 50.145557 ], [ 9.531202, 50.16085 ], [ 9.528152, 50.168139 ], [ 9.498105, 50.175544 ], [ 9.501479, 50.193048 ], [ 9.516205, 50.199612 ], [ 9.49477, 50.226672 ], [ 9.498855, 50.241024 ], [ 9.533491, 50.234492 ], [ 9.54203, 50.224342 ], [ 9.576319, 50.232389 ], [ 9.582899, 50.221528 ], [ 9.621592, 50.223116 ], [ 9.635816, 50.235228 ], [ 9.663619, 50.233733 ], [ 9.668176, 50.239435 ], [ 9.636824, 50.25145 ], [ 9.652396, 50.26967 ], [ 9.703422, 50.280752 ], [ 9.745881, 50.310408 ], [ 9.747436, 50.3412 ], [ 9.732914, 50.35615 ], [ 9.690742, 50.360766 ], [ 9.681144, 50.373891 ], [ 9.651177, 50.376333 ], [ 9.6129, 50.393726 ], [ 9.555656, 50.381599 ], [ 9.488554, 50.412523 ], [ 9.48486, 50.435562 ], [ 9.473632, 50.442617 ], [ 9.451441, 50.426093 ], [ 9.436433, 50.430836 ], [ 9.437946, 50.409916 ], [ 9.41208, 50.404365 ], [ 9.39734, 50.38989 ], [ 9.369127, 50.395403 ], [ 9.364524, 50.386181 ], [ 9.349258, 50.385486 ], [ 9.351902, 50.392484 ], [ 9.339967, 50.40079 ], [ 9.353215, 50.414834 ], [ 9.346421, 50.42121 ], [ 9.360914, 50.417719 ], [ 9.353777, 50.436068 ], [ 9.335956, 50.451862 ], [ 9.297537, 50.463436 ], [ 9.284791, 50.456739 ], [ 9.290789, 50.45002 ], [ 9.286735, 50.437298 ], [ 9.270876, 50.438138 ], [ 9.258555, 50.463584 ], [ 9.172527, 50.44501 ], [ 9.143675, 50.424687 ], [ 9.153964, 50.439155 ], [ 9.146805, 50.442213 ], [ 9.131444, 50.435431 ], [ 9.087425, 50.438349 ], [ 9.09588, 50.445837 ], [ 9.094378, 50.457383 ], [ 9.070302, 50.456324 ], [ 9.05868, 50.471158 ], [ 9.06142, 50.484991 ], [ 9.077227, 50.495374 ], [ 9.057705, 50.500011 ], [ 8.978658, 50.490399 ], [ 8.987503, 50.479455 ], [ 8.97891, 50.468263 ], [ 8.988886, 50.464129 ], [ 8.987776, 50.453945 ], [ 8.958143, 50.447603 ], [ 8.963546, 50.440443 ], [ 8.948131, 50.431125 ], [ 8.907105, 50.438116 ], [ 8.900407, 50.427079 ], [ 8.88717, 50.427713 ], [ 8.862308, 50.446577 ], [ 8.852781, 50.432095 ], [ 8.811413, 50.435996 ], [ 8.799187, 50.442449 ], [ 8.795247, 50.452362 ], [ 8.805777, 50.458242 ], [ 8.793624, 50.479176 ], [ 8.780479, 50.480331 ], [ 8.764459, 50.464601 ], [ 8.739643, 50.47849 ], [ 8.712071, 50.474735 ], [ 8.686905, 50.485294 ], [ 8.646656, 50.484421 ], [ 8.632277, 50.476736 ], [ 8.627959, 50.463715 ], [ 8.612647, 50.465778 ], [ 8.574363, 50.446162 ], [ 8.60229, 50.431775 ], [ 8.597206, 50.417886 ], [ 8.539014, 50.416736 ], [ 8.502954, 50.396084 ], [ 8.481244, 50.400878 ], [ 8.467215, 50.415048 ], [ 8.40538, 50.397836 ], [ 8.391995, 50.404577 ], [ 8.388254, 50.385677 ], [ 8.348716, 50.373496 ], [ 8.346206, 50.365847 ], [ 8.3544, 50.3609 ], [ 8.335395, 50.356808 ], [ 8.338929, 50.350024 ], [ 8.315194, 50.340376 ], [ 8.3635, 50.311418 ], [ 8.336772, 50.304796 ], [ 8.354557, 50.29423 ], [ 8.31574, 50.271957 ], [ 8.289927, 50.27852 ], [ 8.255947, 50.264061 ], [ 8.238287, 50.278279 ], [ 8.231541, 50.274983 ], [ 8.21821, 50.29169 ], [ 8.169834, 50.276287 ], [ 8.126492, 50.279774 ], [ 8.103121, 50.259789 ], [ 8.079032, 50.261002 ], [ 8.082993, 50.265902 ], [ 8.072088, 50.273153 ], [ 8.035892, 50.271192 ], [ 8.021651, 50.258345 ], [ 8.05891, 50.234406 ], [ 8.039718, 50.228585 ], [ 8.035444, 50.215662 ], [ 8.011773, 50.218033 ], [ 7.990204, 50.238665 ], [ 7.98456, 50.226856 ], [ 7.953052, 50.220398 ], [ 7.947395, 50.210072 ], [ 7.915274, 50.205894 ], [ 7.910215, 50.193495 ], [ 7.88283, 50.181317 ], [ 7.890516, 50.162944 ], [ 7.932942, 50.143884 ], [ 7.922488, 50.134457 ], [ 7.930097, 50.10374 ], [ 7.920364, 50.10368 ], [ 7.903224, 50.121552 ], [ 7.884717, 50.114378 ], [ 7.854016, 50.128329 ], [ 7.830071, 50.098026 ], [ 7.837194, 50.084129 ], [ 7.803461, 50.08458 ], [ 7.773997, 50.06654 ], [ 7.779659, 50.051107 ], [ 7.854502, 50.010842 ], [ 7.866058, 49.980454 ], [ 7.887255, 49.971843 ], [ 7.967402, 49.977773 ], [ 8.036357, 50.002312 ], [ 8.07957, 50.006899 ], [ 8.180949, 50.035206 ], [ 8.234707, 50.030557 ], [ 8.264555, 50.015701 ], [ 8.322339, 49.973592 ], [ 8.340964, 49.951076 ], [ 8.354723, 49.913213 ], [ 8.34401, 49.880109 ], [ 8.357524, 49.864901 ], [ 8.383584, 49.855678 ], [ 8.378449, 49.82482 ], [ 8.406077, 49.796569 ], [ 8.416297, 49.773868 ], [ 8.429196, 49.766445 ], [ 8.479186, 49.764212 ], [ 8.435959, 49.720989 ], [ 8.381522, 49.707043 ], [ 8.357879, 49.693341 ], [ 8.356488, 49.677987 ], [ 8.386011, 49.622103 ], [ 8.409048, 49.605044 ], [ 8.422439, 49.583385 ], [ 8.448628, 49.590478 ], [ 8.475796, 49.584452 ], [ 8.4799, 49.574464 ], [ 8.495032, 49.572997 ], [ 8.560002, 49.517462 ], [ 8.591295, 49.52128 ], [ 8.597913, 49.531462 ], [ 8.608048, 49.528304 ], [ 8.6213, 49.54501 ], [ 8.603232, 49.593294 ], [ 8.590977, 49.595943 ], [ 8.593889, 49.610947 ], [ 8.677934, 49.625947 ], [ 8.692314, 49.623739 ], [ 8.688393, 49.614623 ], [ 8.678879, 49.613868 ], [ 8.686369, 49.60848 ], [ 8.67214, 49.611194 ], [ 8.697998, 49.599757 ], [ 8.696334, 49.5921 ], [ 8.683477, 49.589752 ], [ 8.680989, 49.575548 ], [ 8.690771, 49.555643 ], [ 8.705794, 49.547966 ], [ 8.70265, 49.535328 ], [ 8.73595, 49.524846 ], [ 8.724895, 49.522637 ], [ 8.727711, 49.518339 ], [ 8.748709, 49.522428 ], [ 8.798591, 49.511689 ], [ 8.809206, 49.52568 ], [ 8.821874, 49.524636 ], [ 8.816963, 49.505793 ], [ 8.833855, 49.490683 ], [ 8.848502, 49.502173 ], [ 8.899573, 49.503656 ], [ 8.899355, 49.48455 ], [ 8.876495, 49.466686 ], [ 8.862924, 49.466679 ], [ 8.86634, 49.474593 ], [ 8.851932, 49.483588 ], [ 8.826603, 49.469349 ], [ 8.837152, 49.433522 ], [ 8.830502, 49.423229 ], [ 8.806588, 49.419201 ], [ 8.803541, 49.40357 ], [ 8.814612, 49.396852 ], [ 8.822421, 49.395552 ], [ 8.830414, 49.408336 ], [ 8.853135, 49.395962 ], [ 8.892389, 49.420907 ], [ 8.900949, 49.443369 ], [ 8.912567, 49.437614 ], [ 8.950349, 49.454993 ], [ 8.93188, 49.470637 ], [ 8.942795, 49.485688 ], [ 8.95464, 49.482009 ], [ 8.951832, 49.505626 ], [ 8.968003, 49.5016 ], [ 8.985834, 49.51033 ], [ 9.014236, 49.498058 ], [ 9.040757, 49.499069 ], [ 9.049951, 49.519368 ], [ 9.064951, 49.529606 ], [ 9.099554, 49.526189 ], [ 9.106127, 49.509796 ], [ 9.11953, 49.51221 ], [ 9.12646, 49.521607 ], [ 9.113768, 49.534634 ], [ 9.084391, 49.543024 ], [ 9.087871, 49.550662 ], [ 9.072206, 49.565249 ], [ 9.078043, 49.574804 ], [ 9.082632, 49.561789 ], [ 9.098931, 49.560554 ], [ 9.103006, 49.577456 ] ] ], [ [ [ 8.685868, 49.621665 ], [ 8.672807, 49.619448 ], [ 8.671864, 49.615878 ], [ 8.68598, 49.618355 ], [ 8.685868, 49.621665 ] ], [ [ 8.684053, 49.620223 ], [ 8.680067, 49.618665 ], [ 8.680117, 49.620286 ], [ 8.684053, 49.620223 ] ] ] ] } },
{ "type": "Feature", "properties": { "name": "Gießen", "area": 5380.3857653008408 }, "geometry": { "type": "Polygon", "coordinates": [ [ [ 9.479113, 50.440686 ], [ 9.450728, 50.462954 ], [ 9.459907, 50.476975 ], [ 9.427292, 50.479349 ], [ 9.448685, 50.505183 ], [ 9.447245, 50.521547 ], [ 9.463501, 50.549805 ], [ 9.490245, 50.557268 ], [ 9.497879, 50.568205 ], [ 9.478644, 50.574299 ], [ 9.482294, 50.592301 ], [ 9.500469, 50.611033 ], [ 9.473116, 50.628547 ], [ 9.481509, 50.651135 ], [ 9.466069, 50.660618 ], [ 9.481983, 50.662505 ], [ 9.500664, 50.637652 ], [ 9.539594, 50.640618 ], [ 9.555676, 50.630569 ], [ 9.552007, 50.621887 ], [ 9.59035, 50.607203 ], [ 9.607138, 50.605602 ], [ 9.612207, 50.614709 ], [ 9.635017, 50.622187 ], [ 9.641732, 50.627789 ], [ 9.620079, 50.650599 ], [ 9.650019, 50.680867 ], [ 9.622574, 50.688339 ], [ 9.606954, 50.720739 ], [ 9.611464, 50.735477 ], [ 9.60512, 50.73729 ], [ 9.603467, 50.758343 ], [ 9.571849, 50.766075 ], [ 9.5063, 50.734649 ], [ 9.478392, 50.76331 ], [ 9.455503, 50.762188 ], [ 9.457656, 50.776947 ], [ 9.450103, 50.769518 ], [ 9.433281, 50.77416 ], [ 9.448863, 50.781735 ], [ 9.441055, 50.795644 ], [ 9.406468, 50.789863 ], [ 9.390951, 50.772845 ], [ 9.378201, 50.776918 ], [ 9.36367, 50.799874 ], [ 9.32836, 50.795383 ], [ 9.317201, 50.800723 ], [ 9.315722, 50.810868 ], [ 9.288576, 50.80176 ], [ 9.275229, 50.8071 ], [ 9.270285, 50.797064 ], [ 9.26101, 50.807759 ], [ 9.26368, 50.815596 ], [ 9.241766, 50.817014 ], [ 9.235435, 50.825945 ], [ 9.228195, 50.818977 ], [ 9.151451, 50.834914 ], [ 9.141807, 50.861931 ], [ 9.108642, 50.887439 ], [ 9.133521, 50.899072 ], [ 9.109035, 50.919372 ], [ 9.091903, 50.920601 ], [ 9.093042, 50.911071 ], [ 9.07717, 50.91715 ], [ 9.080841, 50.912561 ], [ 9.074642, 50.910814 ], [ 9.043374, 50.922985 ], [ 9.032044, 50.91491 ], [ 9.038543, 50.906871 ], [ 9.027143, 50.902813 ], [ 9.011867, 50.910502 ], [ 9.016749, 50.91479 ], [ 9.010333, 50.926023 ], [ 8.97493, 50.930857 ], [ 8.96804, 50.947208 ], [ 8.948021, 50.950753 ], [ 8.93636, 50.966289 ], [ 8.911467, 50.971 ], [ 8.918159, 50.958672 ], [ 8.90536, 50.951418 ], [ 8.849647, 50.964255 ], [ 8.785779, 50.95642 ], [ 8.766025, 50.978573 ], [ 8.731828, 50.964622 ], [ 8.727784, 50.971229 ], [ 8.734082, 50.974682 ], [ 8.709047, 50.981068 ], [ 8.706146, 50.993829 ], [ 8.689478, 50.98999 ], [ 8.673137, 50.996707 ], [ 8.661502, 50.98128 ], [ 8.647064, 50.981169 ], [ 8.65683, 50.972767 ], [ 8.647147, 50.96565 ], [ 8.59728, 50.949283 ], [ 8.459665, 50.96665 ], [ 8.462277, 50.949693 ], [ 8.449324, 50.941083 ], [ 8.456441, 50.916531 ], [ 8.433426, 50.918239 ], [ 8.38803, 50.891929 ], [ 8.385576, 50.875793 ], [ 8.371917, 50.874266 ], [ 8.367074, 50.862925 ], [ 8.305473, 50.861121 ], [ 8.292017, 50.882136 ], [ 8.269667, 50.881876 ], [ 8.231314, 50.85064 ], [ 8.182841, 50.824873 ], [ 8.165807, 50.803476 ], [ 8.125512, 50.788356 ], [ 8.141662, 50.77166 ], [ 8.135641, 50.767216 ], [ 8.151834, 50.759854 ], [ 8.166829, 50.735711 ], [ 8.142607, 50.695448 ], [ 8.131279, 50.69692 ], [ 8.11023, 50.670901 ], [ 8.110092, 50.657251 ], [ 8.140885, 50.630228 ], [ 8.126019, 50.610093 ], [ 8.151592, 50.599371 ], [ 8.132189, 50.55796 ], [ 8.137913, 50.550948 ], [ 8.118992, 50.54847 ], [ 8.110809, 50.541865 ], [ 8.120881, 50.53966 ], [ 8.117738, 50.534509 ], [ 8.103427, 50.532628 ], [ 8.070521, 50.537998 ], [ 8.066422, 50.548931 ], [ 8.046104, 50.557017 ], [ 8.028375, 50.550559 ], [ 7.982937, 50.511461 ], [ 7.989967, 50.498569 ], [ 7.978903, 50.495384 ], [ 7.987668, 50.472726 ], [ 8.010475, 50.460573 ], [ 8.010766, 50.452692 ], [ 7.975182, 50.437621 ], [ 7.988095, 50.435509 ], [ 7.987782, 50.427922 ], [ 7.964192, 50.412225 ], [ 7.982419, 50.408097 ], [ 7.987154, 50.398055 ], [ 8.023757, 50.400766 ], [ 8.01456, 50.384525 ], [ 8.042556, 50.386054 ], [ 8.046051, 50.37466 ], [ 8.059757, 50.375312 ], [ 8.07677, 50.348403 ], [ 8.071944, 50.331773 ], [ 8.102678, 50.327017 ], [ 8.102414, 50.309826 ], [ 8.118601, 50.29968 ], [ 8.121914, 50.277225 ], [ 8.169834, 50.276287 ], [ 8.221256, 50.291557 ], [ 8.231541, 50.274983 ], [ 8.238287, 50.278279 ], [ 8.255947, 50.264061 ], [ 8.283423, 50.27762 ], [ 8.308194, 50.270832 ], [ 8.328448, 50.2839 ], [ 8.345415, 50.283977 ], [ 8.354557, 50.29423 ], [ 8.336772, 50.304796 ], [ 8.363366, 50.312696 ], [ 8.315194, 50.340376 ], [ 8.338929, 50.350024 ], [ 8.335395, 50.356808 ], [ 8.3544, 50.3609 ], [ 8.346206, 50.365847 ], [ 8.348716, 50.373496 ], [ 8.388254, 50.385677 ], [ 8.391995, 50.404577 ], [ 8.40538, 50.397836 ], [ 8.467215, 50.415048 ], [ 8.481244, 50.400878 ], [ 8.502954, 50.396084 ], [ 8.539014, 50.416736 ], [ 8.597206, 50.417886 ], [ 8.60229, 50.431775 ], [ 8.574363, 50.446162 ], [ 8.612647, 50.465778 ], [ 8.627959, 50.463715 ], [ 8.632277, 50.476736 ], [ 8.646656, 50.484421 ], [ 8.686905, 50.485294 ], [ 8.712071, 50.474735 ], [ 8.739643, 50.47849 ], [ 8.764459, 50.464601 ], [ 8.780479, 50.480331 ], [ 8.793624, 50.479176 ], [ 8.805777, 50.458242 ], [ 8.795247, 50.452362 ], [ 8.799187, 50.442449 ], [ 8.811413, 50.435996 ], [ 8.852781, 50.432095 ], [ 8.862308, 50.446577 ], [ 8.88717, 50.427713 ], [ 8.900407, 50.427079 ], [ 8.907105, 50.438116 ], [ 8.948131, 50.431125 ], [ 8.963546, 50.440443 ], [ 8.958143, 50.447603 ], [ 8.987776, 50.453945 ], [ 8.988886, 50.464129 ], [ 8.97891, 50.468263 ], [ 8.987503, 50.479455 ], [ 8.978658, 50.490399 ], [ 9.057705, 50.500011 ], [ 9.077227, 50.495374 ], [ 9.06142, 50.484991 ], [ 9.05868, 50.471158 ], [ 9.070302, 50.456324 ], [ 9.094378, 50.457383 ], [ 9.09588, 50.445837 ], [ 9.087425, 50.438349 ], [ 9.131444, 50.435431 ], [ 9.146805, 50.442213 ], [ 9.153964, 50.439155 ], [ 9.147142, 50.435382 ], [ 9.143675, 50.424687 ], [ 9.164769, 50.442274 ], [ 9.193213, 50.44458 ], [ 9.232689, 50.461175 ], [ 9.259528, 50.46337 ], [ 9.271589, 50.437785 ], [ 9.286735, 50.437298 ], [ 9.288878, 50.461815 ], [ 9.335956, 50.451862 ], [ 9.353777, 50.436068 ], [ 9.360914, 50.417719 ], [ 9.346421, 50.42121 ], [ 9.353215, 50.414834 ], [ 9.339967, 50.40079 ], [ 9.351902, 50.392484 ], [ 9.349258, 50.385486 ], [ 9.364524, 50.386181 ], [ 9.369127, 50.395403 ], [ 9.39734, 50.38989 ], [ 9.41208, 50.404365 ], [ 9.437946, 50.409916 ], [ 9.436433, 50.430836 ], [ 9.451441, 50.426093 ], [ 9.466693, 50.440341 ], [ 9.479113, 50.440686 ] ] ] } },
{ "type": "Feature", "properties": { "name": "Kassel", "area": 8291.0684673724754 }, "geometry": { "type": "Polygon", "coordinates": [ [ [ 10.041188, 50.495188 ], [ 10.039693, 50.532586 ], [ 10.061829, 50.556687 ], [ 10.046359, 50.571255 ], [ 10.048798, 50.598621 ], [ 10.037191, 50.612926 ], [ 10.057504, 50.62612 ], [ 10.08105, 50.620025 ], [ 10.082965, 50.633705 ], [ 10.05403, 50.671163 ], [ 10.001995, 50.676603 ], [ 9.951484, 50.665927 ], [ 9.949711, 50.655873 ], [ 9.968902, 50.641259 ], [ 9.960722, 50.629484 ], [ 9.87732, 50.638715 ], [ 9.88422, 50.650813 ], [ 9.881273, 50.673379 ], [ 9.923955, 50.695131 ], [ 9.908891, 50.704532 ], [ 9.935162, 50.724118 ], [ 9.941372, 50.741838 ], [ 9.939614, 50.75592 ], [ 9.920126, 50.759612 ], [ 9.928431, 50.776594 ], [ 9.952134, 50.773292 ], [ 9.955135, 50.78555 ], [ 9.94357, 50.797698 ], [ 9.956677, 50.809619 ], [ 9.952253, 50.821375 ], [ 9.976816, 50.833273 ], [ 9.998019, 50.826505 ], [ 10.006836, 50.837682 ], [ 10.023055, 50.831631 ], [ 10.03862, 50.853115 ], [ 10.021929, 50.847857 ], [ 10.021893, 50.864486 ], [ 10.059804, 50.885393 ], [ 10.041952, 50.89334 ], [ 10.050909, 50.900089 ], [ 10.015636, 50.920624 ], [ 9.971464, 50.907411 ], [ 9.969632, 50.913488 ], [ 9.991996, 50.934515 ], [ 9.96556, 50.933581 ], [ 9.957144, 50.9226 ], [ 9.949685, 50.926508 ], [ 9.956556, 50.933662 ], [ 9.950087, 50.94225 ], [ 9.991006, 50.943566 ], [ 10.013557, 50.934735 ], [ 10.024901, 50.943751 ], [ 10.029439, 50.938113 ], [ 10.062346, 50.943784 ], [ 10.043049, 50.948482 ], [ 10.042037, 50.957234 ], [ 10.032161, 50.959635 ], [ 10.040949, 50.967526 ], [ 10.01947, 50.980708 ], [ 10.0364, 51.012376 ], [ 10.103484, 51.003367 ], [ 10.120843, 51.011701 ], [ 10.133082, 51.004819 ], [ 10.131563, 50.996898 ], [ 10.14688, 50.993824 ], [ 10.169082, 51.00193 ], [ 10.17104, 50.996219 ], [ 10.190786, 50.999068 ], [ 10.202905, 51.008106 ], [ 10.192622, 51.018532 ], [ 10.215186, 51.026419 ], [ 10.198847, 51.04009 ], [ 10.14059, 51.058491 ], [ 10.155188, 51.070419 ], [ 10.144695, 51.084814 ], [ 10.16568, 51.0995 ], [ 10.160415, 51.10805 ], [ 10.175488, 51.106905 ], [ 10.174631, 51.116867 ], [ 10.153792, 51.118459 ], [ 10.118322, 51.139573 ], [ 10.168739, 51.153268 ], [ 10.184905, 51.14112 ], [ 10.179215, 51.127647 ], [ 10.199959, 51.112972 ], [ 10.210717, 51.122905 ], [ 10.203788, 51.135655 ], [ 10.21069, 51.142472 ], [ 10.200378, 51.149931 ], [ 10.207323, 51.164917 ], [ 10.229846, 51.174912 ], [ 10.235777, 51.186695 ], [ 10.197014, 51.192057 ], [ 10.168445, 51.21219 ], [ 10.149791, 51.206189 ], [ 10.138402, 51.220135 ], [ 10.113172, 51.215206 ], [ 10.090283, 51.226669 ], [ 10.072382, 51.22478 ], [ 10.067635, 51.230615 ], [ 10.078995, 51.242781 ], [ 10.046969, 51.253426 ], [ 10.046554, 51.264501 ], [ 10.059916, 51.275865 ], [ 10.004331, 51.286983 ], [ 9.972977, 51.284351 ], [ 9.969853, 51.300271 ], [ 9.940202, 51.306581 ], [ 9.947567, 51.326395 ], [ 9.929937, 51.339969 ], [ 9.923293, 51.368043 ], [ 9.932581, 51.379555 ], [ 9.931109, 51.392733 ], [ 9.907043, 51.407711 ], [ 9.913393, 51.410631 ], [ 9.906021, 51.421139 ], [ 9.883152, 51.414966 ], [ 9.878315, 51.404477 ], [ 9.868535, 51.413791 ], [ 9.850743, 51.414414 ], [ 9.865276, 51.371613 ], [ 9.840107, 51.383593 ], [ 9.840637, 51.402642 ], [ 9.80351, 51.410401 ], [ 9.792584, 51.402409 ], [ 9.80145, 51.386915 ], [ 9.765861, 51.385978 ], [ 9.738459, 51.369213 ], [ 9.702144, 51.364572 ], [ 9.738248, 51.319429 ], [ 9.772456, 51.336291 ], [ 9.76351, 51.325339 ], [ 9.775202, 51.325196 ], [ 9.7682, 51.306726 ], [ 9.732304, 51.295232 ], [ 9.669386, 51.317711 ], [ 9.628524, 51.311903 ], [ 9.632933, 51.324429 ], [ 9.638543, 51.322392 ], [ 9.633366, 51.325854 ], [ 9.604435, 51.325556 ], [ 9.581657, 51.342196 ], [ 9.568025, 51.340001 ], [ 9.548441, 51.358955 ], [ 9.57697, 51.369629 ], [ 9.560317, 51.375588 ], [ 9.564025, 51.386964 ], [ 9.579345, 51.401769 ], [ 9.594078, 51.397987 ], [ 9.610017, 51.407823 ], [ 9.630582, 51.406106 ], [ 9.643582, 51.418261 ], [ 9.627621, 51.444209 ], [ 9.630149, 51.458209 ], [ 9.643814, 51.46916 ], [ 9.619587, 51.481029 ], [ 9.586259, 51.519319 ], [ 9.618832, 51.530103 ], [ 9.62195, 51.541867 ], [ 9.60931, 51.556905 ], [ 9.622443, 51.548673 ], [ 9.647755, 51.552511 ], [ 9.628368, 51.567196 ], [ 9.626831, 51.581976 ], [ 9.684004, 51.566533 ], [ 9.690948, 51.576315 ], [ 9.637835, 51.608805 ], [ 9.636621, 51.623416 ], [ 9.627076, 51.62896 ], [ 9.631618, 51.634166 ], [ 9.570708, 51.62472 ], [ 9.544765, 51.639974 ], [ 9.525136, 51.62675 ], [ 9.507711, 51.627055 ], [ 9.49193, 51.634722 ], [ 9.498645, 51.65226 ], [ 9.492137, 51.65745 ], [ 9.453276, 51.645749 ], [ 9.440457, 51.650394 ], [ 9.444924, 51.644199 ], [ 9.426669, 51.630814 ], [ 9.337098, 51.614702 ], [ 9.373523, 51.591014 ], [ 9.317031, 51.552366 ], [ 9.309969, 51.530911 ], [ 9.315851, 51.523019 ], [ 9.308325, 51.512643 ], [ 9.28688, 51.515477 ], [ 9.264333, 51.497911 ], [ 9.240232, 51.497208 ], [ 9.239804, 51.490857 ], [ 9.216641, 51.481165 ], [ 9.216466, 51.459594 ], [ 9.181369, 51.465338 ], [ 9.158408, 51.443096 ], [ 9.135749, 51.450187 ], [ 9.089445, 51.446573 ], [ 9.086937, 51.461165 ], [ 9.077185, 51.464872 ], [ 9.092329, 51.494388 ], [ 9.076522, 51.503475 ], [ 9.039286, 51.501922 ], [ 9.020976, 51.518611 ], [ 8.913335, 51.491554 ], [ 8.890938, 51.47765 ], [ 8.921783, 51.446054 ], [ 8.918787, 51.430285 ], [ 8.948109, 51.428219 ], [ 8.95153, 51.413493 ], [ 8.940763, 51.410322 ], [ 8.939502, 51.389499 ], [ 8.889581, 51.392722 ], [ 8.85402, 51.377138 ], [ 8.836584, 51.388501 ], [ 8.803993, 51.390798 ], [ 8.732851, 51.372417 ], [ 8.679723, 51.373117 ], [ 8.681209, 51.359764 ], [ 8.65556, 51.349611 ], [ 8.653654, 51.33979 ], [ 8.637788, 51.343613 ], [ 8.621098, 51.336528 ], [ 8.556348, 51.277495 ], [ 8.578218, 51.267478 ], [ 8.593563, 51.247497 ], [ 8.609212, 51.246688 ], [ 8.628341, 51.260505 ], [ 8.679953, 51.268077 ], [ 8.692552, 51.276407 ], [ 8.721998, 51.273744 ], [ 8.736585, 51.26222 ], [ 8.727598, 51.250103 ], [ 8.741697, 51.218423 ], [ 8.768194, 51.208874 ], [ 8.749502, 51.197732 ], [ 8.750004, 51.181464 ], [ 8.758214, 51.177182 ], [ 8.692162, 51.132834 ], [ 8.701741, 51.116577 ], [ 8.718848, 51.115696 ], [ 8.719056, 51.109912 ], [ 8.690535, 51.109159 ], [ 8.656632, 51.094903 ], [ 8.55102, 51.102764 ], [ 8.508023, 51.085388 ], [ 8.50323, 51.074577 ], [ 8.527573, 51.062894 ], [ 8.505144, 51.041433 ], [ 8.520681, 51.043003 ], [ 8.538782, 51.019448 ], [ 8.514076, 51.009237 ], [ 8.473368, 50.975035 ], [ 8.477892, 50.969047 ], [ 8.516791, 50.954748 ], [ 8.59728, 50.949283 ], [ 8.647147, 50.96565 ], [ 8.65683, 50.972767 ], [ 8.647064, 50.981169 ], [ 8.661502, 50.98128 ], [ 8.673137, 50.996707 ], [ 8.689478, 50.98999 ], [ 8.706146, 50.993829 ], [ 8.709047, 50.981068 ], [ 8.734082, 50.974682 ], [ 8.727784, 50.971229 ], [ 8.731828, 50.964622 ], [ 8.766025, 50.978573 ], [ 8.785779, 50.95642 ], [ 8.849647, 50.964255 ], [ 8.90536, 50.951418 ], [ 8.918159, 50.958672 ], [ 8.909001, 50.969218 ], [ 8.917197, 50.970987 ], [ 8.939564, 50.965378 ], [ 8.948021, 50.950753 ], [ 8.96804, 50.947208 ], [ 8.97493, 50.930857 ], [ 9.010333, 50.926023 ], [ 9.016749, 50.91479 ], [ 9.011867, 50.910502 ], [ 9.027143, 50.902813 ], [ 9.038543, 50.906871 ], [ 9.032044, 50.91491 ], [ 9.043374, 50.922985 ], [ 9.074642, 50.910814 ], [ 9.078859, 50.917509 ], [ 9.094808, 50.91201 ], [ 9.091903, 50.920601 ], [ 9.109958, 50.918978 ], [ 9.133521, 50.899072 ], [ 9.108642, 50.887439 ], [ 9.141807, 50.861931 ], [ 9.142367, 50.850895 ], [ 9.151587, 50.847314 ], [ 9.148869, 50.836645 ], [ 9.228195, 50.818977 ], [ 9.235435, 50.825945 ], [ 9.241766, 50.817014 ], [ 9.26368, 50.815596 ], [ 9.26101, 50.807759 ], [ 9.270285, 50.797064 ], [ 9.275229, 50.8071 ], [ 9.288576, 50.80176 ], [ 9.315722, 50.810868 ], [ 9.317201, 50.800723 ], [ 9.32836, 50.795383 ], [ 9.36367, 50.799874 ], [ 9.378201, 50.776918 ], [ 9.390951, 50.772845 ], [ 9.406468, 50.789863 ], [ 9.441055, 50.795644 ], [ 9.448863, 50.781735 ], [ 9.433281, 50.77416 ], [ 9.450103, 50.769518 ], [ 9.457656, 50.776947 ], [ 9.455503, 50.762188 ], [ 9.478392, 50.76331 ], [ 9.5063, 50.734649 ], [ 9.571849, 50.766075 ], [ 9.604563, 50.757442 ], [ 9.60512, 50.73729 ], [ 9.611464, 50.735477 ], [ 9.606954, 50.720739 ], [ 9.622574, 50.688339 ], [ 9.650019, 50.680867 ], [ 9.620079, 50.650599 ], [ 9.641732, 50.627789 ], [ 9.635017, 50.622187 ], [ 9.612207, 50.614709 ], [ 9.607138, 50.605602 ], [ 9.59035, 50.607203 ], [ 9.552007, 50.621887 ], [ 9.555676, 50.630569 ], [ 9.539594, 50.640618 ], [ 9.500664, 50.637652 ], [ 9.481983, 50.662505 ], [ 9.466069, 50.660618 ], [ 9.481509, 50.651135 ], [ 9.473116, 50.628547 ], [ 9.500469, 50.611033 ], [ 9.482294, 50.592301 ], [ 9.478644, 50.574299 ], [ 9.497879, 50.568205 ], [ 9.490245, 50.557268 ], [ 9.463501, 50.549805 ], [ 9.447245, 50.521547 ], [ 9.448685, 50.505183 ], [ 9.427292, 50.479349 ], [ 9.459907, 50.476975 ], [ 9.450728, 50.462954 ], [ 9.48486, 50.435562 ], [ 9.488554, 50.412523 ], [ 9.555656, 50.381599 ], [ 9.6129, 50.393726 ], [ 9.651177, 50.376333 ], [ 9.681144, 50.373891 ], [ 9.690742, 50.360766 ], [ 9.732914, 50.35615 ], [ 9.746204, 50.36618 ], [ 9.759293, 50.402419 ], [ 9.751062, 50.413559 ], [ 9.762064, 50.425867 ], [ 9.780181, 50.418431 ], [ 9.789425, 50.425145 ], [ 9.807468, 50.42255 ], [ 9.807988, 50.412431 ], [ 9.849783, 50.398728 ], [ 9.860046, 50.397474 ], [ 9.869997, 50.409269 ], [ 9.883101, 50.398893 ], [ 9.901015, 50.403784 ], [ 9.957837, 50.423204 ], [ 9.99746, 50.460986 ], [ 10.018307, 50.466455 ], [ 10.041188, 50.495188 ] ] ] } },
{ "type": "Feature", "properties": { "name": "Mecklenburg-Vorpommern", "area": 23294.920643590311 }, "geometry": { "type": "MultiPolygon", "coordinates": [ [ [ [ 11.42717, 53.937965 ], [ 11.428765, 53.943292 ], [ 11.423208, 53.94219 ], [ 11.42717, 53.937965 ] ] ], [ [ [ 11.477441, 53.963691 ], [ 11.4748, 53.9639 ], [ 11.477535, 53.961667 ], [ 11.477441, 53.963691 ] ] ], [ [ [ 11.467272, 53.967562 ], [ 11.470315, 53.966663 ], [ 11.470646, 53.968467 ], [ 11.467272, 53.967562 ] ] ], [ [ [ 13.957754, 53.942699 ], [ 13.96071, 53.941741 ], [ 13.95947, 53.943584 ], [ 13.957754, 53.942699 ] ] ], [ [ [ 11.473006, 54.024448 ], [ 11.381913, 53.9993 ], [ 11.374182, 53.992347 ], [ 11.377944, 53.975429 ], [ 11.38464, 53.968517 ], [ 11.391531, 53.964894 ], [ 11.411241, 53.966805 ], [ 11.386471, 53.968143 ], [ 11.393635, 53.974652 ], [ 11.402147, 53.968316 ], [ 11.409896, 53.968873 ], [ 11.420526, 53.962135 ], [ 11.425946, 53.960764 ], [ 11.431768, 53.961633 ], [ 11.427868, 53.98581 ], [ 11.446154, 53.997328 ], [ 11.441474, 53.964622 ], [ 11.455957, 53.957533 ], [ 11.480365, 53.981834 ], [ 11.478245, 53.997974 ], [ 11.483554, 54.008656 ], [ 11.48895, 53.999011 ], [ 11.495328, 54.01111 ], [ 11.494151, 54.02171 ], [ 11.473006, 54.024448 ] ] ], [ [ [ 14.031124, 53.944832 ], [ 14.033956, 53.945165 ], [ 14.033946, 53.946344 ], [ 14.031124, 53.944832 ] ] ], [ [ [ 14.024694, 53.94964 ], [ 14.027328, 53.951079 ], [ 14.024217, 53.95151 ], [ 14.024694, 53.94964 ] ] ], [ [ [ 11.496341, 54.031313 ], [ 11.488919, 54.027341 ], [ 11.48632, 54.025213 ], [ 11.494789, 54.024195 ], [ 11.496341, 54.031313 ] ] ], [ [ [ 11.515054, 54.037996 ], [ 11.515187, 54.054501 ], [ 11.523002, 54.068487 ], [ 11.511905, 54.053974 ], [ 11.515054, 54.037996 ] ] ], [ [ [ 13.931958, 54.024694 ], [ 13.929267, 54.031003 ], [ 13.916453, 54.021864 ], [ 13.925956, 54.01604 ], [ 13.924392, 54.023248 ], [ 13.931958, 54.024694 ] ] ], [ [ [ 13.780285, 54.055786 ], [ 13.785036, 54.054709 ], [ 13.781985, 54.059269 ], [ 13.780285, 54.055786 ] ] ], [ [ [ 13.806411, 54.08421 ], [ 13.801789, 54.081598 ], [ 13.803894, 54.079071 ], [ 13.806411, 54.08421 ] ] ], [ [ [ 13.333666, 54.16881 ], [ 13.334348, 54.170335 ], [ 13.33203, 54.169588 ], [ 13.333666, 54.16881 ] ] ], [ [ [ 13.348986, 54.176432 ], [ 13.350475, 54.177426 ], [ 13.348936, 54.177332 ], [ 13.348986, 54.176432 ] ] ], [ [ [ 13.354293, 54.180225 ], [ 13.355454, 54.180461 ], [ 13.355382, 54.181125 ], [ 13.354293, 54.180225 ] ] ], [ [ [ 13.808924, 54.169507 ], [ 13.75887, 54.168401 ], [ 13.749297, 54.158475 ], [ 13.751005, 54.149825 ], [ 13.757986, 54.150543 ], [ 13.751499, 54.149076 ], [ 13.755459, 54.137679 ], [ 13.772326, 54.133843 ], [ 13.774832, 54.120106 ], [ 13.813839, 54.107823 ], [ 13.808175, 54.106485 ], [ 13.812974, 54.098773 ], [ 13.807036, 54.078384 ], [ 13.788092, 54.056012 ], [ 13.790568, 54.048677 ], [ 13.764305, 54.029981 ], [ 13.769916, 54.019184 ], [ 13.801287, 54.018741 ], [ 13.820855, 54.03752 ], [ 13.858941, 54.048111 ], [ 13.879676, 54.04026 ], [ 13.853237, 54.013678 ], [ 13.861587, 53.999752 ], [ 13.866967, 54.007467 ], [ 13.898675, 54.012073 ], [ 13.924068, 54.035804 ], [ 13.915506, 54.046794 ], [ 13.907349, 54.043115 ], [ 13.917224, 54.060518 ], [ 13.91119, 54.063994 ], [ 13.95136, 54.05898 ], [ 13.973259, 54.063997 ], [ 13.968865, 54.059437 ], [ 13.997693, 54.041504 ], [ 14.004361, 54.010655 ], [ 14.017609, 54.015022 ], [ 14.014744, 54.020327 ], [ 14.016437, 54.021478 ], [ 14.03271, 54.017107 ], [ 14.043297, 54.001829 ], [ 14.037375, 53.998581 ], [ 14.047581, 53.997442 ], [ 14.048869, 53.980646 ], [ 14.035033, 53.950004 ], [ 14.043532, 53.946194 ], [ 14.040181, 53.940721 ], [ 14.011793, 53.94932 ], [ 14.023296, 53.962214 ], [ 13.983682, 53.9621 ], [ 13.963524, 53.957038 ], [ 13.971302, 53.950797 ], [ 13.959602, 53.933992 ], [ 13.952709, 53.934926 ], [ 13.958216, 53.953017 ], [ 13.94997, 53.95887 ], [ 13.972228, 53.969615 ], [ 13.963091, 53.973438 ], [ 13.96503, 53.9898 ], [ 13.905955, 53.989543 ], [ 13.895136, 53.966486 ], [ 13.922693, 53.950629 ], [ 13.937973, 53.908953 ], [ 13.921473, 53.887965 ], [ 13.893418, 53.877171 ], [ 13.834143, 53.871008 ], [ 13.829722, 53.857641 ], [ 13.821787, 53.857035 ], [ 13.82615, 53.849685 ], [ 13.898238, 53.839906 ], [ 13.917839, 53.845222 ], [ 13.931507, 53.870372 ], [ 13.955056, 53.860324 ], [ 13.949911, 53.849961 ], [ 13.921583, 53.848132 ], [ 13.939011, 53.843437 ], [ 13.990989, 53.848447 ], [ 14.01971, 53.869301 ], [ 14.040924, 53.874508 ], [ 14.213078, 53.86648 ], [ 14.212301, 53.900295 ], [ 14.205868, 53.910567 ], [ 14.185314, 53.914102 ], [ 14.207646, 53.915867 ], [ 14.226322, 53.928643 ], [ 14.181794, 53.948422 ], [ 14.016217, 54.053892 ], [ 13.874714, 54.100288 ], [ 13.833253, 54.131941 ], [ 13.812453, 54.169428 ], [ 13.808924, 54.169507 ] ] ], [ [ [ 13.809294, 54.16995 ], [ 13.811923, 54.173553 ], [ 13.806242, 54.173806 ], [ 13.809294, 54.16995 ] ] ], [ [ [ 13.810581, 54.174609 ], [ 13.812342, 54.175448 ], [ 13.810483, 54.175016 ], [ 13.810581, 54.174609 ] ] ], [ [ [ 13.809679, 54.175613 ], [ 13.806091, 54.178322 ], [ 13.803245, 54.177733 ], [ 13.809679, 54.175613 ] ] ], [ [ [ 13.770727, 54.20074 ], [ 13.768877, 54.208921 ], [ 13.76895, 54.200822 ], [ 13.770727, 54.20074 ] ] ], [ [ [ 13.362349, 54.251142 ], [ 13.361283, 54.252707 ], [ 13.358607, 54.252768 ], [ 13.362349, 54.251142 ] ] ], [ [ [ 13.388745, 54.264404 ], [ 13.390841, 54.265126 ], [ 13.388593, 54.265035 ], [ 13.388745, 54.264404 ] ] ], [ [ [ 13.92693, 54.248818 ], [ 13.908619, 54.24414 ], [ 13.906683, 54.240442 ], [ 13.92693, 54.248818 ] ] ], [ [ [ 12.52802, 54.346221 ], [ 12.529586, 54.350093 ], [ 12.52692, 54.352227 ], [ 12.52802, 54.346221 ] ] ], [ [ [ 12.535521, 54.356009 ], [ 12.527864, 54.354113 ], [ 12.530961, 54.349928 ], [ 12.535521, 54.356009 ] ] ], [ [ [ 12.525126, 54.359389 ], [ 12.528321, 54.36164 ], [ 12.527901, 54.361722 ], [ 12.525126, 54.359389 ] ] ], [ [ [ 13.543898, 54.323046 ], [ 13.541506, 54.332352 ], [ 13.518693, 54.312241 ], [ 13.524756, 54.309408 ], [ 13.528118, 54.318457 ], [ 13.543898, 54.323046 ] ] ], [ [ [ 12.524948, 54.365364 ], [ 12.527432, 54.365645 ], [ 12.528655, 54.366608 ], [ 12.524948, 54.365364 ] ] ], [ [ [ 12.526975, 54.367174 ], [ 12.523705, 54.368605 ], [ 12.522949, 54.368094 ], [ 12.526975, 54.367174 ] ] ], [ [ [ 12.52445, 54.370589 ], [ 12.522531, 54.373923 ], [ 12.518585, 54.372228 ], [ 12.52445, 54.370589 ] ] ], [ [ [ 12.580441, 54.377106 ], [ 12.584071, 54.378596 ], [ 12.585476, 54.380669 ], [ 12.580441, 54.377106 ] ] ], [ [ [ 12.662395, 54.404845 ], [ 12.658657, 54.408274 ], [ 12.656323, 54.406575 ], [ 12.662395, 54.404845 ] ] ], [ [ [ 12.736578, 54.412347 ], [ 12.724436, 54.412422 ], [ 12.717947, 54.405712 ], [ 12.729775, 54.404903 ], [ 12.736578, 54.412347 ] ] ], [ [ [ 13.21015, 54.401623 ], [ 13.217182, 54.397704 ], [ 13.220197, 54.40143 ], [ 13.21015, 54.401623 ] ] ], [ [ [ 12.66861, 54.418474 ], [ 12.670427, 54.418134 ], [ 12.670448, 54.420961 ], [ 12.66861, 54.418474 ] ] ], [ [ [ 12.643749, 54.419724 ], [ 12.638031, 54.423542 ], [ 12.635056, 54.42125 ], [ 12.637305, 54.416098 ], [ 12.643749, 54.419724 ] ] ], [ [ [ 12.723097, 54.427868 ], [ 12.725424, 54.429354 ], [ 12.723179, 54.429438 ], [ 12.723097, 54.427868 ] ] ], [ [ [ 12.695732, 54.431033 ], [ 12.674858, 54.41829 ], [ 12.731085, 54.416647 ], [ 12.724081, 54.425373 ], [ 12.695732, 54.431033 ] ] ], [ [ [ 12.927396, 54.430234 ], [ 12.929687, 54.430154 ], [ 12.92302, 54.43295 ], [ 12.927396, 54.430234 ] ] ], [ [ [ 13.117882, 54.426711 ], [ 13.123003, 54.428858 ], [ 13.116401, 54.430507 ], [ 13.117882, 54.426711 ] ] ], [ [ [ 12.967789, 54.438468 ], [ 12.970412, 54.43663 ], [ 12.971534, 54.440478 ], [ 12.967789, 54.438468 ] ] ], [ [ [ 12.961899, 54.439106 ], [ 12.930027, 54.443061 ], [ 12.923932, 54.434793 ], [ 12.961899, 54.439106 ] ] ], [ [ [ 12.981968, 54.437501 ], [ 12.977725, 54.442439 ], [ 12.973534, 54.441488 ], [ 12.981968, 54.437501 ] ] ], [ [ [ 12.986984, 54.444043 ], [ 12.98995, 54.444555 ], [ 12.989776, 54.444929 ], [ 12.986984, 54.444043 ] ] ], [ [ [ 13.050677, 54.46024 ], [ 13.033663, 54.446983 ], [ 13.000294, 54.447841 ], [ 12.984827, 54.435854 ], [ 12.972618, 54.435865 ], [ 12.975909, 54.432439 ], [ 13.015638, 54.443674 ], [ 13.041558, 54.442435 ], [ 13.058989, 54.4512 ], [ 13.050677, 54.46024 ] ] ], [ [ [ 13.209729, 54.463539 ], [ 13.19922, 54.461704 ], [ 13.198665, 54.457296 ], [ 13.203126, 54.461609 ], [ 13.209729, 54.463539 ] ] ], [ [ [ 13.212493, 54.464447 ], [ 13.210572, 54.465317 ], [ 13.209071, 54.464382 ], [ 13.212493, 54.464447 ] ] ], [ [ [ 13.204269, 54.465314 ], [ 13.206326, 54.466673 ], [ 13.203811, 54.465873 ], [ 13.204269, 54.465314 ] ] ], [ [ [ 13.224782, 54.469666 ], [ 13.213227, 54.467059 ], [ 13.213473, 54.464689 ], [ 13.222825, 54.46501 ], [ 13.224782, 54.469666 ] ] ], [ [ [ 13.07993, 54.475717 ], [ 13.083154, 54.475823 ], [ 13.083162, 54.476631 ], [ 13.07993, 54.475717 ] ] ], [ [ [ 13.183615, 54.493964 ], [ 13.143481, 54.477984 ], [ 13.120564, 54.443829 ], [ 13.160676, 54.448982 ], [ 13.165753, 54.455356 ], [ 13.184049, 54.457183 ], [ 13.186756, 54.465413 ], [ 13.226828, 54.473187 ], [ 13.218549, 54.483202 ], [ 13.224842, 54.486607 ], [ 13.20067, 54.485501 ], [ 13.183615, 54.493964 ] ] ], [ [ [ 13.160098, 54.512854 ], [ 13.155171, 54.506656 ], [ 13.164879, 54.502121 ], [ 13.169003, 54.506628 ], [ 13.160098, 54.512854 ] ] ], [ [ [ 13.302844, 54.537545 ], [ 13.299906, 54.540876 ], [ 13.298631, 54.539099 ], [ 13.302844, 54.537545 ] ] ], [ [ [ 13.118569, 54.538933 ], [ 13.123321, 54.549839 ], [ 13.116958, 54.546859 ], [ 13.118569, 54.538933 ] ] ], [ [ [ 13.146787, 54.603354 ], [ 13.097973, 54.590621 ], [ 13.100442, 54.565048 ], [ 13.065551, 54.492356 ], [ 13.063859, 54.45804 ], [ 13.076699, 54.478626 ], [ 13.070682, 54.491782 ], [ 13.088609, 54.515201 ], [ 13.084632, 54.519161 ], [ 13.092906, 54.517366 ], [ 13.0925, 54.52764 ], [ 13.116747, 54.537664 ], [ 13.107648, 54.568457 ], [ 13.11912, 54.57433 ], [ 13.111422, 54.584669 ], [ 13.125241, 54.58367 ], [ 13.129488, 54.591253 ], [ 13.141351, 54.598848 ], [ 13.134423, 54.58847 ], [ 13.145497, 54.573838 ], [ 13.146596, 54.595516 ], [ 13.1508, 54.575438 ], [ 13.155361, 54.580105 ], [ 13.157958, 54.573719 ], [ 13.146787, 54.603354 ] ] ], [ [ [ 14.412381, 53.329593 ], [ 14.405479, 53.347088 ], [ 14.390322, 53.353709 ], [ 14.394794, 53.375719 ], [ 14.373283, 53.408951 ], [ 14.371281, 53.45644 ], [ 14.35803, 53.457315 ], [ 14.350648, 53.496006 ], [ 14.326883, 53.50381 ], [ 14.302557, 53.553405 ], [ 14.313961, 53.565226 ], [ 14.316948, 53.618067 ], [ 14.28385, 53.634443 ], [ 14.284644, 53.6588 ], [ 14.270896, 53.665295 ], [ 14.283681, 53.682504 ], [ 14.266808, 53.698705 ], [ 14.273534, 53.744353 ], [ 14.266949, 53.753487 ], [ 14.283596, 53.772303 ], [ 14.270425, 53.789949 ], [ 14.178515, 53.806803 ], [ 13.98686, 53.812208 ], [ 13.889602, 53.827186 ], [ 13.851337, 53.845059 ], [ 13.822464, 53.847705 ], [ 13.818629, 53.859218 ], [ 13.826649, 53.865622 ], [ 13.826154, 53.877628 ], [ 13.847222, 53.87795 ], [ 13.864752, 53.900461 ], [ 13.903287, 53.910996 ], [ 13.914106, 53.921857 ], [ 13.881315, 53.949795 ], [ 13.852625, 53.952755 ], [ 13.85385, 53.964629 ], [ 13.833822, 53.984429 ], [ 13.795544, 53.995809 ], [ 13.760406, 54.015403 ], [ 13.757873, 54.027967 ], [ 13.743604, 54.028717 ], [ 13.782645, 54.047543 ], [ 13.773806, 54.059802 ], [ 13.790169, 54.064415 ], [ 13.79337, 54.085522 ], [ 13.808751, 54.100453 ], [ 13.747315, 54.134596 ], [ 13.749066, 54.139783 ], [ 13.733973, 54.135947 ], [ 13.697389, 54.148923 ], [ 13.69562, 54.157936 ], [ 13.718302, 54.16323 ], [ 13.706258, 54.171182 ], [ 13.652951, 54.153697 ], [ 13.644009, 54.156979 ], [ 13.645726, 54.150825 ], [ 13.623476, 54.139661 ], [ 13.485988, 54.122778 ], [ 13.476949, 54.115754 ], [ 13.501854, 54.087109 ], [ 13.489404, 54.083846 ], [ 13.458848, 54.090661 ], [ 13.430165, 54.135548 ], [ 13.406737, 54.147036 ], [ 13.419284, 54.17284 ], [ 13.394405, 54.18121 ], [ 13.399805, 54.169643 ], [ 13.379003, 54.177114 ], [ 13.316392, 54.160125 ], [ 13.335253, 54.173951 ], [ 13.340662, 54.173829 ], [ 13.336657, 54.177001 ], [ 13.357489, 54.183365 ], [ 13.371284, 54.181766 ], [ 13.365335, 54.185304 ], [ 13.326608, 54.183824 ], [ 13.291229, 54.234035 ], [ 13.215673, 54.241212 ], [ 13.210502, 54.244947 ], [ 13.216216, 54.249816 ], [ 13.185337, 54.266343 ], [ 13.167175, 54.266233 ], [ 13.142766, 54.253655 ], [ 13.160439, 54.267631 ], [ 13.178427, 54.269274 ], [ 13.166598, 54.27894 ], [ 13.14767, 54.267929 ], [ 13.132873, 54.279415 ], [ 13.138935, 54.319291 ], [ 13.185501, 54.300019 ], [ 13.154112, 54.304643 ], [ 13.139702, 54.296364 ], [ 13.141667, 54.280924 ], [ 13.181069, 54.287439 ], [ 13.192975, 54.29709 ], [ 13.203025, 54.290274 ], [ 13.196188, 54.284484 ], [ 13.199542, 54.269918 ], [ 13.21535, 54.271373 ], [ 13.217801, 54.279308 ], [ 13.217111, 54.273018 ], [ 13.268173, 54.25373 ], [ 13.321519, 54.258077 ], [ 13.309688, 54.265703 ], [ 13.336709, 54.278562 ], [ 13.322781, 54.26618 ], [ 13.321679, 54.245662 ], [ 13.295038, 54.255422 ], [ 13.290849, 54.251283 ], [ 13.393587, 54.220971 ], [ 13.42472, 54.238546 ], [ 13.417372, 54.255824 ], [ 13.401554, 54.265706 ], [ 13.378793, 54.253334 ], [ 13.364478, 54.264104 ], [ 13.359019, 54.257495 ], [ 13.369372, 54.254177 ], [ 13.357959, 54.246677 ], [ 13.350821, 54.269835 ], [ 13.390756, 54.27945 ], [ 13.386721, 54.266562 ], [ 13.419602, 54.302789 ], [ 13.461909, 54.316407 ], [ 13.466944, 54.326416 ], [ 13.452526, 54.326074 ], [ 13.454626, 54.336093 ], [ 13.464385, 54.329127 ], [ 13.507071, 54.344207 ], [ 13.550764, 54.339687 ], [ 13.575318, 54.352998 ], [ 13.598319, 54.34786 ], [ 13.614172, 54.330197 ], [ 13.62886, 54.331331 ], [ 13.622931, 54.334284 ], [ 13.65038, 54.349054 ], [ 13.682149, 54.349892 ], [ 13.674049, 54.337326 ], [ 13.609804, 54.316604 ], [ 13.672228, 54.330309 ], [ 13.703623, 54.326303 ], [ 13.700308, 54.316757 ], [ 13.645404, 54.297561 ], [ 13.661704, 54.287525 ], [ 13.702218, 54.29563 ], [ 13.70947, 54.279912 ], [ 13.683837, 54.283447 ], [ 13.707661, 54.268744 ], [ 13.724231, 54.273855 ], [ 13.715406, 54.294085 ], [ 13.719296, 54.311506 ], [ 13.740058, 54.335481 ], [ 13.766909, 54.341834 ], [ 13.721178, 54.359136 ], [ 13.703277, 54.385689 ], [ 13.672937, 54.401201 ], [ 13.61337, 54.403373 ], [ 13.587438, 54.426024 ], [ 13.57009, 54.459869 ], [ 13.577998, 54.479615 ], [ 13.597586, 54.476359 ], [ 13.597164, 54.488102 ], [ 13.60941, 54.498861 ], [ 13.669397, 54.521073 ], [ 13.681642, 54.542616 ], [ 13.679809, 54.562486 ], [ 13.634857, 54.585468 ], [ 13.460386, 54.570628 ], [ 13.418736, 54.580867 ], [ 13.393315, 54.598617 ], [ 13.377238, 54.635559 ], [ 13.391083, 54.651317 ], [ 13.432155, 54.663624 ], [ 13.438944, 54.677533 ], [ 13.427721, 54.685011 ], [ 13.287622, 54.673795 ], [ 13.250613, 54.660459 ], [ 13.219878, 54.640779 ], [ 13.225741, 54.612311 ], [ 13.214809, 54.595552 ], [ 13.167249, 54.573732 ], [ 13.160937, 54.559083 ], [ 13.237939, 54.594187 ], [ 13.227097, 54.625155 ], [ 13.282403, 54.645705 ], [ 13.287504, 54.625314 ], [ 13.257083, 54.59008 ], [ 13.245451, 54.557833 ], [ 13.332397, 54.581941 ], [ 13.327577, 54.593406 ], [ 13.368071, 54.614697 ], [ 13.384104, 54.596026 ], [ 13.385335, 54.580726 ], [ 13.424792, 54.568878 ], [ 13.446131, 54.551601 ], [ 13.490403, 54.550819 ], [ 13.484938, 54.558713 ], [ 13.511133, 54.566114 ], [ 13.510273, 54.557824 ], [ 13.491254, 54.558827 ], [ 13.514186, 54.526871 ], [ 13.507953, 54.525238 ], [ 13.513606, 54.525085 ], [ 13.508038, 54.5243 ], [ 13.514127, 54.51029 ], [ 13.500039, 54.489284 ], [ 13.506384, 54.477066 ], [ 13.548101, 54.47491 ], [ 13.54687, 54.456783 ], [ 13.523994, 54.448035 ], [ 13.552038, 54.446733 ], [ 13.557162, 54.438539 ], [ 13.520061, 54.433913 ], [ 13.542169, 54.427676 ], [ 13.537789, 54.417654 ], [ 13.476252, 54.424579 ], [ 13.483468, 54.442865 ], [ 13.498524, 54.446195 ], [ 13.482733, 54.435598 ], [ 13.503909, 54.434406 ], [ 13.514035, 54.443192 ], [ 13.500082, 54.444492 ], [ 13.506172, 54.45164 ], [ 13.470801, 54.454043 ], [ 13.483823, 54.473715 ], [ 13.500801, 54.48229 ], [ 13.448382, 54.474382 ], [ 13.441669, 54.487342 ], [ 13.412583, 54.493769 ], [ 13.406097, 54.505694 ], [ 13.414582, 54.519875 ], [ 13.380394, 54.546233 ], [ 13.376819, 54.559534 ], [ 13.354364, 54.547368 ], [ 13.387965, 54.539978 ], [ 13.38767, 54.531257 ], [ 13.37399, 54.520359 ], [ 13.344494, 54.521398 ], [ 13.361437, 54.543382 ], [ 13.336092, 54.548502 ], [ 13.353978, 54.551423 ], [ 13.370667, 54.577084 ], [ 13.355024, 54.581032 ], [ 13.297227, 54.552434 ], [ 13.307486, 54.539496 ], [ 13.303088, 54.527901 ], [ 13.312116, 54.524424 ], [ 13.304905, 54.514117 ], [ 13.287939, 54.522108 ], [ 13.295275, 54.536824 ], [ 13.289417, 54.541635 ], [ 13.243706, 54.555568 ], [ 13.144181, 54.546966 ], [ 13.139204, 54.54051 ], [ 13.158279, 54.537687 ], [ 13.162138, 54.514193 ], [ 13.170685, 54.507833 ], [ 13.200486, 54.503748 ], [ 13.231376, 54.510898 ], [ 13.228588, 54.485442 ], [ 13.270113, 54.479889 ], [ 13.231046, 54.467894 ], [ 13.253256, 54.464273 ], [ 13.206041, 54.460278 ], [ 13.199988, 54.448026 ], [ 13.192684, 54.455321 ], [ 13.170586, 54.453728 ], [ 13.149423, 54.428134 ], [ 13.158302, 54.420646 ], [ 13.211862, 54.429944 ], [ 13.220522, 54.413784 ], [ 13.237525, 54.409843 ], [ 13.232404, 54.403772 ], [ 13.24934, 54.407882 ], [ 13.254838, 54.405711 ], [ 13.230236, 54.397373 ], [ 13.238086, 54.386334 ], [ 13.260337, 54.380454 ], [ 13.220443, 54.367729 ], [ 13.19695, 54.375911 ], [ 13.129932, 54.372093 ], [ 13.113687, 54.334779 ], [ 13.135003, 54.324117 ], [ 13.129104, 54.321141 ], [ 13.115016, 54.322998 ], [ 13.10471, 54.347451 ], [ 13.079841, 54.352945 ], [ 13.093836, 54.365776 ], [ 13.082578, 54.37943 ], [ 13.04846, 54.380126 ], [ 13.025666, 54.396507 ], [ 13.020222, 54.412359 ], [ 13.034274, 54.431689 ], [ 13.015778, 54.439393 ], [ 12.897716, 54.40167 ], [ 12.878088, 54.364998 ], [ 12.809664, 54.343601 ], [ 12.804007, 54.370401 ], [ 12.785001, 54.379475 ], [ 12.786492, 54.396445 ], [ 12.774797, 54.388814 ], [ 12.768903, 54.371609 ], [ 12.755855, 54.37056 ], [ 12.744056, 54.384061 ], [ 12.740981, 54.372886 ], [ 12.71954, 54.37311 ], [ 12.71511, 54.398701 ], [ 12.700088, 54.398483 ], [ 12.69649, 54.385136 ], [ 12.682587, 54.374405 ], [ 12.688407, 54.368135 ], [ 12.676334, 54.370922 ], [ 12.693485, 54.386081 ], [ 12.685112, 54.396525 ], [ 12.714321, 54.405 ], [ 12.707489, 54.411879 ], [ 12.668525, 54.408133 ], [ 12.667457, 54.404416 ], [ 12.658221, 54.403491 ], [ 12.67137, 54.390946 ], [ 12.622211, 54.37221 ], [ 12.596853, 54.371812 ], [ 12.594571, 54.358122 ], [ 12.574804, 54.358211 ], [ 12.581704, 54.373384 ], [ 12.566506, 54.371581 ], [ 12.553757, 54.379586 ], [ 12.554682, 54.372513 ], [ 12.534334, 54.365176 ], [ 12.553295, 54.356142 ], [ 12.538895, 54.352494 ], [ 12.535702, 54.338429 ], [ 12.473091, 54.32961 ], [ 12.478728, 54.303929 ], [ 12.429371, 54.293561 ], [ 12.427036, 54.374001 ], [ 12.436138, 54.379089 ], [ 12.495643, 54.38239 ], [ 12.51772, 54.3727 ], [ 12.552503, 54.390125 ], [ 12.592285, 54.383637 ], [ 12.597821, 54.391567 ], [ 12.577482, 54.396369 ], [ 12.577212, 54.403968 ], [ 12.617513, 54.407253 ], [ 12.610652, 54.41091 ], [ 12.617191, 54.417954 ], [ 12.638082, 54.425512 ], [ 12.653148, 54.410507 ], [ 12.666362, 54.408647 ], [ 12.66804, 54.410138 ], [ 12.667526, 54.418569 ], [ 12.669319, 54.42144 ], [ 12.69316, 54.432254 ], [ 12.721033, 54.432375 ], [ 12.725814, 54.430141 ], [ 12.740472, 54.415112 ], [ 12.786029, 54.417371 ], [ 12.801847, 54.408699 ], [ 12.831864, 54.423058 ], [ 12.874948, 54.413712 ], [ 12.926952, 54.427964 ], [ 12.915394, 54.438829 ], [ 12.920989, 54.445095 ], [ 12.676585, 54.442182 ], [ 12.560918, 54.454727 ], [ 12.526071, 54.471202 ], [ 12.530118, 54.482075 ], [ 12.522122, 54.486566 ], [ 12.500847, 54.474949 ], [ 12.466409, 54.419857 ], [ 12.436295, 54.3917 ], [ 12.405931, 54.376936 ], [ 12.340872, 54.300548 ], [ 12.192888, 54.240992 ], [ 12.127472, 54.186061 ], [ 12.106867, 54.178337 ], [ 12.093695, 54.185417 ], [ 12.100993, 54.169288 ], [ 12.086852, 54.18594 ], [ 12.061464, 54.178055 ], [ 12.01136, 54.178336 ], [ 11.849774, 54.145002 ], [ 11.761385, 54.154502 ], [ 11.682937, 54.153271 ], [ 11.608383, 54.107032 ], [ 11.55252, 54.092687 ], [ 11.525097, 54.070926 ], [ 11.535277, 54.07276 ], [ 11.53176, 54.049183 ], [ 11.603985, 54.102488 ], [ 11.626486, 54.089646 ], [ 11.62447, 54.076782 ], [ 11.610926, 54.068314 ], [ 11.582609, 54.063689 ], [ 11.587091, 54.046985 ], [ 11.572863, 54.033112 ], [ 11.546191, 54.024877 ], [ 11.529102, 54.033849 ], [ 11.518527, 54.030286 ], [ 11.534009, 54.019644 ], [ 11.509776, 54.011906 ], [ 11.490513, 53.993787 ], [ 11.499817, 53.985955 ], [ 11.493928, 53.970842 ], [ 11.487919, 53.96823 ], [ 11.488146, 53.975541 ], [ 11.470157, 53.965362 ], [ 11.483296, 53.967446 ], [ 11.48165, 53.927391 ], [ 11.444659, 53.914898 ], [ 11.447296, 53.904907 ], [ 11.463496, 53.902404 ], [ 11.455625, 53.902071 ], [ 11.463785, 53.899169 ], [ 11.457068, 53.899467 ], [ 11.460843, 53.89678 ], [ 11.460437, 53.895492 ], [ 11.436161, 53.900085 ], [ 11.436894, 53.911065 ], [ 11.403607, 53.921493 ], [ 11.406837, 53.935202 ], [ 11.365038, 53.935139 ], [ 11.334459, 53.958975 ], [ 11.288721, 53.931571 ], [ 11.253911, 53.937149 ], [ 11.241481, 53.954145 ], [ 11.24589, 53.973157 ], [ 11.254338, 53.972635 ], [ 11.259722, 53.983537 ], [ 11.207203, 53.988375 ], [ 11.179985, 54.015166 ], [ 11.042239, 54.00664 ], [ 10.903662, 53.956822 ], [ 10.909463, 53.946269 ], [ 10.896389, 53.93597 ], [ 10.895098, 53.924548 ], [ 10.939332, 53.919334 ], [ 10.963663, 53.913497 ], [ 10.967726, 53.907858 ], [ 10.911024, 53.897952 ], [ 10.902097, 53.906291 ], [ 10.911294, 53.915226 ], [ 10.882572, 53.924497 ], [ 10.848295, 53.905114 ], [ 10.847211, 53.896943 ], [ 10.818927, 53.893533 ], [ 10.802403, 53.877082 ], [ 10.771051, 53.873186 ], [ 10.747711, 53.851511 ], [ 10.75365, 53.848574 ], [ 10.747851, 53.833364 ], [ 10.761591, 53.822601 ], [ 10.773252, 53.792387 ], [ 10.765915, 53.779901 ], [ 10.770256, 53.775481 ], [ 10.757977, 53.763594 ], [ 10.758033, 53.747517 ], [ 10.805917, 53.73921 ], [ 10.810876, 53.720072 ], [ 10.852171, 53.705845 ], [ 10.850944, 53.700125 ], [ 10.905289, 53.703294 ], [ 10.922142, 53.699469 ], [ 10.926054, 53.692046 ], [ 10.918972, 53.689159 ], [ 10.941767, 53.684542 ], [ 10.938627, 53.665822 ], [ 10.954884, 53.656705 ], [ 10.929563, 53.628707 ], [ 10.917465, 53.599316 ], [ 10.923795, 53.584186 ], [ 10.909484, 53.57145 ], [ 10.863702, 53.564632 ], [ 10.823261, 53.575181 ], [ 10.831906, 53.542582 ], [ 10.814518, 53.522025 ], [ 10.824334, 53.513741 ], [ 10.786431, 53.510457 ], [ 10.777781, 53.495181 ], [ 10.756012, 53.483394 ], [ 10.701661, 53.478255 ], [ 10.692973, 53.455138 ], [ 10.652043, 53.461477 ], [ 10.632308, 53.454803 ], [ 10.618366, 53.425371 ], [ 10.616904, 53.38457 ], [ 10.593673, 53.367856 ], [ 10.703123, 53.36942 ], [ 10.728462, 53.356674 ], [ 10.738086, 53.342344 ], [ 10.763085, 53.338851 ], [ 10.759654, 53.329987 ], [ 10.835806, 53.30497 ], [ 10.87024, 53.317716 ], [ 10.866043, 53.326912 ], [ 10.888029, 53.324382 ], [ 10.880321, 53.335527 ], [ 10.899241, 53.334196 ], [ 10.919361, 53.34842 ], [ 10.955539, 53.333461 ], [ 10.959361, 53.338525 ], [ 10.988001, 53.333427 ], [ 10.982661, 53.327536 ], [ 10.999076, 53.321024 ], [ 11.009456, 53.281479 ], [ 11.028106, 53.278479 ], [ 11.080145, 53.220521 ], [ 11.138487, 53.202505 ], [ 11.14499, 53.197779 ], [ 11.136704, 53.191842 ], [ 11.194111, 53.181186 ], [ 11.189082, 53.16562 ], [ 11.171862, 53.156644 ], [ 11.184574, 53.136421 ], [ 11.22338, 53.143774 ], [ 11.290417, 53.116903 ], [ 11.393768, 53.110303 ], [ 11.400568, 53.115818 ], [ 11.391801, 53.129654 ], [ 11.395628, 53.14 ], [ 11.460835, 53.140231 ], [ 11.473707, 53.134609 ], [ 11.47343, 53.127251 ], [ 11.502223, 53.121386 ], [ 11.548511, 53.130823 ], [ 11.555962, 53.138779 ], [ 11.550083, 53.151074 ], [ 11.569467, 53.166606 ], [ 11.562553, 53.175827 ], [ 11.56708, 53.182495 ], [ 11.557824, 53.184859 ], [ 11.56058, 53.202673 ], [ 11.551586, 53.208407 ], [ 11.588957, 53.215841 ], [ 11.625925, 53.241375 ], [ 11.700018, 53.243978 ], [ 11.714625, 53.230508 ], [ 11.727527, 53.231665 ], [ 11.72933, 53.217152 ], [ 11.740463, 53.218223 ], [ 11.769071, 53.227491 ], [ 11.828894, 53.228655 ], [ 11.82961, 53.236508 ], [ 11.796067, 53.253348 ], [ 11.861747, 53.248217 ], [ 11.889861, 53.269051 ], [ 11.892603, 53.278981 ], [ 11.954249, 53.273809 ], [ 11.973858, 53.299159 ], [ 11.997067, 53.293906 ], [ 12.023639, 53.304143 ], [ 12.014611, 53.334424 ], [ 12.057339, 53.349342 ], [ 12.045285, 53.370988 ], [ 12.077547, 53.369387 ], [ 12.082078, 53.346299 ], [ 12.092089, 53.344856 ], [ 12.13445, 53.34843 ], [ 12.139441, 53.361417 ], [ 12.151951, 53.361505 ], [ 12.16856, 53.339117 ], [ 12.186848, 53.343335 ], [ 12.19112, 53.353951 ], [ 12.229435, 53.358161 ], [ 12.23643, 53.341979 ], [ 12.260207, 53.323912 ], [ 12.310765, 53.327242 ], [ 12.394248, 53.301805 ], [ 12.391832, 53.285057 ], [ 12.428009, 53.274988 ], [ 12.445312, 53.249928 ], [ 12.529768, 53.264788 ], [ 12.606047, 53.244395 ], [ 12.628419, 53.254555 ], [ 12.654933, 53.255251 ], [ 12.675658, 53.247719 ], [ 12.663967, 53.234951 ], [ 12.671179, 53.229505 ], [ 12.757411, 53.224353 ], [ 12.739493, 53.199602 ], [ 12.764381, 53.188931 ], [ 12.845979, 53.201402 ], [ 12.88011, 53.17969 ], [ 12.912842, 53.195174 ], [ 12.929738, 53.194417 ], [ 12.919966, 53.186377 ], [ 12.942431, 53.185927 ], [ 12.937115, 53.194316 ], [ 12.964245, 53.200392 ], [ 12.979434, 53.190552 ], [ 12.941998, 53.174315 ], [ 12.961514, 53.177738 ], [ 12.980466, 53.162527 ], [ 13.004615, 53.166917 ], [ 13.020037, 53.17571 ], [ 13.018727, 53.185246 ], [ 13.042415, 53.196499 ], [ 13.079533, 53.200184 ], [ 13.08727, 53.2154 ], [ 13.106564, 53.215153 ], [ 13.103262, 53.23554 ], [ 13.109926, 53.240228 ], [ 13.132977, 53.237318 ], [ 13.152221, 53.251114 ], [ 13.15255, 53.246038 ], [ 13.181914, 53.250734 ], [ 13.202681, 53.222121 ], [ 13.229392, 53.216587 ], [ 13.251243, 53.24739 ], [ 13.243751, 53.248691 ], [ 13.252714, 53.262305 ], [ 13.275314, 53.265061 ], [ 13.297802, 53.280893 ], [ 13.337076, 53.273428 ], [ 13.360451, 53.277999 ], [ 13.386534, 53.244055 ], [ 13.405175, 53.246418 ], [ 13.407684, 53.262631 ], [ 13.442401, 53.286485 ], [ 13.434136, 53.289939 ], [ 13.438208, 53.299733 ], [ 13.456185, 53.297955 ], [ 13.461283, 53.288693 ], [ 13.483064, 53.291203 ], [ 13.507267, 53.316233 ], [ 13.502843, 53.327333 ], [ 13.510114, 53.317449 ], [ 13.523531, 53.320085 ], [ 13.525261, 53.35102 ], [ 13.516854, 53.352093 ], [ 13.525997, 53.366347 ], [ 13.543425, 53.364032 ], [ 13.55637, 53.376092 ], [ 13.550207, 53.380936 ], [ 13.556587, 53.391563 ], [ 13.546207, 53.394195 ], [ 13.550112, 53.399081 ], [ 13.610509, 53.413759 ], [ 13.625217, 53.409303 ], [ 13.636017, 53.423519 ], [ 13.628841, 53.432 ], [ 13.6373, 53.432584 ], [ 13.6405, 53.447239 ], [ 13.65129, 53.443691 ], [ 13.662562, 53.45774 ], [ 13.7154, 53.482261 ], [ 13.741373, 53.485807 ], [ 13.778939, 53.474215 ], [ 13.812079, 53.483944 ], [ 13.827102, 53.498714 ], [ 13.80146, 53.497956 ], [ 13.792463, 53.510942 ], [ 13.777657, 53.513705 ], [ 13.776376, 53.53129 ], [ 13.791347, 53.558578 ], [ 13.800571, 53.558255 ], [ 13.798463, 53.54569 ], [ 13.821728, 53.51811 ], [ 13.879268, 53.50414 ], [ 13.873925, 53.490595 ], [ 13.88459, 53.485337 ], [ 13.875592, 53.473466 ], [ 13.918213, 53.455998 ], [ 13.902894, 53.432025 ], [ 13.916373, 53.422266 ], [ 14.001217, 53.434992 ], [ 14.045604, 53.429425 ], [ 14.050578, 53.413988 ], [ 14.082224, 53.410912 ], [ 14.105426, 53.422426 ], [ 14.121844, 53.441708 ], [ 14.176962, 53.422867 ], [ 14.205911, 53.423027 ], [ 14.224661, 53.434248 ], [ 14.237712, 53.427342 ], [ 14.243144, 53.392321 ], [ 14.223407, 53.358563 ], [ 14.109653, 53.282638 ], [ 14.098817, 53.261672 ], [ 14.160239, 53.267811 ], [ 14.211058, 53.254814 ], [ 14.266048, 53.259595 ], [ 14.262189, 53.276602 ], [ 14.301854, 53.286224 ], [ 14.316569, 53.312336 ], [ 14.34866, 53.30997 ], [ 14.412381, 53.329593 ] ] ] ] } },
{ "type": "Feature", "properties": { "name": "Braunschweig", "area": 8121.2518059033609 }, "geometry": { "type": "Polygon", "coordinates": [ [ [ 9.928339, 51.375299 ], [ 9.965943, 51.395477 ], [ 10.000375, 51.403655 ], [ 10.009329, 51.420604 ], [ 10.037844, 51.420005 ], [ 10.051442, 51.430321 ], [ 10.046803, 51.436673 ], [ 10.058782, 51.434893 ], [ 10.069108, 51.418438 ], [ 10.080108, 51.43456 ], [ 10.15294, 51.43026 ], [ 10.140005, 51.442614 ], [ 10.174306, 51.446256 ], [ 10.186012, 51.462174 ], [ 10.178252, 51.470016 ], [ 10.201975, 51.48652 ], [ 10.218202, 51.47854 ], [ 10.216946, 51.470075 ], [ 10.233173, 51.470846 ], [ 10.244678, 51.483735 ], [ 10.29967, 51.493896 ], [ 10.308818, 51.51514 ], [ 10.342275, 51.519497 ], [ 10.348125, 51.532173 ], [ 10.367664, 51.543036 ], [ 10.372185, 51.552993 ], [ 10.365365, 51.555891 ], [ 10.378999, 51.568573 ], [ 10.370023, 51.587536 ], [ 10.444382, 51.589656 ], [ 10.495696, 51.572788 ], [ 10.518974, 51.553763 ], [ 10.560269, 51.557068 ], [ 10.604264, 51.579575 ], [ 10.636525, 51.562227 ], [ 10.660745, 51.560752 ], [ 10.666307, 51.578099 ], [ 10.638675, 51.584117 ], [ 10.634445, 51.594306 ], [ 10.633496, 51.607903 ], [ 10.649001, 51.606514 ], [ 10.63821, 51.619437 ], [ 10.682481, 51.628917 ], [ 10.677283, 51.638376 ], [ 10.701372, 51.642188 ], [ 10.670507, 51.666913 ], [ 10.66306, 51.691212 ], [ 10.672617, 51.696966 ], [ 10.668307, 51.709908 ], [ 10.642023, 51.72529 ], [ 10.626097, 51.759017 ], [ 10.5912, 51.768988 ], [ 10.574174, 51.811127 ], [ 10.58843, 51.835786 ], [ 10.579101, 51.848257 ], [ 10.602615, 51.854545 ], [ 10.649322, 51.889105 ], [ 10.648215, 51.908245 ], [ 10.613314, 51.921515 ], [ 10.61326, 51.939468 ], [ 10.651304, 51.957561 ], [ 10.641704, 51.962628 ], [ 10.619941, 51.957679 ], [ 10.619617, 51.966936 ], [ 10.606237, 51.968666 ], [ 10.606233, 51.977287 ], [ 10.58569, 51.97623 ], [ 10.586779, 51.982732 ], [ 10.561227, 52.004066 ], [ 10.59228, 52.014204 ], [ 10.600194, 52.007166 ], [ 10.62602, 52.008198 ], [ 10.621436, 52.010334 ], [ 10.655492, 52.024687 ], [ 10.647887, 52.041721 ], [ 10.687385, 52.048138 ], [ 10.759893, 52.045085 ], [ 10.851442, 52.050337 ], [ 10.878944, 52.059203 ], [ 10.964415, 52.056643 ], [ 10.97305, 52.073124 ], [ 10.970653, 52.086265 ], [ 10.942005, 52.094363 ], [ 10.94216, 52.10309 ], [ 10.976878, 52.105729 ], [ 11.01747, 52.12826 ], [ 11.044135, 52.133666 ], [ 11.045039, 52.143554 ], [ 11.060428, 52.153474 ], [ 11.054618, 52.160256 ], [ 11.060337, 52.172387 ], [ 11.019245, 52.178087 ], [ 11.013647, 52.199556 ], [ 11.02458, 52.201096 ], [ 11.029448, 52.211448 ], [ 11.077185, 52.218677 ], [ 11.086244, 52.228634 ], [ 11.073268, 52.24324 ], [ 11.058907, 52.240652 ], [ 11.052168, 52.267364 ], [ 11.029067, 52.270121 ], [ 11.013801, 52.286649 ], [ 11.039223, 52.301672 ], [ 11.036015, 52.310396 ], [ 11.011617, 52.328241 ], [ 11.001077, 52.327481 ], [ 11.002083, 52.336585 ], [ 10.987912, 52.335016 ], [ 10.983674, 52.341686 ], [ 11.057474, 52.350333 ], [ 11.068684, 52.355478 ], [ 11.067, 52.369877 ], [ 11.07448, 52.374403 ], [ 11.046753, 52.38787 ], [ 11.01516, 52.388107 ], [ 11.018695, 52.397042 ], [ 11.005579, 52.408872 ], [ 10.933746, 52.460952 ], [ 10.934585, 52.476174 ], [ 10.949994, 52.495606 ], [ 10.97484, 52.501363 ], [ 11.008782, 52.496748 ], [ 10.958992, 52.535554 ], [ 10.937576, 52.5674 ], [ 10.947436, 52.58255 ], [ 10.939817, 52.589573 ], [ 10.975629, 52.606825 ], [ 10.976968, 52.624142 ], [ 10.921412, 52.610437 ], [ 10.925026, 52.614597 ], [ 10.904378, 52.627467 ], [ 10.877759, 52.663832 ], [ 10.837507, 52.69581 ], [ 10.829703, 52.716135 ], [ 10.796697, 52.714326 ], [ 10.788176, 52.733172 ], [ 10.791666, 52.748197 ], [ 10.776208, 52.754789 ], [ 10.756182, 52.782877 ], [ 10.759314, 52.79583 ], [ 10.694672, 52.781699 ], [ 10.669901, 52.765064 ], [ 10.634438, 52.772535 ], [ 10.593669, 52.794638 ], [ 10.579611, 52.815224 ], [ 10.556426, 52.830699 ], [ 10.532567, 52.834222 ], [ 10.531009, 52.827955 ], [ 10.523872, 52.832431 ], [ 10.458864, 52.809113 ], [ 10.44441, 52.815763 ], [ 10.419893, 52.799898 ], [ 10.395986, 52.775371 ], [ 10.395801, 52.762216 ], [ 10.403444, 52.758764 ], [ 10.362937, 52.721998 ], [ 10.378347, 52.694772 ], [ 10.368675, 52.689691 ], [ 10.384499, 52.6906 ], [ 10.405979, 52.65753 ], [ 10.37957, 52.632662 ], [ 10.417397, 52.606596 ], [ 10.381596, 52.573014 ], [ 10.410868, 52.572958 ], [ 10.410597, 52.564124 ], [ 10.396614, 52.564818 ], [ 10.40088, 52.557618 ], [ 10.392437, 52.55517 ], [ 10.378283, 52.560511 ], [ 10.383084, 52.547072 ], [ 10.351662, 52.56116 ], [ 10.346494, 52.545665 ], [ 10.33588, 52.548458 ], [ 10.33775, 52.540275 ], [ 10.304697, 52.533896 ], [ 10.310949, 52.530353 ], [ 10.306235, 52.522522 ], [ 10.281819, 52.527904 ], [ 10.282856, 52.516799 ], [ 10.260112, 52.518249 ], [ 10.288988, 52.506333 ], [ 10.272232, 52.482841 ], [ 10.303397, 52.458721 ], [ 10.286176, 52.46089 ], [ 10.282162, 52.452828 ], [ 10.293785, 52.448783 ], [ 10.251954, 52.436641 ], [ 10.250089, 52.419875 ], [ 10.207657, 52.429427 ], [ 10.197606, 52.406981 ], [ 10.179891, 52.396017 ], [ 10.130702, 52.393997 ], [ 10.131507, 52.383666 ], [ 10.145575, 52.378096 ], [ 10.144638, 52.368813 ], [ 10.155522, 52.362674 ], [ 10.125638, 52.354221 ], [ 10.140642, 52.349599 ], [ 10.134811, 52.343155 ], [ 10.140576, 52.339454 ], [ 10.125524, 52.33787 ], [ 10.13253, 52.328547 ], [ 10.117638, 52.321963 ], [ 10.111327, 52.325845 ], [ 10.115442, 52.331045 ], [ 10.098049, 52.332524 ], [ 10.096666, 52.34194 ], [ 10.08147, 52.339557 ], [ 10.078418, 52.30315 ], [ 10.03412, 52.291465 ], [ 10.028617, 52.263661 ], [ 9.999687, 52.257824 ], [ 9.998499, 52.23026 ], [ 10.046046, 52.231408 ], [ 10.064712, 52.222074 ], [ 10.135609, 52.236467 ], [ 10.157297, 52.225256 ], [ 10.184248, 52.234618 ], [ 10.248865, 52.213323 ], [ 10.259176, 52.197791 ], [ 10.263958, 52.188498 ], [ 10.256153, 52.186235 ], [ 10.257537, 52.174354 ], [ 10.23525, 52.169965 ], [ 10.233761, 52.17825 ], [ 10.204824, 52.179417 ], [ 10.176286, 52.141208 ], [ 10.192603, 52.138679 ], [ 10.200095, 52.124262 ], [ 10.175169, 52.109392 ], [ 10.179243, 52.091125 ], [ 10.198896, 52.081869 ], [ 10.202752, 52.059384 ], [ 10.195992, 52.062158 ], [ 10.200822, 52.050877 ], [ 10.193178, 52.044574 ], [ 10.204089, 52.007234 ], [ 10.193639, 52.000811 ], [ 10.206056, 51.966911 ], [ 10.196448, 51.957658 ], [ 10.087023, 51.960315 ], [ 10.070919, 51.940379 ], [ 10.079725, 51.935489 ], [ 10.065526, 51.92736 ], [ 10.033581, 51.947799 ], [ 10.018491, 51.937757 ], [ 10.004273, 51.942615 ], [ 9.992182, 51.933609 ], [ 10.012313, 51.918907 ], [ 10.008564, 51.908098 ], [ 9.969196, 51.896906 ], [ 9.944895, 51.913023 ], [ 9.925537, 51.903369 ], [ 9.911704, 51.91263 ], [ 9.893353, 51.900556 ], [ 9.872951, 51.908566 ], [ 9.879803, 51.90107 ], [ 9.803328, 51.884841 ], [ 9.784024, 51.864458 ], [ 9.711203, 51.880046 ], [ 9.683125, 51.855401 ], [ 9.688452, 51.848433 ], [ 9.682625, 51.839667 ], [ 9.652266, 51.836117 ], [ 9.642877, 51.818039 ], [ 9.579181, 51.789787 ], [ 9.581359, 51.775511 ], [ 9.561348, 51.762723 ], [ 9.557455, 51.739913 ], [ 9.50319, 51.727719 ], [ 9.440781, 51.695742 ], [ 9.439633, 51.677608 ], [ 9.423345, 51.673119 ], [ 9.437128, 51.65353 ], [ 9.422273, 51.650572 ], [ 9.417318, 51.647269 ], [ 9.453276, 51.645749 ], [ 9.494613, 51.657363 ], [ 9.491656, 51.635322 ], [ 9.507711, 51.627055 ], [ 9.525136, 51.62675 ], [ 9.544765, 51.639974 ], [ 9.570708, 51.62472 ], [ 9.625999, 51.636914 ], [ 9.637835, 51.608805 ], [ 9.690948, 51.576315 ], [ 9.684004, 51.566533 ], [ 9.626831, 51.581976 ], [ 9.628368, 51.567196 ], [ 9.647755, 51.552511 ], [ 9.622443, 51.548673 ], [ 9.60931, 51.556905 ], [ 9.62195, 51.541867 ], [ 9.618832, 51.530103 ], [ 9.586259, 51.519319 ], [ 9.619587, 51.481029 ], [ 9.643814, 51.46916 ], [ 9.630149, 51.458209 ], [ 9.627621, 51.444209 ], [ 9.643582, 51.418261 ], [ 9.630582, 51.406106 ], [ 9.610017, 51.407823 ], [ 9.594078, 51.397987 ], [ 9.579345, 51.401769 ], [ 9.564025, 51.386964 ], [ 9.560317, 51.375588 ], [ 9.57697, 51.369629 ], [ 9.548441, 51.358955 ], [ 9.568025, 51.340001 ], [ 9.581657, 51.342196 ], [ 9.604435, 51.325556 ], [ 9.633366, 51.325854 ], [ 9.638543, 51.322392 ], [ 9.632933, 51.324429 ], [ 9.628524, 51.311903 ], [ 9.669386, 51.317711 ], [ 9.732304, 51.295232 ], [ 9.7682, 51.306726 ], [ 9.775202, 51.325196 ], [ 9.76351, 51.325339 ], [ 9.772456, 51.336291 ], [ 9.738248, 51.319429 ], [ 9.702144, 51.364572 ], [ 9.738459, 51.369213 ], [ 9.765861, 51.385978 ], [ 9.80145, 51.386915 ], [ 9.800127, 51.399188 ], [ 9.792787, 51.401384 ], [ 9.797124, 51.408428 ], [ 9.840637, 51.402642 ], [ 9.840107, 51.383593 ], [ 9.865276, 51.371613 ], [ 9.850743, 51.414414 ], [ 9.868535, 51.413791 ], [ 9.878315, 51.404477 ], [ 9.883152, 51.414966 ], [ 9.906021, 51.421139 ], [ 9.913393, 51.410631 ], [ 9.907043, 51.407711 ], [ 9.931109, 51.392733 ], [ 9.928339, 51.375299 ] ] ] } },
{ "type": "Feature", "properties": { "name": "Hannover", "area": 9065.5724696005891 }, "geometry": { "type": "Polygon", "coordinates": [ [ [ 8.711424, 53.04463 ], [ 8.684184, 53.035757 ], [ 8.678775, 53.018277 ], [ 8.664005, 53.019772 ], [ 8.642158, 52.988145 ], [ 8.654775, 52.963158 ], [ 8.657502, 52.96901 ], [ 8.688331, 52.966751 ], [ 8.683913, 52.949532 ], [ 8.694027, 52.920149 ], [ 8.690623, 52.913857 ], [ 8.673125, 52.912822 ], [ 8.669375, 52.92003 ], [ 8.644685, 52.911749 ], [ 8.657339, 52.901397 ], [ 8.646857, 52.904391 ], [ 8.637802, 52.89484 ], [ 8.64676, 52.886568 ], [ 8.637436, 52.871154 ], [ 8.643505, 52.861563 ], [ 8.627759, 52.857181 ], [ 8.63367, 52.85091 ], [ 8.53938, 52.831117 ], [ 8.546947, 52.819265 ], [ 8.517156, 52.805356 ], [ 8.458537, 52.800758 ], [ 8.450053, 52.786378 ], [ 8.463842, 52.773622 ], [ 8.457778, 52.762852 ], [ 8.469261, 52.752865 ], [ 8.471996, 52.735548 ], [ 8.445648, 52.723075 ], [ 8.410174, 52.723424 ], [ 8.335544, 52.686929 ], [ 8.310358, 52.687075 ], [ 8.30922, 52.667941 ], [ 8.293795, 52.650476 ], [ 8.311235, 52.586278 ], [ 8.322899, 52.573922 ], [ 8.343968, 52.574815 ], [ 8.339608, 52.563331 ], [ 8.349673, 52.551722 ], [ 8.343409, 52.541426 ], [ 8.311044, 52.530974 ], [ 8.312058, 52.494478 ], [ 8.297214, 52.456498 ], [ 8.345691, 52.452823 ], [ 8.359687, 52.444031 ], [ 8.400104, 52.450927 ], [ 8.418135, 52.444422 ], [ 8.45429, 52.461007 ], [ 8.458861, 52.491672 ], [ 8.508849, 52.514693 ], [ 8.556858, 52.499096 ], [ 8.65255, 52.531443 ], [ 8.671481, 52.517395 ], [ 8.690314, 52.518775 ], [ 8.684122, 52.514395 ], [ 8.702062, 52.503473 ], [ 8.698549, 52.486698 ], [ 8.709323, 52.477036 ], [ 8.710709, 52.463698 ], [ 8.703326, 52.443195 ], [ 8.718081, 52.429363 ], [ 8.704834, 52.418694 ], [ 8.707486, 52.395351 ], [ 8.715236, 52.392569 ], [ 8.724914, 52.400929 ], [ 8.746087, 52.387872 ], [ 8.786784, 52.398706 ], [ 8.855101, 52.389234 ], [ 8.889183, 52.395981 ], [ 8.89246, 52.405709 ], [ 8.937105, 52.401906 ], [ 8.946065, 52.413527 ], [ 8.941128, 52.416323 ], [ 8.957962, 52.416161 ], [ 8.962193, 52.424996 ], [ 8.987056, 52.432516 ], [ 8.979176, 52.436261 ], [ 8.986727, 52.445514 ], [ 8.978418, 52.450722 ], [ 9.017038, 52.46017 ], [ 9.02295, 52.477262 ], [ 9.044076, 52.482646 ], [ 9.052656, 52.500298 ], [ 9.09942, 52.497478 ], [ 9.112376, 52.485782 ], [ 9.131974, 52.483983 ], [ 9.136709, 52.475546 ], [ 9.123289, 52.47461 ], [ 9.125618, 52.468296 ], [ 9.102923, 52.456926 ], [ 9.09453, 52.442824 ], [ 9.110523, 52.435427 ], [ 9.105946, 52.425183 ], [ 9.123767, 52.421548 ], [ 9.125252, 52.411993 ], [ 9.117432, 52.397147 ], [ 9.095461, 52.386662 ], [ 9.098799, 52.372948 ], [ 9.085111, 52.355858 ], [ 9.059175, 52.346861 ], [ 9.057925, 52.339577 ], [ 9.027357, 52.345611 ], [ 9.018908, 52.330988 ], [ 8.998321, 52.326215 ], [ 8.988077, 52.287569 ], [ 8.963537, 52.279027 ], [ 8.978577, 52.274792 ], [ 8.97487, 52.262555 ], [ 9.076449, 52.232578 ], [ 9.051748, 52.220213 ], [ 9.03576, 52.224525 ], [ 9.034065, 52.21764 ], [ 9.045856, 52.210785 ], [ 9.045349, 52.183773 ], [ 9.021111, 52.183836 ], [ 9.01359, 52.195375 ], [ 9.006991, 52.189517 ], [ 8.994036, 52.196138 ], [ 8.985834, 52.194599 ], [ 9.021603, 52.171999 ], [ 9.012669, 52.162411 ], [ 9.017539, 52.147744 ], [ 9.011016, 52.13577 ], [ 9.017792, 52.132427 ], [ 9.063024, 52.148469 ], [ 9.071615, 52.148259 ], [ 9.067803, 52.140252 ], [ 9.09914, 52.133021 ], [ 9.129796, 52.139746 ], [ 9.153344, 52.129147 ], [ 9.159335, 52.11984 ], [ 9.135863, 52.105837 ], [ 9.132978, 52.096629 ], [ 9.155605, 52.09783 ], [ 9.154689, 52.091792 ], [ 9.176087, 52.086117 ], [ 9.193281, 52.070311 ], [ 9.174432, 52.060427 ], [ 9.172169, 52.047371 ], [ 9.197353, 52.011671 ], [ 9.179262, 52.00269 ], [ 9.196794, 51.996917 ], [ 9.176231, 51.980353 ], [ 9.187813, 51.972816 ], [ 9.18582, 51.966181 ], [ 9.208896, 51.959855 ], [ 9.216922, 51.973624 ], [ 9.274375, 51.973604 ], [ 9.286324, 51.95711 ], [ 9.263913, 51.948054 ], [ 9.27707, 51.943853 ], [ 9.272069, 51.932304 ], [ 9.286738, 51.921048 ], [ 9.315183, 51.922668 ], [ 9.340842, 51.908002 ], [ 9.344327, 51.880201 ], [ 9.335757, 51.856052 ], [ 9.323344, 51.855061 ], [ 9.3347, 51.853611 ], [ 9.362866, 51.864879 ], [ 9.404902, 51.855593 ], [ 9.459649, 51.862797 ], [ 9.460285, 51.85467 ], [ 9.433315, 51.840666 ], [ 9.442178, 51.829221 ], [ 9.42733, 51.810492 ], [ 9.440817, 51.803452 ], [ 9.436367, 51.797015 ], [ 9.448157, 51.794799 ], [ 9.402697, 51.759372 ], [ 9.384336, 51.757851 ], [ 9.375365, 51.743614 ], [ 9.394416, 51.731971 ], [ 9.387318, 51.71939 ], [ 9.401665, 51.701656 ], [ 9.386923, 51.689822 ], [ 9.395688, 51.673989 ], [ 9.379389, 51.665927 ], [ 9.374662, 51.649846 ], [ 9.417318, 51.647269 ], [ 9.437128, 51.65353 ], [ 9.423345, 51.673119 ], [ 9.439633, 51.677608 ], [ 9.440781, 51.695742 ], [ 9.50319, 51.727719 ], [ 9.557455, 51.739913 ], [ 9.561348, 51.762723 ], [ 9.581359, 51.775511 ], [ 9.579181, 51.789787 ], [ 9.642877, 51.818039 ], [ 9.652266, 51.836117 ], [ 9.682625, 51.839667 ], [ 9.688452, 51.848433 ], [ 9.683125, 51.855401 ], [ 9.711203, 51.880046 ], [ 9.784024, 51.864458 ], [ 9.803328, 51.884841 ], [ 9.879803, 51.90107 ], [ 9.872951, 51.908566 ], [ 9.893353, 51.900556 ], [ 9.911704, 51.91263 ], [ 9.925537, 51.903369 ], [ 9.944895, 51.913023 ], [ 9.969196, 51.896906 ], [ 10.013988, 51.913005 ], [ 9.992182, 51.933609 ], [ 10.004273, 51.942615 ], [ 10.018491, 51.937757 ], [ 10.033581, 51.947799 ], [ 10.065526, 51.92736 ], [ 10.079725, 51.935489 ], [ 10.070919, 51.940379 ], [ 10.087023, 51.960315 ], [ 10.190639, 51.955529 ], [ 10.206056, 51.966911 ], [ 10.193639, 52.000811 ], [ 10.204089, 52.007234 ], [ 10.193178, 52.044574 ], [ 10.200822, 52.050877 ], [ 10.195992, 52.062158 ], [ 10.202752, 52.059384 ], [ 10.199482, 52.080159 ], [ 10.179243, 52.091125 ], [ 10.175169, 52.109392 ], [ 10.200095, 52.124262 ], [ 10.192603, 52.138679 ], [ 10.176286, 52.141208 ], [ 10.204824, 52.179417 ], [ 10.233761, 52.17825 ], [ 10.23525, 52.169965 ], [ 10.257537, 52.174354 ], [ 10.256153, 52.186235 ], [ 10.263958, 52.188498 ], [ 10.248865, 52.213323 ], [ 10.184248, 52.234618 ], [ 10.157297, 52.225256 ], [ 10.135609, 52.236467 ], [ 10.064712, 52.222074 ], [ 10.046046, 52.231408 ], [ 9.998499, 52.23026 ], [ 9.995125, 52.237217 ], [ 10.003327, 52.248444 ], [ 9.999687, 52.257824 ], [ 10.028617, 52.263661 ], [ 10.03412, 52.291465 ], [ 10.078418, 52.30315 ], [ 10.08147, 52.339557 ], [ 10.096666, 52.34194 ], [ 10.098049, 52.332524 ], [ 10.115442, 52.331045 ], [ 10.111327, 52.325845 ], [ 10.117638, 52.321963 ], [ 10.13253, 52.328547 ], [ 10.125524, 52.33787 ], [ 10.140576, 52.339454 ], [ 10.134811, 52.343155 ], [ 10.140642, 52.349599 ], [ 10.125638, 52.354221 ], [ 10.155522, 52.362674 ], [ 10.144638, 52.368813 ], [ 10.145575, 52.378096 ], [ 10.131507, 52.383666 ], [ 10.130702, 52.393997 ], [ 10.179891, 52.396017 ], [ 10.197606, 52.406981 ], [ 10.207657, 52.429427 ], [ 10.250089, 52.419875 ], [ 10.251954, 52.436641 ], [ 10.293785, 52.448783 ], [ 10.282162, 52.452828 ], [ 10.286176, 52.46089 ], [ 10.303397, 52.458721 ], [ 10.272232, 52.482841 ], [ 10.288988, 52.506333 ], [ 10.273742, 52.51064 ], [ 10.267358, 52.488308 ], [ 10.177794, 52.513428 ], [ 10.171728, 52.50413 ], [ 10.135292, 52.498745 ], [ 10.10132, 52.511714 ], [ 10.096038, 52.522139 ], [ 10.080785, 52.52569 ], [ 10.07682, 52.537253 ], [ 9.987377, 52.536309 ], [ 9.994928, 52.544399 ], [ 9.965343, 52.553758 ], [ 9.984174, 52.56233 ], [ 9.9904, 52.578465 ], [ 9.966858, 52.578203 ], [ 9.966738, 52.590257 ], [ 9.945329, 52.586971 ], [ 9.907435, 52.597282 ], [ 9.881075, 52.589801 ], [ 9.889019, 52.603225 ], [ 9.847646, 52.607981 ], [ 9.830884, 52.595657 ], [ 9.822477, 52.599634 ], [ 9.835407, 52.605549 ], [ 9.80424, 52.60698 ], [ 9.802111, 52.614588 ], [ 9.734624, 52.638303 ], [ 9.711642, 52.634129 ], [ 9.713034, 52.623788 ], [ 9.706508, 52.620748 ], [ 9.714146, 52.614362 ], [ 9.698896, 52.600182 ], [ 9.643791, 52.605887 ], [ 9.635106, 52.625787 ], [ 9.641175, 52.633721 ], [ 9.662448, 52.633511 ], [ 9.600113, 52.647088 ], [ 9.602814, 52.654769 ], [ 9.585321, 52.664741 ], [ 9.587639, 52.677047 ], [ 9.539579, 52.671311 ], [ 9.542634, 52.663523 ], [ 9.524986, 52.660322 ], [ 9.503935, 52.679053 ], [ 9.510684, 52.700888 ], [ 9.481194, 52.704994 ], [ 9.48091, 52.727061 ], [ 9.419429, 52.724616 ], [ 9.369568, 52.736093 ], [ 9.34814, 52.714819 ], [ 9.322139, 52.72089 ], [ 9.350347, 52.725752 ], [ 9.344836, 52.738484 ], [ 9.331324, 52.741019 ], [ 9.341192, 52.752372 ], [ 9.317222, 52.759014 ], [ 9.32421, 52.772951 ], [ 9.304395, 52.774518 ], [ 9.305176, 52.798611 ], [ 9.297045, 52.80111 ], [ 9.306963, 52.811611 ], [ 9.287531, 52.817605 ], [ 9.269636, 52.814736 ], [ 9.271141, 52.805058 ], [ 9.250957, 52.803071 ], [ 9.236228, 52.811181 ], [ 9.241807, 52.821267 ], [ 9.192288, 52.816067 ], [ 9.201371, 52.840434 ], [ 9.220507, 52.847252 ], [ 9.181697, 52.855996 ], [ 9.211452, 52.873067 ], [ 9.176853, 52.886624 ], [ 9.166783, 52.909534 ], [ 9.160261, 52.906908 ], [ 9.167621, 52.899611 ], [ 9.162257, 52.893973 ], [ 9.115997, 52.896953 ], [ 9.109468, 52.903961 ], [ 9.079595, 52.902126 ], [ 9.061985, 52.922862 ], [ 9.004171, 52.927005 ], [ 8.981804, 52.888527 ], [ 8.96556, 52.897816 ], [ 8.952131, 52.888909 ], [ 8.903824, 52.966894 ], [ 8.908744, 52.982509 ], [ 8.932546, 52.990982 ], [ 8.91943, 53.002927 ], [ 8.92767, 53.009601 ], [ 8.893733, 53.013996 ], [ 8.867235, 53.033004 ], [ 8.867006, 53.040833 ], [ 8.861867, 53.036178 ], [ 8.866756, 53.022117 ], [ 8.850792, 53.016608 ], [ 8.849841, 53.023371 ], [ 8.82342, 53.020927 ], [ 8.778298, 53.039667 ], [ 8.770705, 53.053407 ], [ 8.756271, 53.038781 ], [ 8.734858, 53.034694 ], [ 8.711424, 53.04463 ] ] ] } },
{ "type": "Feature", "properties": { "name": "Lüneburg", "area": 15541.341100555841 }, "geometry": { "type": "Polygon", "coordinates": [ [ [ 11.265732, 53.121978 ], [ 11.226407, 53.14328 ], [ 11.184574, 53.136421 ], [ 11.171862, 53.156644 ], [ 11.189082, 53.16562 ], [ 11.194111, 53.181186 ], [ 11.136704, 53.191842 ], [ 11.14499, 53.197779 ], [ 11.138487, 53.202505 ], [ 11.089324, 53.214641 ], [ 11.062258, 53.235453 ], [ 11.027572, 53.27894 ], [ 11.009456, 53.281479 ], [ 10.999076, 53.321024 ], [ 10.982661, 53.327536 ], [ 10.988001, 53.333427 ], [ 10.946762, 53.335606 ], [ 10.928245, 53.348118 ], [ 10.899241, 53.334196 ], [ 10.880321, 53.335527 ], [ 10.888029, 53.324382 ], [ 10.866043, 53.326912 ], [ 10.87024, 53.317716 ], [ 10.835806, 53.30497 ], [ 10.759654, 53.329987 ], [ 10.763085, 53.338851 ], [ 10.738086, 53.342344 ], [ 10.728462, 53.356674 ], [ 10.703123, 53.36942 ], [ 10.630704, 53.370773 ], [ 10.574325, 53.360196 ], [ 10.498919, 53.37446 ], [ 10.370534, 53.425919 ], [ 10.330768, 53.424967 ], [ 10.306326, 53.433057 ], [ 10.258646, 53.417785 ], [ 10.236568, 53.395754 ], [ 10.175689, 53.396583 ], [ 10.136396, 53.422232 ], [ 10.108736, 53.426674 ], [ 10.084602, 53.450401 ], [ 10.051811, 53.463919 ], [ 10.042038, 53.456808 ], [ 10.045739, 53.446741 ], [ 10.020945, 53.446863 ], [ 10.014613, 53.442201 ], [ 10.029273, 53.435164 ], [ 9.984433, 53.415414 ], [ 9.949212, 53.43095 ], [ 9.942016, 53.421052 ], [ 9.906566, 53.415791 ], [ 9.921486, 53.43655 ], [ 9.901584, 53.457323 ], [ 9.861543, 53.439543 ], [ 9.862387, 53.429877 ], [ 9.799804, 53.469637 ], [ 9.802426, 53.493252 ], [ 9.782232, 53.491464 ], [ 9.784525, 53.500012 ], [ 9.763794, 53.508107 ], [ 9.771585, 53.522756 ], [ 9.77832, 53.519461 ], [ 9.765442, 53.541115 ], [ 9.774389, 53.554323 ], [ 9.67576, 53.564689 ], [ 9.55063, 53.616014 ], [ 9.502181, 53.696805 ], [ 9.422587, 53.740668 ], [ 9.367622, 53.808589 ], [ 9.319524, 53.850836 ], [ 9.272733, 53.867663 ], [ 9.275123, 53.857269 ], [ 9.193717, 53.865811 ], [ 9.101771, 53.863481 ], [ 9.013168, 53.840239 ], [ 9.018513, 53.834841 ], [ 8.978509, 53.83996 ], [ 8.89094, 53.828852 ], [ 8.774858, 53.837422 ], [ 8.72885, 53.8567 ], [ 8.702246, 53.878711 ], [ 8.690275, 53.878061 ], [ 8.686461, 53.892089 ], [ 8.614914, 53.882118 ], [ 8.574624, 53.843423 ], [ 8.56606, 53.845958 ], [ 8.541967, 53.80714 ], [ 8.537743, 53.792141 ], [ 8.544716, 53.788874 ], [ 8.483191, 53.694068 ], [ 8.483953, 53.655913 ], [ 8.52041, 53.606205 ], [ 8.592283, 53.592933 ], [ 8.623296, 53.605333 ], [ 8.650632, 53.602565 ], [ 8.616803, 53.57437 ], [ 8.63086, 53.55569 ], [ 8.646354, 53.555546 ], [ 8.639775, 53.525289 ], [ 8.652134, 53.516017 ], [ 8.605905, 53.484234 ], [ 8.57376, 53.488643 ], [ 8.492652, 53.47242 ], [ 8.501532, 53.351059 ], [ 8.49128, 53.329187 ], [ 8.492551, 53.296967 ], [ 8.480735, 53.24637 ], [ 8.485331, 53.22712 ], [ 8.517334, 53.228497 ], [ 8.553699, 53.207806 ], [ 8.578478, 53.21727 ], [ 8.599039, 53.212546 ], [ 8.581098, 53.198707 ], [ 8.580352, 53.190028 ], [ 8.593251, 53.183634 ], [ 8.627994, 53.198372 ], [ 8.663828, 53.176244 ], [ 8.699358, 53.185479 ], [ 8.706293, 53.175421 ], [ 8.714396, 53.183002 ], [ 8.728652, 53.180224 ], [ 8.743082, 53.172277 ], [ 8.741246, 53.164636 ], [ 8.775396, 53.158684 ], [ 8.829227, 53.164376 ], [ 8.864023, 53.131724 ], [ 8.90393, 53.138176 ], [ 8.912143, 53.132619 ], [ 8.940009, 53.15211 ], [ 8.980214, 53.131578 ], [ 8.984185, 53.126071 ], [ 8.947018, 53.116101 ], [ 8.962989, 53.100299 ], [ 8.990913, 53.096673 ], [ 8.961377, 53.085218 ], [ 8.963729, 53.057426 ], [ 8.980267, 53.046747 ], [ 8.93813, 53.024986 ], [ 8.935916, 53.013667 ], [ 8.917734, 53.013141 ], [ 8.92767, 53.009601 ], [ 8.91943, 53.002927 ], [ 8.932847, 52.991687 ], [ 8.908744, 52.982509 ], [ 8.903698, 52.96771 ], [ 8.952131, 52.888909 ], [ 8.96556, 52.897816 ], [ 8.981804, 52.888527 ], [ 9.004171, 52.927005 ], [ 9.061985, 52.922862 ], [ 9.079595, 52.902126 ], [ 9.109468, 52.903961 ], [ 9.115997, 52.896953 ], [ 9.162257, 52.893973 ], [ 9.167621, 52.899611 ], [ 9.160261, 52.906908 ], [ 9.166783, 52.909534 ], [ 9.176853, 52.886624 ], [ 9.211452, 52.873067 ], [ 9.181697, 52.855996 ], [ 9.220507, 52.847252 ], [ 9.201371, 52.840434 ], [ 9.192288, 52.816067 ], [ 9.241807, 52.821267 ], [ 9.236228, 52.811181 ], [ 9.250957, 52.803071 ], [ 9.271141, 52.805058 ], [ 9.269636, 52.814736 ], [ 9.287531, 52.817605 ], [ 9.306963, 52.811611 ], [ 9.297045, 52.80111 ], [ 9.305176, 52.798611 ], [ 9.304395, 52.774518 ], [ 9.32421, 52.772951 ], [ 9.317222, 52.759014 ], [ 9.341192, 52.752372 ], [ 9.331324, 52.741019 ], [ 9.344836, 52.738484 ], [ 9.350347, 52.725752 ], [ 9.322139, 52.72089 ], [ 9.331935, 52.714996 ], [ 9.34814, 52.714819 ], [ 9.369568, 52.736093 ], [ 9.419429, 52.724616 ], [ 9.48091, 52.727061 ], [ 9.481194, 52.704994 ], [ 9.510684, 52.700888 ], [ 9.503935, 52.679053 ], [ 9.524986, 52.660322 ], [ 9.542634, 52.663523 ], [ 9.539579, 52.671311 ], [ 9.587639, 52.677047 ], [ 9.585321, 52.664741 ], [ 9.602814, 52.654769 ], [ 9.600113, 52.647088 ], [ 9.662448, 52.633511 ], [ 9.641175, 52.633721 ], [ 9.635106, 52.625787 ], [ 9.643791, 52.605887 ], [ 9.698896, 52.600182 ], [ 9.714146, 52.614362 ], [ 9.706508, 52.620748 ], [ 9.713034, 52.623788 ], [ 9.711642, 52.634129 ], [ 9.734624, 52.638303 ], [ 9.802111, 52.614588 ], [ 9.80424, 52.60698 ], [ 9.835407, 52.605549 ], [ 9.822477, 52.599634 ], [ 9.830884, 52.595657 ], [ 9.847646, 52.607981 ], [ 9.889019, 52.603225 ], [ 9.881075, 52.589801 ], [ 9.907435, 52.597282 ], [ 9.945329, 52.586971 ], [ 9.966738, 52.590257 ], [ 9.966858, 52.578203 ], [ 9.9904, 52.578465 ], [ 9.984174, 52.56233 ], [ 9.965343, 52.553758 ], [ 9.994928, 52.544399 ], [ 9.987377, 52.536309 ], [ 10.07682, 52.537253 ], [ 10.080785, 52.52569 ], [ 10.096038, 52.522139 ], [ 10.10132, 52.511714 ], [ 10.139396, 52.497849 ], [ 10.171728, 52.50413 ], [ 10.177794, 52.513428 ], [ 10.267358, 52.488308 ], [ 10.273742, 52.51064 ], [ 10.260112, 52.518249 ], [ 10.282856, 52.516799 ], [ 10.281819, 52.527904 ], [ 10.306235, 52.522522 ], [ 10.310949, 52.530353 ], [ 10.304697, 52.533896 ], [ 10.33775, 52.540275 ], [ 10.33588, 52.548458 ], [ 10.346494, 52.545665 ], [ 10.351662, 52.56116 ], [ 10.383084, 52.547072 ], [ 10.378283, 52.560511 ], [ 10.392437, 52.55517 ], [ 10.40088, 52.557618 ], [ 10.396614, 52.564818 ], [ 10.410597, 52.564124 ], [ 10.410868, 52.572958 ], [ 10.381596, 52.573014 ], [ 10.417397, 52.606596 ], [ 10.37957, 52.632662 ], [ 10.405979, 52.65753 ], [ 10.384499, 52.6906 ], [ 10.368675, 52.689691 ], [ 10.378347, 52.694772 ], [ 10.362937, 52.721998 ], [ 10.403444, 52.758764 ], [ 10.395801, 52.762216 ], [ 10.395986, 52.775371 ], [ 10.44441, 52.815763 ], [ 10.458864, 52.809113 ], [ 10.523872, 52.832431 ], [ 10.552464, 52.832398 ], [ 10.579611, 52.815224 ], [ 10.593669, 52.794638 ], [ 10.634438, 52.772535 ], [ 10.669901, 52.765064 ], [ 10.694672, 52.781699 ], [ 10.759314, 52.79583 ], [ 10.756946, 52.819775 ], [ 10.771729, 52.833946 ], [ 10.766692, 52.842192 ], [ 10.866102, 52.855726 ], [ 10.884684, 52.845796 ], [ 10.895667, 52.856373 ], [ 10.939634, 52.853336 ], [ 10.968082, 52.879321 ], [ 10.985965, 52.882461 ], [ 11.000491, 52.911261 ], [ 11.098676, 52.912877 ], [ 11.093187, 52.899471 ], [ 11.106406, 52.896223 ], [ 11.155258, 52.906211 ], [ 11.220645, 52.897666 ], [ 11.241126, 52.879018 ], [ 11.290662, 52.889126 ], [ 11.295411, 52.874907 ], [ 11.31425, 52.878236 ], [ 11.384778, 52.903578 ], [ 11.406578, 52.904102 ], [ 11.470062, 52.938926 ], [ 11.505027, 52.941033 ], [ 11.492343, 52.959663 ], [ 11.512491, 53.007445 ], [ 11.556417, 52.998666 ], [ 11.560444, 53.0038 ], [ 11.55209, 53.004728 ], [ 11.55925, 53.01308 ], [ 11.598078, 53.034548 ], [ 11.548104, 53.052393 ], [ 11.502138, 53.050122 ], [ 11.448379, 53.078382 ], [ 11.338867, 53.055099 ], [ 11.273159, 53.097219 ], [ 11.265732, 53.121978 ] ], [ [ 8.613038, 53.198566 ], [ 8.615218, 53.195911 ], [ 8.611903, 53.197442 ], [ 8.613038, 53.198566 ] ], [ [ 8.643769, 53.605473 ], [ 8.653535, 53.610051 ], [ 8.660884, 53.607086 ], [ 8.643769, 53.605473 ] ] ] } },
{ "type": "Feature", "properties": { "name": "Weser-Ems", "area": 15017.475144636912 }, "geometry": { "type": "MultiPolygon", "coordinates": [ [ [ [ 6.865542, 53.590933 ], [ 6.86238, 53.589826 ], [ 6.868922, 53.591893 ], [ 6.865542, 53.590933 ] ] ], [ [ [ 6.813623, 53.603321 ], [ 6.760059, 53.617684 ], [ 6.656499, 53.607933 ], [ 6.639255, 53.593373 ], [ 6.653968, 53.598484 ], [ 6.664621, 53.577925 ], [ 6.717831, 53.557097 ], [ 6.724827, 53.556071 ], [ 6.721123, 53.567734 ], [ 6.733128, 53.569566 ], [ 6.747385, 53.557399 ], [ 6.757661, 53.56762 ], [ 6.717595, 53.583521 ], [ 6.760923, 53.597624 ], [ 6.813623, 53.603321 ] ] ], [ [ [ 6.900066, 53.647818 ], [ 6.905671, 53.652241 ], [ 6.864974, 53.641555 ], [ 6.877563, 53.628381 ], [ 6.894435, 53.62578 ], [ 6.891464, 53.631691 ], [ 6.910214, 53.643757 ], [ 6.900066, 53.647818 ] ] ], [ [ [ 7.075789, 53.687022 ], [ 6.977641, 53.681404 ], [ 6.86333, 53.668802 ], [ 6.853593, 53.663317 ], [ 7.099753, 53.68095 ], [ 7.075789, 53.687022 ] ] ], [ [ [ 8.504712, 53.200786 ], [ 8.480735, 53.24637 ], [ 8.492551, 53.296967 ], [ 8.49128, 53.329187 ], [ 8.501532, 53.351059 ], [ 8.492654, 53.475123 ], [ 8.509038, 53.497644 ], [ 8.552684, 53.516176 ], [ 8.548105, 53.519941 ], [ 8.555285, 53.526287 ], [ 8.550146, 53.538018 ], [ 8.5157, 53.550661 ], [ 8.518195, 53.558139 ], [ 8.504078, 53.550688 ], [ 8.464465, 53.55247 ], [ 8.398862, 53.569125 ], [ 8.346607, 53.607683 ], [ 8.32402, 53.615063 ], [ 8.291096, 53.612921 ], [ 8.262598, 53.600051 ], [ 8.242973, 53.582398 ], [ 8.226916, 53.520084 ], [ 8.309415, 53.52282 ], [ 8.316887, 53.514599 ], [ 8.316833, 53.471753 ], [ 8.314563, 53.456513 ], [ 8.296344, 53.441573 ], [ 8.291418, 53.424046 ], [ 8.26747, 53.405122 ], [ 8.24352, 53.398418 ], [ 8.189775, 53.409595 ], [ 8.196424, 53.413258 ], [ 8.147047, 53.450052 ], [ 8.097738, 53.446102 ], [ 8.069246, 53.470151 ], [ 8.062341, 53.505668 ], [ 8.092632, 53.501915 ], [ 8.15433, 53.513555 ], [ 8.170975, 53.54047 ], [ 8.14236, 53.579668 ], [ 8.155599, 53.585753 ], [ 8.148864, 53.601832 ], [ 8.123346, 53.598609 ], [ 8.086671, 53.643638 ], [ 8.044694, 53.641408 ], [ 8.022062, 53.682906 ], [ 8.03213, 53.705278 ], [ 8.017161, 53.710497 ], [ 7.911923, 53.717833 ], [ 7.750001, 53.700401 ], [ 7.703839, 53.703518 ], [ 7.527114, 53.6715 ], [ 7.480576, 53.683211 ], [ 7.358029, 53.686822 ], [ 7.231543, 53.663973 ], [ 7.170177, 53.628868 ], [ 7.156217, 53.630172 ], [ 7.145168, 53.610995 ], [ 7.090336, 53.579652 ], [ 7.087254, 53.571092 ], [ 7.131545, 53.539908 ], [ 7.130959, 53.532862 ], [ 7.085946, 53.521426 ], [ 7.076756, 53.53274 ], [ 7.064619, 53.527671 ], [ 7.034145, 53.54567 ], [ 7.03677, 53.536308 ], [ 7.029007, 53.531983 ], [ 7.048688, 53.508072 ], [ 7.024108, 53.482371 ], [ 7.010322, 53.424076 ], [ 7.011055, 53.385299 ], [ 6.997959, 53.371367 ], [ 7.003216, 53.354985 ], [ 7.027581, 53.336494 ], [ 7.225655, 53.333768 ], [ 7.265761, 53.327197 ], [ 7.24506, 53.318298 ], [ 7.191116, 53.317602 ], [ 7.216927, 53.214465 ], [ 7.217365, 53.197708 ], [ 7.20796, 53.188484 ], [ 7.227095, 53.180489 ], [ 7.203743, 53.1765 ], [ 7.178938, 53.138143 ], [ 7.182865, 53.121709 ], [ 7.202794, 53.113282 ], [ 7.199255, 53.081019 ], [ 7.217281, 53.006984 ], [ 7.18157, 52.941304 ], [ 7.087324, 52.849929 ], [ 7.092692, 52.838201 ], [ 7.072045, 52.810874 ], [ 7.055577, 52.64337 ], [ 7.041867, 52.632681 ], [ 6.975804, 52.646257 ], [ 6.919652, 52.639841 ], [ 6.913953, 52.646675 ], [ 6.873112, 52.653117 ], [ 6.741992, 52.645324 ], [ 6.710081, 52.627843 ], [ 6.72714, 52.615051 ], [ 6.718713, 52.588684 ], [ 6.766622, 52.561513 ], [ 6.726181, 52.563212 ], [ 6.716081, 52.548571 ], [ 6.680868, 52.553336 ], [ 6.705367, 52.520264 ], [ 6.69772, 52.486345 ], [ 6.753103, 52.463797 ], [ 6.854308, 52.459599 ], [ 6.852613, 52.449943 ], [ 6.941684, 52.43549 ], [ 6.962381, 52.444047 ], [ 6.977563, 52.465477 ], [ 6.991803, 52.467453 ], [ 7.010889, 52.429073 ], [ 7.035835, 52.402526 ], [ 7.058798, 52.399332 ], [ 7.072192, 52.373412 ], [ 7.072174, 52.352266 ], [ 7.026305, 52.287444 ], [ 7.042445, 52.256103 ], [ 7.067023, 52.241141 ], [ 7.101885, 52.243487 ], [ 7.121248, 52.261078 ], [ 7.153168, 52.266513 ], [ 7.29789, 52.263975 ], [ 7.317481, 52.280272 ], [ 7.361555, 52.288312 ], [ 7.38648, 52.309304 ], [ 7.427224, 52.314013 ], [ 7.437776, 52.333357 ], [ 7.504727, 52.360844 ], [ 7.582104, 52.376404 ], [ 7.571322, 52.381235 ], [ 7.602719, 52.421031 ], [ 7.564311, 52.432312 ], [ 7.570965, 52.432331 ], [ 7.591713, 52.464859 ], [ 7.613724, 52.473596 ], [ 7.688382, 52.453673 ], [ 7.713825, 52.401002 ], [ 7.807089, 52.371427 ], [ 7.843036, 52.369028 ], [ 7.89177, 52.380513 ], [ 7.93667, 52.364977 ], [ 7.94201, 52.347569 ], [ 7.953497, 52.347221 ], [ 7.948564, 52.335128 ], [ 7.990608, 52.30954 ], [ 7.98724, 52.303584 ], [ 7.93179, 52.301846 ], [ 7.930762, 52.286422 ], [ 7.956465, 52.272491 ], [ 7.925624, 52.262814 ], [ 7.926551, 52.226512 ], [ 7.89984, 52.206829 ], [ 7.912949, 52.185135 ], [ 7.933987, 52.176922 ], [ 7.974333, 52.17113 ], [ 8.007512, 52.175957 ], [ 8.025189, 52.16351 ], [ 7.997386, 52.15448 ], [ 8.007796, 52.115333 ], [ 7.971769, 52.115983 ], [ 7.950916, 52.102585 ], [ 7.885249, 52.08437 ], [ 7.920705, 52.057997 ], [ 7.916921, 52.051637 ], [ 7.981102, 52.03551 ], [ 7.993717, 52.049636 ], [ 8.032748, 52.068441 ], [ 8.087008, 52.06453 ], [ 8.096448, 52.057145 ], [ 8.151527, 52.076364 ], [ 8.192495, 52.072619 ], [ 8.221359, 52.106146 ], [ 8.245896, 52.121397 ], [ 8.262539, 52.120378 ], [ 8.266732, 52.132281 ], [ 8.28715, 52.135172 ], [ 8.28525, 52.125488 ], [ 8.298295, 52.120692 ], [ 8.323918, 52.125922 ], [ 8.363706, 52.118353 ], [ 8.373228, 52.109812 ], [ 8.404937, 52.111489 ], [ 8.410628, 52.115773 ], [ 8.404652, 52.129957 ], [ 8.412882, 52.137606 ], [ 8.481537, 52.159885 ], [ 8.517437, 52.18495 ], [ 8.460188, 52.195955 ], [ 8.442392, 52.213307 ], [ 8.461092, 52.229113 ], [ 8.459848, 52.242801 ], [ 8.468063, 52.247114 ], [ 8.458797, 52.258185 ], [ 8.466186, 52.267614 ], [ 8.457972, 52.301997 ], [ 8.472149, 52.315364 ], [ 8.460649, 52.318732 ], [ 8.43941, 52.362713 ], [ 8.393053, 52.384638 ], [ 8.313627, 52.406027 ], [ 8.322903, 52.41073 ], [ 8.315882, 52.412523 ], [ 8.322037, 52.426162 ], [ 8.311724, 52.436357 ], [ 8.303993, 52.434309 ], [ 8.308313, 52.444726 ], [ 8.297214, 52.456498 ], [ 8.312058, 52.494478 ], [ 8.311044, 52.530974 ], [ 8.343409, 52.541426 ], [ 8.349646, 52.553206 ], [ 8.339608, 52.563331 ], [ 8.343968, 52.574815 ], [ 8.322899, 52.573922 ], [ 8.312139, 52.583497 ], [ 8.293795, 52.650476 ], [ 8.30922, 52.667941 ], [ 8.313773, 52.688879 ], [ 8.335544, 52.686929 ], [ 8.410174, 52.723424 ], [ 8.445648, 52.723075 ], [ 8.471996, 52.735548 ], [ 8.469261, 52.752865 ], [ 8.457778, 52.762852 ], [ 8.463842, 52.773622 ], [ 8.450053, 52.786378 ], [ 8.458537, 52.800758 ], [ 8.517156, 52.805356 ], [ 8.546947, 52.819265 ], [ 8.53938, 52.831117 ], [ 8.63367, 52.85091 ], [ 8.627759, 52.857181 ], [ 8.643505, 52.861563 ], [ 8.637436, 52.871154 ], [ 8.64676, 52.886568 ], [ 8.637802, 52.89484 ], [ 8.646857, 52.904391 ], [ 8.657339, 52.901397 ], [ 8.644685, 52.911749 ], [ 8.669375, 52.92003 ], [ 8.673125, 52.912822 ], [ 8.690623, 52.913857 ], [ 8.694027, 52.920149 ], [ 8.683913, 52.949532 ], [ 8.688331, 52.966751 ], [ 8.657502, 52.96901 ], [ 8.654775, 52.963158 ], [ 8.642158, 52.988145 ], [ 8.664005, 53.019772 ], [ 8.678775, 53.018277 ], [ 8.684184, 53.035757 ], [ 8.711424, 53.04463 ], [ 8.709155, 53.075908 ], [ 8.666494, 53.091559 ], [ 8.669831, 53.102975 ], [ 8.654899, 53.108865 ], [ 8.657681, 53.118492 ], [ 8.651967, 53.116445 ], [ 8.631067, 53.138176 ], [ 8.619465, 53.167521 ], [ 8.531437, 53.188136 ], [ 8.504712, 53.200786 ] ] ], [ [ [ 7.346951, 53.724166 ], [ 7.18715, 53.722802 ], [ 7.137296, 53.706976 ], [ 7.152756, 53.696877 ], [ 7.164608, 53.697553 ], [ 7.170356, 53.707853 ], [ 7.193784, 53.699104 ], [ 7.208766, 53.706599 ], [ 7.270238, 53.70369 ], [ 7.347222, 53.71666 ], [ 7.346951, 53.724166 ] ] ], [ [ [ 7.430014, 53.72418 ], [ 7.435036, 53.730701 ], [ 7.39386, 53.736137 ], [ 7.359472, 53.726907 ], [ 7.364279, 53.72032 ], [ 7.430014, 53.72418 ] ] ], [ [ [ 7.574251, 53.759218 ], [ 7.479802, 53.75436 ], [ 7.460545, 53.724801 ], [ 7.505414, 53.723683 ], [ 7.502006, 53.734463 ], [ 7.511634, 53.74326 ], [ 7.625549, 53.747154 ], [ 7.642708, 53.753611 ], [ 7.574251, 53.759218 ] ] ], [ [ [ 7.815403, 53.778051 ], [ 7.683397, 53.776444 ], [ 7.665431, 53.760026 ], [ 7.682719, 53.750929 ], [ 7.693718, 53.763121 ], [ 7.7674, 53.763788 ], [ 7.815403, 53.778051 ] ] ], [ [ [ 7.885377, 53.794553 ], [ 7.846275, 53.786976 ], [ 7.864773, 53.773067 ], [ 7.875558, 53.788576 ], [ 7.977988, 53.777421 ], [ 7.954793, 53.786971 ], [ 7.885377, 53.794553 ] ] ] ] } },
{ "type": "Feature", "properties": { "name": "Düsseldorf", "area": 5292.470352839463 }, "geometry": { "type": "Polygon", "coordinates": [ [ [ 6.174812, 51.184513 ], [ 6.209773, 51.166317 ], [ 6.250673, 51.18992 ], [ 6.292194, 51.175217 ], [ 6.294141, 51.167586 ], [ 6.305855, 51.16521 ], [ 6.301909, 51.152488 ], [ 6.319023, 51.150055 ], [ 6.354422, 51.126564 ], [ 6.34948, 51.112443 ], [ 6.360387, 51.09554 ], [ 6.392378, 51.098861 ], [ 6.385583, 51.090369 ], [ 6.405126, 51.085964 ], [ 6.45064, 51.090221 ], [ 6.454777, 51.078721 ], [ 6.445222, 51.065486 ], [ 6.477169, 51.056113 ], [ 6.459211, 51.043073 ], [ 6.480495, 51.034179 ], [ 6.491756, 51.047361 ], [ 6.534745, 51.059275 ], [ 6.537684, 51.052005 ], [ 6.553315, 51.055788 ], [ 6.557251, 51.049401 ], [ 6.561259, 51.035185 ], [ 6.548683, 51.026302 ], [ 6.578624, 51.023898 ], [ 6.579026, 51.018083 ], [ 6.637323, 51.026775 ], [ 6.673401, 51.015852 ], [ 6.715384, 51.015089 ], [ 6.743032, 51.037137 ], [ 6.743504, 51.046297 ], [ 6.761716, 51.042522 ], [ 6.75321, 51.06606 ], [ 6.787361, 51.06881 ], [ 6.813204, 51.046108 ], [ 6.830984, 51.058504 ], [ 6.822986, 51.073865 ], [ 6.846398, 51.084566 ], [ 6.859863, 51.074078 ], [ 6.898045, 51.064886 ], [ 6.92174, 51.081966 ], [ 6.974101, 51.068417 ], [ 6.989511, 51.075034 ], [ 6.998292, 51.119924 ], [ 7.024271, 51.129858 ], [ 7.059292, 51.124185 ], [ 7.076399, 51.12685 ], [ 7.082035, 51.138067 ], [ 7.11014, 51.137129 ], [ 7.119441, 51.122709 ], [ 7.145301, 51.11524 ], [ 7.17393, 51.127486 ], [ 7.159363, 51.133513 ], [ 7.169839, 51.139117 ], [ 7.160265, 51.145211 ], [ 7.16635, 51.153941 ], [ 7.25026, 51.158556 ], [ 7.261794, 51.146852 ], [ 7.287546, 51.144043 ], [ 7.297188, 51.150981 ], [ 7.293353, 51.161369 ], [ 7.301612, 51.164408 ], [ 7.309181, 51.183838 ], [ 7.299218, 51.186997 ], [ 7.305668, 51.195053 ], [ 7.296157, 51.200335 ], [ 7.295481, 51.220656 ], [ 7.31357, 51.234029 ], [ 7.296988, 51.247018 ], [ 7.304736, 51.252429 ], [ 7.28569, 51.249585 ], [ 7.267154, 51.257314 ], [ 7.277647, 51.272283 ], [ 7.253901, 51.28818 ], [ 7.263667, 51.318259 ], [ 7.199201, 51.295514 ], [ 7.169904, 51.297962 ], [ 7.180481, 51.306268 ], [ 7.145378, 51.339755 ], [ 7.159378, 51.365117 ], [ 7.148531, 51.377717 ], [ 7.11619, 51.382076 ], [ 7.11837, 51.394168 ], [ 7.108443, 51.406664 ], [ 7.12999, 51.41313 ], [ 7.136842, 51.423215 ], [ 7.123787, 51.430901 ], [ 7.133346, 51.44183 ], [ 7.109474, 51.459442 ], [ 7.113937, 51.471686 ], [ 7.106052, 51.48042 ], [ 7.071139, 51.484965 ], [ 7.073811, 51.493608 ], [ 7.060454, 51.497217 ], [ 7.050749, 51.511267 ], [ 7.020707, 51.518061 ], [ 7.013379, 51.532228 ], [ 7.002404, 51.534127 ], [ 6.979904, 51.505545 ], [ 6.928184, 51.496868 ], [ 6.926387, 51.50369 ], [ 6.909573, 51.503142 ], [ 6.85978, 51.557461 ], [ 6.868544, 51.567272 ], [ 6.833152, 51.579648 ], [ 6.866164, 51.596695 ], [ 6.850791, 51.609233 ], [ 6.871473, 51.622204 ], [ 6.867745, 51.631147 ], [ 6.902276, 51.635685 ], [ 6.894253, 51.655742 ], [ 6.905608, 51.671543 ], [ 6.900768, 51.675062 ], [ 6.912316, 51.676701 ], [ 6.915335, 51.698475 ], [ 6.937157, 51.704264 ], [ 6.940518, 51.715461 ], [ 6.928465, 51.720634 ], [ 6.910861, 51.746099 ], [ 6.858009, 51.728867 ], [ 6.848829, 51.736725 ], [ 6.827103, 51.729783 ], [ 6.818689, 51.742734 ], [ 6.77297, 51.746142 ], [ 6.769174, 51.766109 ], [ 6.758289, 51.776331 ], [ 6.722513, 51.768413 ], [ 6.708243, 51.771921 ], [ 6.714072, 51.779873 ], [ 6.668477, 51.777063 ], [ 6.638824, 51.798107 ], [ 6.608194, 51.794411 ], [ 6.592757, 51.802261 ], [ 6.568753, 51.789811 ], [ 6.516485, 51.817016 ], [ 6.433138, 51.802825 ], [ 6.419968, 51.810151 ], [ 6.426895, 51.818973 ], [ 6.36294, 51.83623 ], [ 6.356677, 51.847819 ], [ 6.306561, 51.849215 ], [ 6.298936, 51.867895 ], [ 6.27819, 51.874307 ], [ 6.261766, 51.868128 ], [ 6.208474, 51.86954 ], [ 6.185243, 51.881502 ], [ 6.181898, 51.885904 ], [ 6.191121, 51.891645 ], [ 6.154704, 51.905157 ], [ 6.118047, 51.90167 ], [ 6.103341, 51.892617 ], [ 6.137377, 51.885585 ], [ 6.14451, 51.869859 ], [ 6.166815, 51.86097 ], [ 6.166408, 51.840835 ], [ 6.099342, 51.849486 ], [ 6.063382, 51.865444 ], [ 6.051808, 51.856632 ], [ 6.055267, 51.852304 ], [ 6.03501, 51.842865 ], [ 5.993682, 51.83083 ], [ 5.96289, 51.836792 ], [ 5.94503, 51.823656 ], [ 5.957807, 51.817156 ], [ 5.948134, 51.811293 ], [ 5.978174, 51.797232 ], [ 5.974579, 51.785046 ], [ 5.990532, 51.783188 ], [ 5.982323, 51.773669 ], [ 5.990529, 51.766245 ], [ 5.952022, 51.749099 ], [ 5.955123, 51.738065 ], [ 5.992463, 51.738585 ], [ 6.029084, 51.725679 ], [ 6.044985, 51.71698 ], [ 6.026396, 51.709278 ], [ 6.030723, 51.677113 ], [ 6.11824, 51.656086 ], [ 6.093984, 51.622132 ], [ 6.091235, 51.605909 ], [ 6.157022, 51.566678 ], [ 6.17702, 51.538665 ], [ 6.212085, 51.513378 ], [ 6.223172, 51.468932 ], [ 6.20522, 51.399518 ], [ 6.226379, 51.399657 ], [ 6.214416, 51.389629 ], [ 6.22613, 51.360518 ], [ 6.18984, 51.33935 ], [ 6.193071, 51.334732 ], [ 6.168623, 51.332949 ], [ 6.124481, 51.274585 ], [ 6.072657, 51.242587 ], [ 6.085776, 51.222605 ], [ 6.067974, 51.220514 ], [ 6.073338, 51.182967 ], [ 6.082306, 51.171638 ], [ 6.100093, 51.169971 ], [ 6.165018, 51.194361 ], [ 6.180699, 51.186425 ], [ 6.174812, 51.184513 ] ] ] } },
{ "type": "Feature", "properties": { "name": "Köln", "area": 7361.3827997231901 }, "geometry": { "type": "MultiPolygon", "coordinates": [ [ [ [ 6.205109, 50.521969 ], [ 6.195291, 50.530981 ], [ 6.187262, 50.52709 ], [ 6.192201, 50.521056 ], [ 6.205109, 50.521969 ] ] ], [ [ [ 6.2247, 50.556666 ], [ 6.239548, 50.587454 ], [ 6.225181, 50.590457 ], [ 6.203099, 50.569294 ], [ 6.174412, 50.557514 ], [ 6.178032, 50.541607 ], [ 6.196655, 50.536166 ], [ 6.209621, 50.555088 ], [ 6.2247, 50.556666 ] ] ], [ [ [ 6.194321, 50.633906 ], [ 6.271319, 50.629921 ], [ 6.263975, 50.640996 ], [ 6.245495, 50.63977 ], [ 6.231522, 50.648036 ], [ 6.224864, 50.640921 ], [ 6.214651, 50.63921 ], [ 6.188229, 50.639258 ], [ 6.182379, 50.64695 ], [ 6.16659, 50.643687 ], [ 6.183289, 50.632286 ], [ 6.175562, 50.627274 ], [ 6.181838, 50.62376 ], [ 6.194321, 50.633906 ] ] ], [ [ [ 6.174812, 51.184513 ], [ 6.138811, 51.173333 ], [ 6.175415, 51.15848 ], [ 6.163407, 51.148841 ], [ 6.091868, 51.134974 ], [ 6.087061, 51.124628 ], [ 6.060306, 51.115932 ], [ 6.037469, 51.097035 ], [ 6.009892, 51.091022 ], [ 5.980288, 51.072329 ], [ 5.957888, 51.03471 ], [ 5.938115, 51.035141 ], [ 5.91317, 51.066731 ], [ 5.867097, 51.046679 ], [ 5.878026, 51.037545 ], [ 5.879151, 51.017553 ], [ 5.905518, 51.00216 ], [ 5.903813, 50.987495 ], [ 5.892668, 50.980347 ], [ 5.897198, 50.974845 ], [ 5.955159, 50.988406 ], [ 5.968204, 50.97947 ], [ 6.026435, 50.983274 ], [ 6.005264, 50.956836 ], [ 6.016799, 50.952512 ], [ 6.01816, 50.934437 ], [ 6.050868, 50.929995 ], [ 6.056662, 50.921772 ], [ 6.093925, 50.921325 ], [ 6.075313, 50.8934 ], [ 6.08819, 50.872434 ], [ 6.07398, 50.84678 ], [ 6.05484, 50.857354 ], [ 6.018875, 50.846274 ], [ 6.025051, 50.814164 ], [ 6.003484, 50.801314 ], [ 5.984027, 50.810085 ], [ 5.974861, 50.797973 ], [ 6.027799, 50.773734 ], [ 6.018324, 50.763172 ], [ 6.021394, 50.753114 ], [ 6.040481, 50.745513 ], [ 6.033151, 50.730985 ], [ 6.03903, 50.718378 ], [ 6.044563, 50.72836 ], [ 6.115294, 50.722114 ], [ 6.165281, 50.66279 ], [ 6.188023, 50.665145 ], [ 6.195539, 50.662931 ], [ 6.197131, 50.656737 ], [ 6.183974, 50.647112 ], [ 6.187662, 50.64111 ], [ 6.219733, 50.64121 ], [ 6.231505, 50.649983 ], [ 6.266895, 50.641528 ], [ 6.273983, 50.628206 ], [ 6.247746, 50.603709 ], [ 6.236761, 50.566253 ], [ 6.225795, 50.554462 ], [ 6.211951, 50.553768 ], [ 6.196995, 50.531032 ], [ 6.20716, 50.524273 ], [ 6.226632, 50.494369 ], [ 6.269941, 50.504512 ], [ 6.351259, 50.488268 ], [ 6.337486, 50.474748 ], [ 6.340232, 50.462591 ], [ 6.371824, 50.455582 ], [ 6.377623, 50.439389 ], [ 6.366706, 50.419162 ], [ 6.369877, 50.408931 ], [ 6.342219, 50.380006 ], [ 6.360603, 50.37145 ], [ 6.368075, 50.358112 ], [ 6.398321, 50.345661 ], [ 6.40787, 50.335134 ], [ 6.405028, 50.323309 ], [ 6.425295, 50.323012 ], [ 6.424062, 50.333827 ], [ 6.407909, 50.33938 ], [ 6.397181, 50.357912 ], [ 6.405977, 50.363822 ], [ 6.395452, 50.361419 ], [ 6.385006, 50.384187 ], [ 6.413043, 50.389486 ], [ 6.422031, 50.381948 ], [ 6.41485, 50.374546 ], [ 6.420878, 50.368903 ], [ 6.430024, 50.36319 ], [ 6.448561, 50.371338 ], [ 6.461162, 50.359027 ], [ 6.451615, 50.336424 ], [ 6.465982, 50.342589 ], [ 6.484744, 50.338561 ], [ 6.507122, 50.359877 ], [ 6.516404, 50.355388 ], [ 6.530451, 50.369345 ], [ 6.559016, 50.36941 ], [ 6.603086, 50.388222 ], [ 6.604088, 50.375119 ], [ 6.62743, 50.371917 ], [ 6.623559, 50.351627 ], [ 6.649959, 50.348168 ], [ 6.656015, 50.367435 ], [ 6.667351, 50.371968 ], [ 6.686768, 50.358379 ], [ 6.699245, 50.336097 ], [ 6.732404, 50.352497 ], [ 6.776766, 50.358089 ], [ 6.777686, 50.364434 ], [ 6.800711, 50.361781 ], [ 6.802745, 50.369305 ], [ 6.784687, 50.374751 ], [ 6.769312, 50.392748 ], [ 6.785123, 50.420633 ], [ 6.770693, 50.425045 ], [ 6.771201, 50.436053 ], [ 6.745524, 50.43593 ], [ 6.766624, 50.458644 ], [ 6.757073, 50.463031 ], [ 6.758145, 50.470932 ], [ 6.747733, 50.466156 ], [ 6.744603, 50.47263 ], [ 6.800937, 50.491319 ], [ 6.81207, 50.472244 ], [ 6.858574, 50.453266 ], [ 6.901482, 50.469092 ], [ 6.905594, 50.485048 ], [ 6.897867, 50.492266 ], [ 6.907069, 50.502642 ], [ 6.888554, 50.507009 ], [ 6.897819, 50.517695 ], [ 6.882098, 50.526949 ], [ 6.92935, 50.533143 ], [ 6.922046, 50.554281 ], [ 6.930971, 50.560452 ], [ 6.951382, 50.563379 ], [ 6.972098, 50.555907 ], [ 6.983577, 50.565734 ], [ 6.998096, 50.56505 ], [ 7.056131, 50.606241 ], [ 7.087431, 50.586012 ], [ 7.103797, 50.591323 ], [ 7.115121, 50.611786 ], [ 7.147852, 50.600293 ], [ 7.154717, 50.614705 ], [ 7.17302, 50.612552 ], [ 7.189839, 50.623895 ], [ 7.190636, 50.636041 ], [ 7.203787, 50.64966 ], [ 7.211464, 50.64816 ], [ 7.2124, 50.623405 ], [ 7.333481, 50.638396 ], [ 7.358977, 50.649494 ], [ 7.355821, 50.665231 ], [ 7.372063, 50.682107 ], [ 7.365116, 50.687611 ], [ 7.368308, 50.69709 ], [ 7.357136, 50.697904 ], [ 7.374011, 50.718219 ], [ 7.443151, 50.711197 ], [ 7.501941, 50.730013 ], [ 7.520124, 50.728997 ], [ 7.519388, 50.737407 ], [ 7.5519, 50.746343 ], [ 7.592375, 50.740545 ], [ 7.591617, 50.7562 ], [ 7.601043, 50.766313 ], [ 7.655451, 50.76787 ], [ 7.662161, 50.773156 ], [ 7.658936, 50.784828 ], [ 7.675945, 50.779328 ], [ 7.682222, 50.795369 ], [ 7.675048, 50.802669 ], [ 7.679511, 50.810047 ], [ 7.661004, 50.820364 ], [ 7.699427, 50.825011 ], [ 7.729342, 50.850523 ], [ 7.762187, 50.845134 ], [ 7.753187, 50.851369 ], [ 7.765974, 50.856819 ], [ 7.74831, 50.867217 ], [ 7.758767, 50.879772 ], [ 7.753022, 50.888379 ], [ 7.760427, 50.900394 ], [ 7.735459, 50.917765 ], [ 7.776219, 50.929037 ], [ 7.788178, 50.944643 ], [ 7.782311, 50.947479 ], [ 7.792023, 50.951203 ], [ 7.780297, 50.97996 ], [ 7.74889, 50.97777 ], [ 7.72573, 50.998051 ], [ 7.724413, 51.009731 ], [ 7.735629, 51.023828 ], [ 7.727945, 51.029378 ], [ 7.734037, 51.033277 ], [ 7.701628, 51.061761 ], [ 7.714483, 51.074004 ], [ 7.69184, 51.086504 ], [ 7.626377, 51.068523 ], [ 7.600611, 51.081417 ], [ 7.606265, 51.097987 ], [ 7.582083, 51.106572 ], [ 7.535181, 51.100542 ], [ 7.496195, 51.106051 ], [ 7.503015, 51.129734 ], [ 7.492661, 51.125021 ], [ 7.481049, 51.132154 ], [ 7.48189, 51.140687 ], [ 7.472101, 51.139626 ], [ 7.469756, 51.15508 ], [ 7.477155, 51.163241 ], [ 7.441617, 51.158189 ], [ 7.448893, 51.163749 ], [ 7.438012, 51.1662 ], [ 7.436771, 51.180072 ], [ 7.425282, 51.183752 ], [ 7.417654, 51.198321 ], [ 7.429986, 51.204819 ], [ 7.430484, 51.223987 ], [ 7.418791, 51.228756 ], [ 7.412665, 51.220056 ], [ 7.403753, 51.221436 ], [ 7.395284, 51.229866 ], [ 7.403046, 51.238762 ], [ 7.389791, 51.246596 ], [ 7.340008, 51.239023 ], [ 7.331747, 51.250289 ], [ 7.306694, 51.238875 ], [ 7.31357, 51.234029 ], [ 7.296928, 51.223938 ], [ 7.295806, 51.205392 ], [ 7.305668, 51.195053 ], [ 7.29967, 51.186063 ], [ 7.307854, 51.189358 ], [ 7.309066, 51.182808 ], [ 7.293353, 51.161369 ], [ 7.297188, 51.150981 ], [ 7.287546, 51.144043 ], [ 7.261794, 51.146852 ], [ 7.25026, 51.158556 ], [ 7.16635, 51.153941 ], [ 7.160265, 51.145211 ], [ 7.169839, 51.139117 ], [ 7.159363, 51.133513 ], [ 7.17393, 51.127486 ], [ 7.145301, 51.11524 ], [ 7.119441, 51.122709 ], [ 7.11014, 51.137129 ], [ 7.082035, 51.138067 ], [ 7.076399, 51.12685 ], [ 7.059292, 51.124185 ], [ 7.024271, 51.129858 ], [ 6.998292, 51.119924 ], [ 6.989511, 51.075034 ], [ 6.974101, 51.068417 ], [ 6.92174, 51.081966 ], [ 6.898045, 51.064886 ], [ 6.859863, 51.074078 ], [ 6.846398, 51.084566 ], [ 6.822986, 51.073865 ], [ 6.830984, 51.058504 ], [ 6.813204, 51.046108 ], [ 6.787361, 51.06881 ], [ 6.75321, 51.06606 ], [ 6.761716, 51.042522 ], [ 6.743504, 51.046297 ], [ 6.743032, 51.037137 ], [ 6.715384, 51.015089 ], [ 6.673401, 51.015852 ], [ 6.637323, 51.026775 ], [ 6.579026, 51.018083 ], [ 6.578624, 51.023898 ], [ 6.548683, 51.026302 ], [ 6.561259, 51.035185 ], [ 6.557251, 51.049401 ], [ 6.553315, 51.055788 ], [ 6.537684, 51.052005 ], [ 6.534745, 51.059275 ], [ 6.491756, 51.047361 ], [ 6.480495, 51.034179 ], [ 6.459211, 51.043073 ], [ 6.477169, 51.056113 ], [ 6.445222, 51.065486 ], [ 6.454777, 51.078721 ], [ 6.45064, 51.090221 ], [ 6.405126, 51.085964 ], [ 6.385583, 51.090369 ], [ 6.392378, 51.098861 ], [ 6.360387, 51.09554 ], [ 6.34948, 51.112443 ], [ 6.354422, 51.126564 ], [ 6.319023, 51.150055 ], [ 6.301909, 51.152488 ], [ 6.305855, 51.16521 ], [ 6.294141, 51.167586 ], [ 6.292194, 51.175217 ], [ 6.250673, 51.18992 ], [ 6.209773, 51.166317 ], [ 6.174812, 51.184513 ] ] ], [ [ [ 6.183855, 50.648865 ], [ 6.188728, 50.663326 ], [ 6.16698, 50.661021 ], [ 6.183855, 50.648865 ] ] ] ] } },
{ "type": "Feature", "properties": { "name": "Münster", "area": 6918.1504481377533 }, "geometry": { "type": "Polygon", "coordinates": [ [ [ 7.065868, 52.241259 ], [ 7.03897, 52.227647 ], [ 6.98511, 52.225286 ], [ 6.951316, 52.181007 ], [ 6.906802, 52.175176 ], [ 6.880446, 52.155995 ], [ 6.873352, 52.130201 ], [ 6.855393, 52.120434 ], [ 6.76063, 52.118723 ], [ 6.755072, 52.0949 ], [ 6.744523, 52.093084 ], [ 6.747884, 52.082014 ], [ 6.694653, 52.069803 ], [ 6.687726, 52.039899 ], [ 6.752642, 52.028647 ], [ 6.830419, 51.986207 ], [ 6.828513, 51.964067 ], [ 6.798644, 51.958818 ], [ 6.793965, 51.935066 ], [ 6.769998, 51.916239 ], [ 6.721664, 51.896175 ], [ 6.695464, 51.915757 ], [ 6.674509, 51.915899 ], [ 6.560401, 51.882101 ], [ 6.544463, 51.88467 ], [ 6.472576, 51.853808 ], [ 6.451068, 51.865314 ], [ 6.432407, 51.859394 ], [ 6.390816, 51.873934 ], [ 6.388057, 51.861952 ], [ 6.408868, 51.853349 ], [ 6.402422, 51.844569 ], [ 6.406781, 51.829487 ], [ 6.426895, 51.818973 ], [ 6.419968, 51.810151 ], [ 6.433138, 51.802825 ], [ 6.516485, 51.817016 ], [ 6.568753, 51.789811 ], [ 6.592757, 51.802261 ], [ 6.608194, 51.794411 ], [ 6.638824, 51.798107 ], [ 6.668477, 51.777063 ], [ 6.714072, 51.779873 ], [ 6.708243, 51.771921 ], [ 6.722513, 51.768413 ], [ 6.758289, 51.776331 ], [ 6.769174, 51.766109 ], [ 6.77297, 51.746142 ], [ 6.818689, 51.742734 ], [ 6.827103, 51.729783 ], [ 6.848829, 51.736725 ], [ 6.858009, 51.728867 ], [ 6.910861, 51.746099 ], [ 6.928465, 51.720634 ], [ 6.940518, 51.715461 ], [ 6.937157, 51.704264 ], [ 6.915335, 51.698475 ], [ 6.912316, 51.676701 ], [ 6.900768, 51.675062 ], [ 6.905608, 51.671543 ], [ 6.894253, 51.655742 ], [ 6.902276, 51.635685 ], [ 6.867745, 51.631147 ], [ 6.871473, 51.622204 ], [ 6.850791, 51.609233 ], [ 6.866164, 51.596695 ], [ 6.833152, 51.579648 ], [ 6.868544, 51.567272 ], [ 6.85978, 51.557461 ], [ 6.909573, 51.503142 ], [ 6.926387, 51.50369 ], [ 6.928184, 51.496868 ], [ 6.979904, 51.505545 ], [ 7.002404, 51.534127 ], [ 7.013379, 51.532228 ], [ 7.020707, 51.518061 ], [ 7.050749, 51.511267 ], [ 7.060454, 51.497217 ], [ 7.073811, 51.493608 ], [ 7.071139, 51.484965 ], [ 7.099934, 51.480838 ], [ 7.137472, 51.490571 ], [ 7.144462, 51.513142 ], [ 7.124901, 51.551029 ], [ 7.179628, 51.552736 ], [ 7.241687, 51.573406 ], [ 7.24965, 51.564699 ], [ 7.264093, 51.568568 ], [ 7.262757, 51.560221 ], [ 7.283249, 51.55715 ], [ 7.285946, 51.545688 ], [ 7.296311, 51.541828 ], [ 7.293587, 51.532262 ], [ 7.304372, 51.525433 ], [ 7.335776, 51.520733 ], [ 7.36311, 51.527344 ], [ 7.349782, 51.539466 ], [ 7.351885, 51.566912 ], [ 7.338468, 51.576531 ], [ 7.353619, 51.585063 ], [ 7.370033, 51.582186 ], [ 7.371728, 51.590804 ], [ 7.396322, 51.58732 ], [ 7.460276, 51.616375 ], [ 7.462423, 51.638595 ], [ 7.443785, 51.647088 ], [ 7.443537, 51.659746 ], [ 7.40775, 51.667592 ], [ 7.448452, 51.676311 ], [ 7.449156, 51.69331 ], [ 7.421186, 51.709571 ], [ 7.467867, 51.736311 ], [ 7.483128, 51.729143 ], [ 7.47753, 51.72299 ], [ 7.484189, 51.714147 ], [ 7.517378, 51.721378 ], [ 7.518396, 51.70702 ], [ 7.531491, 51.704432 ], [ 7.529723, 51.697163 ], [ 7.543556, 51.690635 ], [ 7.542142, 51.684738 ], [ 7.605717, 51.706564 ], [ 7.612897, 51.715657 ], [ 7.653012, 51.706402 ], [ 7.668149, 51.722881 ], [ 7.687248, 51.728853 ], [ 7.701889, 51.712379 ], [ 7.735803, 51.730455 ], [ 7.735788, 51.73737 ], [ 7.75219, 51.738526 ], [ 7.769527, 51.723778 ], [ 7.825771, 51.744766 ], [ 7.836445, 51.730018 ], [ 7.859953, 51.723057 ], [ 7.875699, 51.728366 ], [ 7.888313, 51.717815 ], [ 7.889865, 51.702701 ], [ 7.951347, 51.700648 ], [ 7.960951, 51.708348 ], [ 7.957705, 51.715772 ], [ 7.975198, 51.72306 ], [ 8.007027, 51.710204 ], [ 8.051896, 51.716895 ], [ 8.097395, 51.702081 ], [ 8.120088, 51.717952 ], [ 8.157363, 51.710497 ], [ 8.184094, 51.693837 ], [ 8.211678, 51.696689 ], [ 8.199592, 51.683253 ], [ 8.20467, 51.670643 ], [ 8.194752, 51.661512 ], [ 8.218684, 51.658125 ], [ 8.266731, 51.663564 ], [ 8.295353, 51.676855 ], [ 8.295875, 51.694978 ], [ 8.319949, 51.724017 ], [ 8.309067, 51.741852 ], [ 8.301494, 51.741397 ], [ 8.301666, 51.754059 ], [ 8.293153, 51.753015 ], [ 8.279368, 51.769693 ], [ 8.253981, 51.773424 ], [ 8.257459, 51.802922 ], [ 8.240264, 51.809418 ], [ 8.233286, 51.82273 ], [ 8.199957, 51.827858 ], [ 8.218822, 51.83634 ], [ 8.214471, 51.852978 ], [ 8.184841, 51.862363 ], [ 8.172726, 51.888072 ], [ 8.159147, 51.890771 ], [ 8.161921, 51.899747 ], [ 8.150751, 51.897868 ], [ 8.16859, 51.907445 ], [ 8.169532, 51.92628 ], [ 8.112986, 51.956048 ], [ 8.105619, 51.968693 ], [ 8.114304, 51.97181 ], [ 8.110954, 52.001174 ], [ 8.091164, 51.997232 ], [ 8.075478, 52.010864 ], [ 8.096448, 52.057145 ], [ 8.092399, 52.063425 ], [ 8.032748, 52.068441 ], [ 7.993717, 52.049636 ], [ 7.981102, 52.03551 ], [ 7.916921, 52.051637 ], [ 7.920705, 52.057997 ], [ 7.885159, 52.083302 ], [ 7.958075, 52.10524 ], [ 7.971769, 52.115983 ], [ 8.007796, 52.115333 ], [ 7.997386, 52.15448 ], [ 8.025189, 52.16351 ], [ 8.007512, 52.175957 ], [ 7.974333, 52.17113 ], [ 7.933987, 52.176922 ], [ 7.912949, 52.185135 ], [ 7.902993, 52.198869 ], [ 7.899769, 52.208069 ], [ 7.928135, 52.230101 ], [ 7.925624, 52.262814 ], [ 7.956465, 52.272491 ], [ 7.930762, 52.286422 ], [ 7.93179, 52.301846 ], [ 7.98724, 52.303584 ], [ 7.990608, 52.30954 ], [ 7.948564, 52.335128 ], [ 7.953497, 52.347221 ], [ 7.94201, 52.347569 ], [ 7.93667, 52.364977 ], [ 7.89177, 52.380513 ], [ 7.843036, 52.369028 ], [ 7.807089, 52.371427 ], [ 7.713825, 52.401002 ], [ 7.688382, 52.453673 ], [ 7.60423, 52.47509 ], [ 7.564311, 52.432312 ], [ 7.602719, 52.421031 ], [ 7.571322, 52.381235 ], [ 7.582104, 52.376404 ], [ 7.504727, 52.360844 ], [ 7.437776, 52.333357 ], [ 7.427224, 52.314013 ], [ 7.38648, 52.309304 ], [ 7.361555, 52.288312 ], [ 7.317481, 52.280272 ], [ 7.29789, 52.263975 ], [ 7.153168, 52.266513 ], [ 7.121248, 52.261078 ], [ 7.101885, 52.243487 ], [ 7.065868, 52.241259 ] ] ] } },
{ "type": "Feature", "properties": { "name": "Detmold", "area": 6524.8699264688685 }, "geometry": { "type": "Polygon", "coordinates": [ [ [ 9.440457, 51.650394 ], [ 9.374662, 51.649846 ], [ 9.379389, 51.665927 ], [ 9.395688, 51.673989 ], [ 9.386923, 51.689822 ], [ 9.401665, 51.701656 ], [ 9.387318, 51.71939 ], [ 9.394416, 51.731971 ], [ 9.375365, 51.743614 ], [ 9.384336, 51.757851 ], [ 9.402697, 51.759372 ], [ 9.448157, 51.794799 ], [ 9.436367, 51.797015 ], [ 9.440817, 51.803452 ], [ 9.42733, 51.810492 ], [ 9.442178, 51.829221 ], [ 9.433315, 51.840666 ], [ 9.460285, 51.85467 ], [ 9.459649, 51.862797 ], [ 9.404902, 51.855593 ], [ 9.362866, 51.864879 ], [ 9.3347, 51.853611 ], [ 9.323344, 51.855061 ], [ 9.335757, 51.856052 ], [ 9.344327, 51.880201 ], [ 9.340842, 51.908002 ], [ 9.315183, 51.922668 ], [ 9.286738, 51.921048 ], [ 9.272069, 51.932304 ], [ 9.27707, 51.943853 ], [ 9.263913, 51.948054 ], [ 9.286324, 51.95711 ], [ 9.274375, 51.973604 ], [ 9.216922, 51.973624 ], [ 9.208896, 51.959855 ], [ 9.18582, 51.966181 ], [ 9.187813, 51.972816 ], [ 9.176231, 51.980353 ], [ 9.196794, 51.996917 ], [ 9.179262, 52.00269 ], [ 9.197353, 52.011671 ], [ 9.172169, 52.047371 ], [ 9.174432, 52.060427 ], [ 9.193281, 52.070311 ], [ 9.176087, 52.086117 ], [ 9.154689, 52.091792 ], [ 9.155605, 52.09783 ], [ 9.132978, 52.096629 ], [ 9.135863, 52.105837 ], [ 9.159335, 52.11984 ], [ 9.153344, 52.129147 ], [ 9.129796, 52.139746 ], [ 9.09914, 52.133021 ], [ 9.067803, 52.140252 ], [ 9.071615, 52.148259 ], [ 9.063024, 52.148469 ], [ 9.017792, 52.132427 ], [ 9.011016, 52.13577 ], [ 9.017539, 52.147744 ], [ 9.012669, 52.162411 ], [ 9.021603, 52.171999 ], [ 8.985834, 52.194599 ], [ 9.006991, 52.189517 ], [ 9.01359, 52.195375 ], [ 9.021111, 52.183836 ], [ 9.045349, 52.183773 ], [ 9.045856, 52.210785 ], [ 9.034065, 52.21764 ], [ 9.03576, 52.224525 ], [ 9.051748, 52.220213 ], [ 9.076449, 52.232578 ], [ 8.97487, 52.262555 ], [ 8.978577, 52.274792 ], [ 8.963537, 52.279027 ], [ 8.988077, 52.287569 ], [ 8.998321, 52.326215 ], [ 9.018908, 52.330988 ], [ 9.027357, 52.345611 ], [ 9.057925, 52.339577 ], [ 9.059175, 52.346861 ], [ 9.08366, 52.354789 ], [ 9.098799, 52.372948 ], [ 9.095461, 52.386662 ], [ 9.121596, 52.401662 ], [ 9.123767, 52.421548 ], [ 9.109809, 52.421873 ], [ 9.110523, 52.435427 ], [ 9.09453, 52.442824 ], [ 9.102923, 52.456926 ], [ 9.125618, 52.468296 ], [ 9.123289, 52.47461 ], [ 9.136709, 52.475546 ], [ 9.09942, 52.497478 ], [ 9.052294, 52.500114 ], [ 9.044076, 52.482646 ], [ 9.02295, 52.477262 ], [ 9.017038, 52.46017 ], [ 8.978418, 52.450722 ], [ 8.986727, 52.445514 ], [ 8.979176, 52.436261 ], [ 8.987056, 52.432516 ], [ 8.962193, 52.424996 ], [ 8.957962, 52.416161 ], [ 8.941128, 52.416323 ], [ 8.946065, 52.413527 ], [ 8.937105, 52.401906 ], [ 8.89246, 52.405709 ], [ 8.889183, 52.395981 ], [ 8.855101, 52.389234 ], [ 8.786784, 52.398706 ], [ 8.746087, 52.387872 ], [ 8.724914, 52.400929 ], [ 8.715236, 52.392569 ], [ 8.707486, 52.395351 ], [ 8.704834, 52.418694 ], [ 8.718081, 52.429363 ], [ 8.703326, 52.443195 ], [ 8.710709, 52.463698 ], [ 8.709323, 52.477036 ], [ 8.698549, 52.486698 ], [ 8.702062, 52.503473 ], [ 8.684122, 52.514395 ], [ 8.690314, 52.518775 ], [ 8.671481, 52.517395 ], [ 8.65255, 52.531443 ], [ 8.556858, 52.499096 ], [ 8.508849, 52.514693 ], [ 8.458861, 52.491672 ], [ 8.45429, 52.461007 ], [ 8.418135, 52.444422 ], [ 8.400104, 52.450927 ], [ 8.359687, 52.444031 ], [ 8.345691, 52.452823 ], [ 8.297214, 52.456498 ], [ 8.308313, 52.444726 ], [ 8.303993, 52.434309 ], [ 8.311724, 52.436357 ], [ 8.322037, 52.426162 ], [ 8.315882, 52.412523 ], [ 8.322903, 52.41073 ], [ 8.314039, 52.405728 ], [ 8.393053, 52.384638 ], [ 8.442615, 52.35901 ], [ 8.460649, 52.318732 ], [ 8.472149, 52.315364 ], [ 8.457972, 52.301997 ], [ 8.466186, 52.267614 ], [ 8.458797, 52.258185 ], [ 8.468063, 52.247114 ], [ 8.459848, 52.242801 ], [ 8.461092, 52.229113 ], [ 8.442392, 52.213307 ], [ 8.460188, 52.195955 ], [ 8.517437, 52.18495 ], [ 8.481537, 52.159885 ], [ 8.413521, 52.138013 ], [ 8.40439, 52.128981 ], [ 8.410586, 52.115115 ], [ 8.395124, 52.108797 ], [ 8.373228, 52.109812 ], [ 8.342814, 52.123722 ], [ 8.298295, 52.120692 ], [ 8.28525, 52.125488 ], [ 8.28715, 52.135172 ], [ 8.266732, 52.132281 ], [ 8.262539, 52.120378 ], [ 8.245896, 52.121397 ], [ 8.208914, 52.096774 ], [ 8.192495, 52.072619 ], [ 8.151527, 52.076364 ], [ 8.096448, 52.057145 ], [ 8.075478, 52.010864 ], [ 8.091164, 51.997232 ], [ 8.110954, 52.001174 ], [ 8.114304, 51.97181 ], [ 8.105619, 51.968693 ], [ 8.112986, 51.956048 ], [ 8.169532, 51.92628 ], [ 8.16859, 51.907445 ], [ 8.150495, 51.89861 ], [ 8.161921, 51.899747 ], [ 8.159147, 51.890771 ], [ 8.172726, 51.888072 ], [ 8.184841, 51.862363 ], [ 8.214471, 51.852978 ], [ 8.218822, 51.83634 ], [ 8.199957, 51.827858 ], [ 8.233286, 51.82273 ], [ 8.240264, 51.809418 ], [ 8.257459, 51.802922 ], [ 8.253981, 51.773424 ], [ 8.279368, 51.769693 ], [ 8.293153, 51.753015 ], [ 8.301666, 51.754059 ], [ 8.301494, 51.741397 ], [ 8.310967, 51.739988 ], [ 8.315075, 51.727876 ], [ 8.385549, 51.717476 ], [ 8.462581, 51.722963 ], [ 8.479442, 51.707909 ], [ 8.469748, 51.702689 ], [ 8.483202, 51.694886 ], [ 8.479167, 51.6836 ], [ 8.573229, 51.660557 ], [ 8.585999, 51.615445 ], [ 8.577753, 51.618686 ], [ 8.521605, 51.598837 ], [ 8.507496, 51.586742 ], [ 8.491873, 51.588369 ], [ 8.474364, 51.57347 ], [ 8.48208, 51.564531 ], [ 8.472658, 51.56338 ], [ 8.486611, 51.532759 ], [ 8.512232, 51.530422 ], [ 8.520306, 51.490265 ], [ 8.547931, 51.467813 ], [ 8.572414, 51.467559 ], [ 8.604156, 51.48386 ], [ 8.65209, 51.481157 ], [ 8.72092, 51.459068 ], [ 8.752166, 51.465398 ], [ 8.767671, 51.447386 ], [ 8.835693, 51.496433 ], [ 8.83392, 51.505333 ], [ 8.809239, 51.522428 ], [ 8.81461, 51.539534 ], [ 8.845241, 51.536853 ], [ 8.849252, 51.548309 ], [ 8.88605, 51.548305 ], [ 8.892123, 51.547616 ], [ 8.891093, 51.53289 ], [ 8.946515, 51.507645 ], [ 9.020976, 51.518611 ], [ 9.039286, 51.501922 ], [ 9.076522, 51.503475 ], [ 9.092329, 51.494388 ], [ 9.077185, 51.464872 ], [ 9.086937, 51.461165 ], [ 9.089445, 51.446573 ], [ 9.135749, 51.450187 ], [ 9.158408, 51.443096 ], [ 9.181369, 51.465338 ], [ 9.216466, 51.459594 ], [ 9.216641, 51.481165 ], [ 9.239804, 51.490857 ], [ 9.240232, 51.497208 ], [ 9.264333, 51.497911 ], [ 9.28688, 51.515477 ], [ 9.308325, 51.512643 ], [ 9.315851, 51.523019 ], [ 9.309969, 51.530911 ], [ 9.317031, 51.552366 ], [ 9.373523, 51.591014 ], [ 9.337098, 51.614702 ], [ 9.426669, 51.630814 ], [ 9.444924, 51.644199 ], [ 9.440457, 51.650394 ] ] ] } },
{ "type": "Feature", "properties": { "name": "Arnsberg", "area": 8013.8809381559277 }, "geometry": { "type": "Polygon", "coordinates": [ [ [ 8.477892, 50.969047 ], [ 8.473368, 50.975035 ], [ 8.514076, 51.009237 ], [ 8.538782, 51.019448 ], [ 8.520681, 51.043003 ], [ 8.505144, 51.041433 ], [ 8.527573, 51.062894 ], [ 8.50323, 51.074577 ], [ 8.508023, 51.085388 ], [ 8.55102, 51.102764 ], [ 8.656632, 51.094903 ], [ 8.690535, 51.109159 ], [ 8.719056, 51.109912 ], [ 8.718848, 51.115696 ], [ 8.701741, 51.116577 ], [ 8.692162, 51.132834 ], [ 8.758214, 51.177182 ], [ 8.750004, 51.181464 ], [ 8.749502, 51.197732 ], [ 8.768194, 51.208874 ], [ 8.741697, 51.218423 ], [ 8.727598, 51.250103 ], [ 8.736585, 51.26222 ], [ 8.721998, 51.273744 ], [ 8.692552, 51.276407 ], [ 8.679953, 51.268077 ], [ 8.628341, 51.260505 ], [ 8.609212, 51.246688 ], [ 8.593563, 51.247497 ], [ 8.578218, 51.267478 ], [ 8.556348, 51.277495 ], [ 8.621098, 51.336528 ], [ 8.637788, 51.343613 ], [ 8.653654, 51.33979 ], [ 8.65556, 51.349611 ], [ 8.681209, 51.359764 ], [ 8.679723, 51.373117 ], [ 8.732851, 51.372417 ], [ 8.803993, 51.390798 ], [ 8.836584, 51.388501 ], [ 8.85402, 51.377138 ], [ 8.889581, 51.392722 ], [ 8.939502, 51.389499 ], [ 8.940763, 51.410322 ], [ 8.95153, 51.413493 ], [ 8.948109, 51.428219 ], [ 8.918787, 51.430285 ], [ 8.921783, 51.446054 ], [ 8.890377, 51.481928 ], [ 8.969677, 51.51099 ], [ 8.946515, 51.507645 ], [ 8.905395, 51.531496 ], [ 8.896203, 51.529513 ], [ 8.892123, 51.547616 ], [ 8.849252, 51.548309 ], [ 8.845241, 51.536853 ], [ 8.81461, 51.539534 ], [ 8.81676, 51.531276 ], [ 8.807205, 51.526656 ], [ 8.83392, 51.505333 ], [ 8.83452, 51.494703 ], [ 8.767671, 51.447386 ], [ 8.752166, 51.465398 ], [ 8.72092, 51.459068 ], [ 8.65209, 51.481157 ], [ 8.604156, 51.48386 ], [ 8.572414, 51.467559 ], [ 8.547931, 51.467813 ], [ 8.520306, 51.490265 ], [ 8.512232, 51.530422 ], [ 8.486611, 51.532759 ], [ 8.472658, 51.56338 ], [ 8.48208, 51.564531 ], [ 8.474364, 51.57347 ], [ 8.491873, 51.588369 ], [ 8.507496, 51.586742 ], [ 8.521605, 51.598837 ], [ 8.577753, 51.618686 ], [ 8.585999, 51.615445 ], [ 8.573229, 51.660557 ], [ 8.479167, 51.6836 ], [ 8.484726, 51.691173 ], [ 8.471927, 51.697659 ], [ 8.470274, 51.704236 ], [ 8.479442, 51.707909 ], [ 8.468104, 51.721091 ], [ 8.385549, 51.717476 ], [ 8.323091, 51.727414 ], [ 8.295875, 51.694978 ], [ 8.294862, 51.676553 ], [ 8.250911, 51.660092 ], [ 8.205592, 51.658564 ], [ 8.194752, 51.661512 ], [ 8.20467, 51.670643 ], [ 8.199592, 51.683253 ], [ 8.211678, 51.696689 ], [ 8.184094, 51.693837 ], [ 8.149016, 51.713349 ], [ 8.112208, 51.716984 ], [ 8.097395, 51.702081 ], [ 8.051896, 51.716895 ], [ 8.007027, 51.710204 ], [ 7.975198, 51.72306 ], [ 7.957705, 51.715772 ], [ 7.960951, 51.708348 ], [ 7.951347, 51.700648 ], [ 7.889865, 51.702701 ], [ 7.888313, 51.717815 ], [ 7.875699, 51.728366 ], [ 7.859953, 51.723057 ], [ 7.836445, 51.730018 ], [ 7.825771, 51.744766 ], [ 7.769527, 51.723778 ], [ 7.75219, 51.738526 ], [ 7.735788, 51.73737 ], [ 7.735803, 51.730455 ], [ 7.701889, 51.712379 ], [ 7.687248, 51.728853 ], [ 7.668149, 51.722881 ], [ 7.653012, 51.706402 ], [ 7.612897, 51.715657 ], [ 7.605717, 51.706564 ], [ 7.542142, 51.684738 ], [ 7.543556, 51.690635 ], [ 7.529723, 51.697163 ], [ 7.531491, 51.704432 ], [ 7.518396, 51.70702 ], [ 7.517378, 51.721378 ], [ 7.484189, 51.714147 ], [ 7.47753, 51.72299 ], [ 7.483128, 51.729143 ], [ 7.467867, 51.736311 ], [ 7.421186, 51.709571 ], [ 7.449156, 51.69331 ], [ 7.448452, 51.676311 ], [ 7.40775, 51.667592 ], [ 7.443537, 51.659746 ], [ 7.443785, 51.647088 ], [ 7.462423, 51.638595 ], [ 7.460276, 51.616375 ], [ 7.396322, 51.58732 ], [ 7.371728, 51.590804 ], [ 7.370033, 51.582186 ], [ 7.353619, 51.585063 ], [ 7.338468, 51.576531 ], [ 7.351885, 51.566912 ], [ 7.349782, 51.539466 ], [ 7.36311, 51.527344 ], [ 7.335776, 51.520733 ], [ 7.304372, 51.525433 ], [ 7.293587, 51.532262 ], [ 7.296311, 51.541828 ], [ 7.285946, 51.545688 ], [ 7.283249, 51.55715 ], [ 7.262757, 51.560221 ], [ 7.264093, 51.568568 ], [ 7.24965, 51.564699 ], [ 7.241687, 51.573406 ], [ 7.179628, 51.552736 ], [ 7.123863, 51.550225 ], [ 7.144462, 51.513142 ], [ 7.137472, 51.490571 ], [ 7.104201, 51.481267 ], [ 7.113937, 51.471686 ], [ 7.109474, 51.459442 ], [ 7.133346, 51.44183 ], [ 7.123787, 51.430901 ], [ 7.136842, 51.423215 ], [ 7.12999, 51.41313 ], [ 7.108443, 51.406664 ], [ 7.11837, 51.394168 ], [ 7.117346, 51.380443 ], [ 7.148531, 51.377717 ], [ 7.159378, 51.365117 ], [ 7.145378, 51.339755 ], [ 7.180481, 51.306268 ], [ 7.169904, 51.297962 ], [ 7.199201, 51.295514 ], [ 7.263667, 51.318259 ], [ 7.253901, 51.28818 ], [ 7.277647, 51.272283 ], [ 7.267154, 51.257314 ], [ 7.28569, 51.249585 ], [ 7.304736, 51.252429 ], [ 7.296988, 51.247018 ], [ 7.306694, 51.238875 ], [ 7.331747, 51.250289 ], [ 7.340008, 51.239023 ], [ 7.389791, 51.246596 ], [ 7.403046, 51.238762 ], [ 7.395284, 51.229866 ], [ 7.403753, 51.221436 ], [ 7.41413, 51.220816 ], [ 7.413781, 51.228105 ], [ 7.429276, 51.225334 ], [ 7.433343, 51.214409 ], [ 7.417654, 51.198321 ], [ 7.420228, 51.188638 ], [ 7.436771, 51.180072 ], [ 7.438012, 51.1662 ], [ 7.448893, 51.163749 ], [ 7.441617, 51.158189 ], [ 7.477155, 51.163241 ], [ 7.469756, 51.15508 ], [ 7.472101, 51.139626 ], [ 7.48189, 51.140687 ], [ 7.481049, 51.132154 ], [ 7.492661, 51.125021 ], [ 7.504193, 51.127947 ], [ 7.496195, 51.106051 ], [ 7.535181, 51.100542 ], [ 7.582083, 51.106572 ], [ 7.606265, 51.097987 ], [ 7.600611, 51.081417 ], [ 7.626377, 51.068523 ], [ 7.69184, 51.086504 ], [ 7.713095, 51.07497 ], [ 7.701628, 51.061761 ], [ 7.734037, 51.033277 ], [ 7.727945, 51.029378 ], [ 7.735629, 51.023828 ], [ 7.724413, 51.009731 ], [ 7.726352, 50.997246 ], [ 7.74889, 50.97777 ], [ 7.780297, 50.97996 ], [ 7.792023, 50.951203 ], [ 7.782311, 50.947479 ], [ 7.785898, 50.939914 ], [ 7.813266, 50.940027 ], [ 7.828198, 50.928995 ], [ 7.851496, 50.925832 ], [ 7.83371, 50.908347 ], [ 7.829264, 50.882387 ], [ 7.882458, 50.874891 ], [ 7.905851, 50.848109 ], [ 7.957688, 50.848869 ], [ 7.978313, 50.833312 ], [ 7.964248, 50.783822 ], [ 7.984028, 50.76099 ], [ 8.040326, 50.725657 ], [ 8.03969, 50.697375 ], [ 8.099173, 50.703558 ], [ 8.121064, 50.68542 ], [ 8.131279, 50.69692 ], [ 8.142607, 50.695448 ], [ 8.166829, 50.735711 ], [ 8.151834, 50.759854 ], [ 8.135641, 50.767216 ], [ 8.141662, 50.77166 ], [ 8.125512, 50.788356 ], [ 8.165807, 50.803476 ], [ 8.182841, 50.824873 ], [ 8.231314, 50.85064 ], [ 8.269667, 50.881876 ], [ 8.292017, 50.882136 ], [ 8.305473, 50.861121 ], [ 8.367074, 50.862925 ], [ 8.371917, 50.874266 ], [ 8.385576, 50.875793 ], [ 8.38803, 50.891929 ], [ 8.433426, 50.918239 ], [ 8.456441, 50.916531 ], [ 8.449324, 50.941083 ], [ 8.462277, 50.949693 ], [ 8.458723, 50.965392 ], [ 8.477892, 50.969047 ] ] ] } },
{ "type": "Feature", "properties": { "name": "Koblenz", "area": 8074.9887290036904 }, "geometry": { "type": "Polygon", "coordinates": [ [ [ 8.121914, 50.277225 ], [ 8.118601, 50.29968 ], [ 8.102414, 50.309826 ], [ 8.102678, 50.327017 ], [ 8.071944, 50.331773 ], [ 8.07677, 50.348403 ], [ 8.059757, 50.375312 ], [ 8.046051, 50.37466 ], [ 8.042556, 50.386054 ], [ 8.01456, 50.384525 ], [ 8.023757, 50.400766 ], [ 7.987154, 50.398055 ], [ 7.982419, 50.408097 ], [ 7.964192, 50.412225 ], [ 7.987782, 50.427922 ], [ 7.988095, 50.435509 ], [ 7.975182, 50.437621 ], [ 8.010766, 50.452692 ], [ 8.010475, 50.460573 ], [ 7.987668, 50.472726 ], [ 7.978903, 50.495384 ], [ 7.989967, 50.498569 ], [ 7.982937, 50.511461 ], [ 8.028375, 50.550559 ], [ 8.046104, 50.557017 ], [ 8.066422, 50.548931 ], [ 8.070521, 50.537998 ], [ 8.103427, 50.532628 ], [ 8.117738, 50.534509 ], [ 8.120881, 50.53966 ], [ 8.110809, 50.541865 ], [ 8.118992, 50.54847 ], [ 8.137913, 50.550948 ], [ 8.132189, 50.55796 ], [ 8.151592, 50.599371 ], [ 8.126019, 50.610093 ], [ 8.140885, 50.630228 ], [ 8.110092, 50.657251 ], [ 8.112584, 50.675568 ], [ 8.125777, 50.685814 ], [ 8.099173, 50.703558 ], [ 8.03969, 50.697375 ], [ 8.040326, 50.725657 ], [ 7.984028, 50.76099 ], [ 7.964248, 50.783822 ], [ 7.978313, 50.833312 ], [ 7.957688, 50.848869 ], [ 7.905851, 50.848109 ], [ 7.882458, 50.874891 ], [ 7.829264, 50.882387 ], [ 7.83371, 50.908347 ], [ 7.851496, 50.925832 ], [ 7.828198, 50.928995 ], [ 7.813266, 50.940027 ], [ 7.792811, 50.942335 ], [ 7.757281, 50.920164 ], [ 7.735459, 50.917765 ], [ 7.760427, 50.900394 ], [ 7.753022, 50.888379 ], [ 7.758767, 50.879772 ], [ 7.74831, 50.867217 ], [ 7.765974, 50.856819 ], [ 7.753187, 50.851369 ], [ 7.762187, 50.845134 ], [ 7.729342, 50.850523 ], [ 7.699427, 50.825011 ], [ 7.661004, 50.820364 ], [ 7.679511, 50.810047 ], [ 7.675048, 50.802669 ], [ 7.682222, 50.795369 ], [ 7.675945, 50.779328 ], [ 7.658936, 50.784828 ], [ 7.662161, 50.773156 ], [ 7.655451, 50.76787 ], [ 7.601043, 50.766313 ], [ 7.591617, 50.7562 ], [ 7.592375, 50.740545 ], [ 7.5519, 50.746343 ], [ 7.519388, 50.737407 ], [ 7.520124, 50.728997 ], [ 7.501941, 50.730013 ], [ 7.443151, 50.711197 ], [ 7.374011, 50.718219 ], [ 7.357136, 50.697904 ], [ 7.368308, 50.69709 ], [ 7.365116, 50.687611 ], [ 7.372063, 50.682107 ], [ 7.355821, 50.665231 ], [ 7.358977, 50.649494 ], [ 7.333481, 50.638396 ], [ 7.2124, 50.623405 ], [ 7.211464, 50.64816 ], [ 7.203787, 50.64966 ], [ 7.190636, 50.636041 ], [ 7.189839, 50.623895 ], [ 7.17302, 50.612552 ], [ 7.154717, 50.614705 ], [ 7.147852, 50.600293 ], [ 7.115121, 50.611786 ], [ 7.103797, 50.591323 ], [ 7.087431, 50.586012 ], [ 7.056131, 50.606241 ], [ 6.998096, 50.56505 ], [ 6.983577, 50.565734 ], [ 6.972098, 50.555907 ], [ 6.951382, 50.563379 ], [ 6.930971, 50.560452 ], [ 6.922046, 50.554281 ], [ 6.92935, 50.533143 ], [ 6.882098, 50.526949 ], [ 6.897819, 50.517695 ], [ 6.888554, 50.507009 ], [ 6.907069, 50.502642 ], [ 6.897867, 50.492266 ], [ 6.905594, 50.485048 ], [ 6.901482, 50.469092 ], [ 6.858574, 50.453266 ], [ 6.81207, 50.472244 ], [ 6.800937, 50.491319 ], [ 6.768282, 50.484284 ], [ 6.743244, 50.467748 ], [ 6.758145, 50.470932 ], [ 6.757073, 50.463031 ], [ 6.766624, 50.458644 ], [ 6.745524, 50.43593 ], [ 6.771201, 50.436053 ], [ 6.770693, 50.425045 ], [ 6.785123, 50.420633 ], [ 6.769312, 50.392748 ], [ 6.808939, 50.359415 ], [ 6.796133, 50.341515 ], [ 6.811628, 50.336818 ], [ 6.792725, 50.326443 ], [ 6.814906, 50.329112 ], [ 6.836183, 50.318118 ], [ 6.85319, 50.327056 ], [ 6.871567, 50.319225 ], [ 6.890772, 50.321614 ], [ 6.892242, 50.315102 ], [ 6.927714, 50.306871 ], [ 6.944715, 50.313821 ], [ 6.952377, 50.329561 ], [ 6.971288, 50.32846 ], [ 6.967487, 50.33672 ], [ 6.987218, 50.350306 ], [ 7.009133, 50.349596 ], [ 7.012844, 50.340944 ], [ 7.038252, 50.335174 ], [ 6.98925, 50.318949 ], [ 6.987908, 50.310341 ], [ 6.973802, 50.306378 ], [ 6.999859, 50.289954 ], [ 7.042374, 50.289261 ], [ 7.070435, 50.276917 ], [ 7.052169, 50.244393 ], [ 7.056623, 50.240528 ], [ 7.036558, 50.236446 ], [ 7.034437, 50.225951 ], [ 7.00706, 50.219103 ], [ 6.994781, 50.236599 ], [ 6.978842, 50.236767 ], [ 6.955617, 50.224017 ], [ 6.960272, 50.218116 ], [ 6.952696, 50.207784 ], [ 6.972997, 50.174497 ], [ 6.972871, 50.161739 ], [ 6.955604, 50.157899 ], [ 6.976539, 50.138711 ], [ 6.99555, 50.133143 ], [ 6.979109, 50.124171 ], [ 6.977621, 50.113118 ], [ 6.984855, 50.107963 ], [ 6.976292, 50.106717 ], [ 6.983692, 50.100433 ], [ 6.978376, 50.086641 ], [ 7.002742, 50.085795 ], [ 7.022679, 50.066732 ], [ 7.056954, 50.069806 ], [ 7.100511, 50.061646 ], [ 7.096154, 50.053752 ], [ 7.103163, 50.049458 ], [ 7.102627, 50.03685 ], [ 7.125255, 50.026426 ], [ 7.130214, 50.008226 ], [ 7.145408, 49.999496 ], [ 7.14681, 49.990608 ], [ 7.196535, 49.986398 ], [ 7.189669, 49.97703 ], [ 7.22155, 49.948522 ], [ 7.254138, 49.941237 ], [ 7.211817, 49.900118 ], [ 7.235631, 49.875565 ], [ 7.233638, 49.869443 ], [ 7.241421, 49.872368 ], [ 7.263789, 49.855595 ], [ 7.127882, 49.777405 ], [ 7.126232, 49.753013 ], [ 7.044311, 49.689302 ], [ 7.065125, 49.676921 ], [ 7.044046, 49.671586 ], [ 7.050778, 49.654609 ], [ 7.02798, 49.639438 ], [ 7.05908, 49.63048 ], [ 7.087675, 49.599584 ], [ 7.100159, 49.605683 ], [ 7.118404, 49.595983 ], [ 7.149309, 49.603679 ], [ 7.173713, 49.599068 ], [ 7.173454, 49.585084 ], [ 7.188374, 49.575662 ], [ 7.209999, 49.577149 ], [ 7.213353, 49.565846 ], [ 7.240829, 49.568974 ], [ 7.268704, 49.584083 ], [ 7.262409, 49.571912 ], [ 7.276623, 49.548624 ], [ 7.324342, 49.555909 ], [ 7.319084, 49.562326 ], [ 7.333941, 49.565036 ], [ 7.33365, 49.57208 ], [ 7.355557, 49.582382 ], [ 7.350398, 49.586272 ], [ 7.363037, 49.595853 ], [ 7.384625, 49.60043 ], [ 7.420488, 49.589761 ], [ 7.439788, 49.593986 ], [ 7.448941, 49.615276 ], [ 7.436452, 49.620111 ], [ 7.425679, 49.653517 ], [ 7.45376, 49.673986 ], [ 7.521901, 49.678806 ], [ 7.522752, 49.707623 ], [ 7.536199, 49.71399 ], [ 7.540194, 49.701975 ], [ 7.550556, 49.698509 ], [ 7.547854, 49.692838 ], [ 7.59968, 49.679807 ], [ 7.642582, 49.686993 ], [ 7.659414, 49.701142 ], [ 7.673589, 49.687907 ], [ 7.663183, 49.677526 ], [ 7.674334, 49.668089 ], [ 7.652663, 49.645517 ], [ 7.663731, 49.635948 ], [ 7.70333, 49.652515 ], [ 7.699083, 49.657542 ], [ 7.721074, 49.67166 ], [ 7.719932, 49.683165 ], [ 7.735229, 49.697412 ], [ 7.724407, 49.720708 ], [ 7.766774, 49.743655 ], [ 7.757586, 49.757761 ], [ 7.766789, 49.764483 ], [ 7.780444, 49.751235 ], [ 7.798855, 49.758328 ], [ 7.841197, 49.754107 ], [ 7.839603, 49.760254 ], [ 7.861949, 49.76579 ], [ 7.87005, 49.755995 ], [ 7.899734, 49.762044 ], [ 7.901589, 49.752568 ], [ 7.919102, 49.753403 ], [ 7.918296, 49.762378 ], [ 7.934571, 49.768023 ], [ 7.927558, 49.81138 ], [ 7.963557, 49.833102 ], [ 7.952716, 49.841925 ], [ 7.96877, 49.85413 ], [ 7.953667, 49.875353 ], [ 7.919412, 49.881792 ], [ 7.898242, 49.9305 ], [ 7.844612, 49.942954 ], [ 7.811047, 49.933696 ], [ 7.801775, 49.93805 ], [ 7.804889, 49.948063 ], [ 7.821756, 49.948578 ], [ 7.817541, 49.957087 ], [ 7.773514, 49.973236 ], [ 7.756361, 49.995594 ], [ 7.699727, 50.012837 ], [ 7.691625, 50.03213 ], [ 7.664755, 50.033211 ], [ 7.705774, 50.063315 ], [ 7.746873, 50.079566 ], [ 7.764845, 50.08259 ], [ 7.773997, 50.06654 ], [ 7.782176, 50.066609 ], [ 7.803461, 50.08458 ], [ 7.837194, 50.084129 ], [ 7.830071, 50.098026 ], [ 7.854016, 50.128329 ], [ 7.884717, 50.114378 ], [ 7.903224, 50.121552 ], [ 7.920364, 50.10368 ], [ 7.930097, 50.10374 ], [ 7.922488, 50.134457 ], [ 7.932942, 50.143884 ], [ 7.890516, 50.162944 ], [ 7.88283, 50.181317 ], [ 7.910215, 50.193495 ], [ 7.915274, 50.205894 ], [ 7.947395, 50.210072 ], [ 7.953052, 50.220398 ], [ 7.98456, 50.226856 ], [ 7.990204, 50.238665 ], [ 8.011773, 50.218033 ], [ 8.035444, 50.215662 ], [ 8.039718, 50.228585 ], [ 8.05891, 50.234406 ], [ 8.021651, 50.258345 ], [ 8.035892, 50.271192 ], [ 8.072088, 50.273153 ], [ 8.082993, 50.265902 ], [ 8.079032, 50.261002 ], [ 8.103121, 50.259789 ], [ 8.121914, 50.277225 ] ] ] } },
{ "type": "Feature", "properties": { "name": "Trier", "area": 4929.2278282060861 }, "geometry": { "type": "Polygon", "coordinates": [ [ [ 6.425295, 50.323012 ], [ 6.361558, 50.314711 ], [ 6.363317, 50.305429 ], [ 6.334891, 50.316422 ], [ 6.333323, 50.32316 ], [ 6.306466, 50.320145 ], [ 6.309232, 50.311702 ], [ 6.296116, 50.309015 ], [ 6.298095, 50.302148 ], [ 6.28586, 50.294065 ], [ 6.29209, 50.278829 ], [ 6.277943, 50.266431 ], [ 6.215766, 50.257012 ], [ 6.197518, 50.238104 ], [ 6.175687, 50.235416 ], [ 6.177081, 50.226816 ], [ 6.166408, 50.22004 ], [ 6.188914, 50.20528 ], [ 6.183889, 50.192067 ], [ 6.192752, 50.181874 ], [ 6.165317, 50.179062 ], [ 6.160342, 50.171816 ], [ 6.146895, 50.177776 ], [ 6.147584, 50.170457 ], [ 6.139794, 50.169268 ], [ 6.147523, 50.16063 ], [ 6.132113, 50.153553 ], [ 6.152871, 50.15009 ], [ 6.154658, 50.1419 ], [ 6.129603, 50.121581 ], [ 6.135513, 50.103377 ], [ 6.125529, 50.099733 ], [ 6.132981, 50.093236 ], [ 6.120487, 50.092214 ], [ 6.116141, 50.074333 ], [ 6.129286, 50.073549 ], [ 6.112355, 50.060509 ], [ 6.123938, 50.059752 ], [ 6.121508, 50.052876 ], [ 6.13433, 50.040118 ], [ 6.129668, 50.029981 ], [ 6.145884, 50.022732 ], [ 6.129769, 50.018796 ], [ 6.149644, 50.008882 ], [ 6.138016, 49.998222 ], [ 6.172373, 49.984801 ], [ 6.164933, 49.970548 ], [ 6.177786, 49.954035 ], [ 6.187855, 49.955962 ], [ 6.181772, 49.96383 ], [ 6.190994, 49.968757 ], [ 6.197562, 49.948405 ], [ 6.205202, 49.955187 ], [ 6.223907, 49.949939 ], [ 6.216597, 49.944433 ], [ 6.226167, 49.929389 ], [ 6.217967, 49.923537 ], [ 6.231752, 49.918523 ], [ 6.227022, 49.910763 ], [ 6.233643, 49.900376 ], [ 6.29654, 49.866482 ], [ 6.311001, 49.869945 ], [ 6.322637, 49.838032 ], [ 6.364172, 49.850767 ], [ 6.397427, 49.822305 ], [ 6.42914, 49.810859 ], [ 6.454502, 49.811537 ], [ 6.470854, 49.822562 ], [ 6.511375, 49.801792 ], [ 6.519506, 49.812891 ], [ 6.529314, 49.809387 ], [ 6.506034, 49.790133 ], [ 6.516818, 49.783246 ], [ 6.509761, 49.774159 ], [ 6.51862, 49.76245 ], [ 6.500499, 49.752139 ], [ 6.502198, 49.732614 ], [ 6.517163, 49.723595 ], [ 6.495977, 49.725956 ], [ 6.507019, 49.71264 ], [ 6.459139, 49.69079 ], [ 6.42822, 49.666873 ], [ 6.426601, 49.661236 ], [ 6.440803, 49.65592 ], [ 6.421434, 49.620049 ], [ 6.374925, 49.591894 ], [ 6.380962, 49.577176 ], [ 6.357852, 49.573821 ], [ 6.381404, 49.558407 ], [ 6.380053, 49.551105 ], [ 6.41432, 49.543259 ], [ 6.430298, 49.548963 ], [ 6.452072, 49.538277 ], [ 6.467922, 49.544366 ], [ 6.494121, 49.530623 ], [ 6.514927, 49.53508 ], [ 6.517437, 49.527547 ], [ 6.538554, 49.539453 ], [ 6.563963, 49.540558 ], [ 6.579729, 49.522188 ], [ 6.604679, 49.517259 ], [ 6.616972, 49.535522 ], [ 6.645951, 49.539143 ], [ 6.65282, 49.550936 ], [ 6.664115, 49.542737 ], [ 6.684183, 49.548154 ], [ 6.690447, 49.535204 ], [ 6.708582, 49.553308 ], [ 6.747982, 49.557908 ], [ 6.813442, 49.591999 ], [ 6.835421, 49.582932 ], [ 6.839124, 49.592636 ], [ 6.846006, 49.589616 ], [ 6.866435, 49.60866 ], [ 6.879561, 49.601171 ], [ 6.891445, 49.616287 ], [ 6.929578, 49.612435 ], [ 6.927692, 49.618294 ], [ 6.937776, 49.617738 ], [ 6.932763, 49.631027 ], [ 6.940917, 49.634922 ], [ 6.948612, 49.635128 ], [ 6.951395, 49.625119 ], [ 6.991535, 49.635468 ], [ 6.985964, 49.620731 ], [ 7.001024, 49.63088 ], [ 7.012398, 49.628358 ], [ 7.050778, 49.654609 ], [ 7.044046, 49.671586 ], [ 7.065125, 49.676921 ], [ 7.044311, 49.689302 ], [ 7.126232, 49.753013 ], [ 7.127882, 49.777405 ], [ 7.263789, 49.855595 ], [ 7.241421, 49.872368 ], [ 7.233638, 49.869443 ], [ 7.235631, 49.875565 ], [ 7.211817, 49.900118 ], [ 7.254138, 49.941237 ], [ 7.22155, 49.948522 ], [ 7.189669, 49.97703 ], [ 7.196535, 49.986398 ], [ 7.14681, 49.990608 ], [ 7.145408, 49.999496 ], [ 7.130214, 50.008226 ], [ 7.125255, 50.026426 ], [ 7.102627, 50.03685 ], [ 7.103163, 50.049458 ], [ 7.096154, 50.053752 ], [ 7.100511, 50.061646 ], [ 7.056954, 50.069806 ], [ 7.022679, 50.066732 ], [ 7.002742, 50.085795 ], [ 6.978376, 50.086641 ], [ 6.983692, 50.100433 ], [ 6.976292, 50.106717 ], [ 6.984855, 50.107963 ], [ 6.977621, 50.113118 ], [ 6.979109, 50.124171 ], [ 6.99555, 50.133143 ], [ 6.976539, 50.138711 ], [ 6.955604, 50.157899 ], [ 6.972871, 50.161739 ], [ 6.972997, 50.174497 ], [ 6.952696, 50.207784 ], [ 6.960272, 50.218116 ], [ 6.955617, 50.224017 ], [ 6.978842, 50.236767 ], [ 6.994781, 50.236599 ], [ 7.00706, 50.219103 ], [ 7.034437, 50.225951 ], [ 7.036558, 50.236446 ], [ 7.056623, 50.240528 ], [ 7.052169, 50.244393 ], [ 7.070435, 50.276917 ], [ 7.042374, 50.289261 ], [ 6.999859, 50.289954 ], [ 6.973802, 50.306378 ], [ 6.987908, 50.310341 ], [ 6.98925, 50.318949 ], [ 7.038252, 50.335174 ], [ 7.012844, 50.340944 ], [ 7.009133, 50.349596 ], [ 6.987218, 50.350306 ], [ 6.967487, 50.33672 ], [ 6.971288, 50.32846 ], [ 6.952377, 50.329561 ], [ 6.944715, 50.313821 ], [ 6.917066, 50.306881 ], [ 6.890772, 50.321614 ], [ 6.871567, 50.319225 ], [ 6.85319, 50.327056 ], [ 6.836183, 50.318118 ], [ 6.814906, 50.329112 ], [ 6.792725, 50.326443 ], [ 6.811628, 50.336818 ], [ 6.796133, 50.341515 ], [ 6.808939, 50.359415 ], [ 6.800711, 50.361781 ], [ 6.777686, 50.364434 ], [ 6.776766, 50.358089 ], [ 6.732404, 50.352497 ], [ 6.699245, 50.336097 ], [ 6.686768, 50.358379 ], [ 6.667351, 50.371968 ], [ 6.656015, 50.367435 ], [ 6.654226, 50.351077 ], [ 6.636206, 50.345372 ], [ 6.622245, 50.353659 ], [ 6.625354, 50.374884 ], [ 6.604088, 50.375119 ], [ 6.603086, 50.388222 ], [ 6.559016, 50.36941 ], [ 6.530451, 50.369345 ], [ 6.516404, 50.355388 ], [ 6.507122, 50.359877 ], [ 6.484744, 50.338561 ], [ 6.465982, 50.342589 ], [ 6.451615, 50.336424 ], [ 6.461162, 50.359027 ], [ 6.448561, 50.371338 ], [ 6.430024, 50.36319 ], [ 6.420878, 50.368903 ], [ 6.41485, 50.374546 ], [ 6.422031, 50.381948 ], [ 6.413043, 50.389486 ], [ 6.385006, 50.384187 ], [ 6.395452, 50.361419 ], [ 6.405977, 50.363822 ], [ 6.397181, 50.357912 ], [ 6.407909, 50.33938 ], [ 6.424062, 50.333827 ], [ 6.425295, 50.323012 ] ] ] } },
{ "type": "Feature", "properties": { "name": "Rheinhessen-Pfalz", "area": 6852.2525243759837 }, "geometry": { "type": "Polygon", "coordinates": [ [ [ 8.422439, 49.583385 ], [ 8.381985, 49.627284 ], [ 8.356488, 49.677987 ], [ 8.357267, 49.692142 ], [ 8.381522, 49.707043 ], [ 8.435959, 49.720989 ], [ 8.479573, 49.76295 ], [ 8.47074, 49.769065 ], [ 8.42071, 49.769834 ], [ 8.37961, 49.822556 ], [ 8.38433, 49.854549 ], [ 8.34652, 49.874819 ], [ 8.34258, 49.888588 ], [ 8.35424, 49.917617 ], [ 8.342164, 49.949041 ], [ 8.322339, 49.973592 ], [ 8.244558, 50.027628 ], [ 8.186346, 50.035544 ], [ 8.036357, 50.002312 ], [ 7.967402, 49.977773 ], [ 7.878062, 49.973132 ], [ 7.864396, 49.982676 ], [ 7.854502, 50.010842 ], [ 7.779659, 50.051107 ], [ 7.764845, 50.08259 ], [ 7.746873, 50.079566 ], [ 7.705774, 50.063315 ], [ 7.664755, 50.033211 ], [ 7.691625, 50.03213 ], [ 7.699727, 50.012837 ], [ 7.756361, 49.995594 ], [ 7.773514, 49.973236 ], [ 7.817541, 49.957087 ], [ 7.821756, 49.948578 ], [ 7.804889, 49.948063 ], [ 7.801775, 49.93805 ], [ 7.811047, 49.933696 ], [ 7.844612, 49.942954 ], [ 7.898242, 49.9305 ], [ 7.919412, 49.881792 ], [ 7.947704, 49.880558 ], [ 7.96877, 49.85413 ], [ 7.952716, 49.841925 ], [ 7.963557, 49.833102 ], [ 7.941604, 49.823887 ], [ 7.944088, 49.818055 ], [ 7.924364, 49.805376 ], [ 7.932792, 49.800351 ], [ 7.934642, 49.778053 ], [ 7.928846, 49.776238 ], [ 7.934571, 49.768023 ], [ 7.918296, 49.762378 ], [ 7.919102, 49.753403 ], [ 7.905437, 49.752264 ], [ 7.899734, 49.762044 ], [ 7.87005, 49.755995 ], [ 7.861949, 49.76579 ], [ 7.839603, 49.760254 ], [ 7.841197, 49.754107 ], [ 7.798855, 49.758328 ], [ 7.780444, 49.751235 ], [ 7.766789, 49.764483 ], [ 7.757586, 49.757761 ], [ 7.766774, 49.743655 ], [ 7.724407, 49.720708 ], [ 7.735229, 49.697412 ], [ 7.719932, 49.683165 ], [ 7.721074, 49.67166 ], [ 7.699083, 49.657542 ], [ 7.70333, 49.652515 ], [ 7.663731, 49.635948 ], [ 7.652663, 49.645517 ], [ 7.674334, 49.668089 ], [ 7.663183, 49.677526 ], [ 7.673589, 49.687907 ], [ 7.659414, 49.701142 ], [ 7.642582, 49.686993 ], [ 7.59968, 49.679807 ], [ 7.547854, 49.692838 ], [ 7.550556, 49.698509 ], [ 7.540194, 49.701975 ], [ 7.536199, 49.71399 ], [ 7.522752, 49.707623 ], [ 7.521901, 49.678806 ], [ 7.45376, 49.673986 ], [ 7.425679, 49.653517 ], [ 7.436452, 49.620111 ], [ 7.448941, 49.615276 ], [ 7.439788, 49.593986 ], [ 7.420488, 49.589761 ], [ 7.384625, 49.60043 ], [ 7.363037, 49.595853 ], [ 7.350398, 49.586272 ], [ 7.355557, 49.582382 ], [ 7.33365, 49.57208 ], [ 7.333941, 49.565036 ], [ 7.319084, 49.562326 ], [ 7.324342, 49.555909 ], [ 7.275605, 49.548102 ], [ 7.276426, 49.537099 ], [ 7.302015, 49.534812 ], [ 7.309872, 49.523221 ], [ 7.285689, 49.516907 ], [ 7.280944, 49.505525 ], [ 7.287067, 49.499063 ], [ 7.278136, 49.484275 ], [ 7.296841, 49.48355 ], [ 7.304826, 49.472446 ], [ 7.286927, 49.457689 ], [ 7.246438, 49.445518 ], [ 7.255328, 49.440597 ], [ 7.252589, 49.431465 ], [ 7.29007, 49.414705 ], [ 7.298941, 49.398519 ], [ 7.289341, 49.388814 ], [ 7.355817, 49.37977 ], [ 7.354844, 49.374422 ], [ 7.369107, 49.373983 ], [ 7.36638, 49.36341 ], [ 7.399838, 49.371739 ], [ 7.393352, 49.363479 ], [ 7.402625, 49.356209 ], [ 7.389889, 49.349835 ], [ 7.403773, 49.346115 ], [ 7.377726, 49.320394 ], [ 7.392083, 49.320849 ], [ 7.394449, 49.314654 ], [ 7.380675, 49.306736 ], [ 7.385427, 49.294124 ], [ 7.374717, 49.282905 ], [ 7.334463, 49.278285 ], [ 7.344019, 49.270442 ], [ 7.324858, 49.257463 ], [ 7.324554, 49.248142 ], [ 7.306515, 49.25614 ], [ 7.303464, 49.245498 ], [ 7.289732, 49.238669 ], [ 7.294504, 49.234708 ], [ 7.288958, 49.230595 ], [ 7.304004, 49.222113 ], [ 7.295757, 49.205347 ], [ 7.338485, 49.184432 ], [ 7.335878, 49.175867 ], [ 7.362668, 49.158389 ], [ 7.368865, 49.1618 ], [ 7.365143, 49.171836 ], [ 7.445647, 49.184151 ], [ 7.435884, 49.179664 ], [ 7.441713, 49.172026 ], [ 7.43335, 49.165185 ], [ 7.493984, 49.169364 ], [ 7.496055, 49.155073 ], [ 7.505979, 49.150515 ], [ 7.489566, 49.136474 ], [ 7.51551, 49.120956 ], [ 7.528678, 49.097092 ], [ 7.563619, 49.080226 ], [ 7.600972, 49.083235 ], [ 7.629311, 49.073551 ], [ 7.631201, 49.054886 ], [ 7.674717, 49.044967 ], [ 7.697622, 49.049701 ], [ 7.695948, 49.057797 ], [ 7.731427, 49.055531 ], [ 7.73227, 49.043961 ], [ 7.761088, 49.045515 ], [ 7.794402, 49.065686 ], [ 7.866826, 49.032917 ], [ 7.889132, 49.049041 ], [ 7.916983, 49.040882 ], [ 7.935648, 49.057655 ], [ 7.966525, 49.041541 ], [ 7.974789, 49.0268 ], [ 7.99633, 49.029053 ], [ 8.048976, 49.014292 ], [ 8.087684, 48.98982 ], [ 8.139902, 48.97845 ], [ 8.194394, 48.977132 ], [ 8.199481, 48.966898 ], [ 8.222596, 48.975929 ], [ 8.232633, 48.966571 ], [ 8.285815, 48.996564 ], [ 8.311687, 49.054307 ], [ 8.358091, 49.097784 ], [ 8.372708, 49.151981 ], [ 8.368431, 49.168052 ], [ 8.405252, 49.220561 ], [ 8.398535, 49.225753 ], [ 8.384804, 49.219628 ], [ 8.390816, 49.236095 ], [ 8.489069, 49.293124 ], [ 8.48385, 49.304948 ], [ 8.455804, 49.31421 ], [ 8.450485, 49.323141 ], [ 8.496811, 49.36418 ], [ 8.500398, 49.389014 ], [ 8.473231, 49.373364 ], [ 8.463528, 49.384429 ], [ 8.496189, 49.402136 ], [ 8.508242, 49.434493 ], [ 8.498879, 49.442654 ], [ 8.442691, 49.450239 ], [ 8.444322, 49.459187 ], [ 8.463795, 49.470403 ], [ 8.442964, 49.492696 ], [ 8.414725, 49.553897 ], [ 8.422439, 49.583385 ] ] ] } },
{ "type": "Feature", "properties": { "name": "Saarland", "area": 2571.0467495883399 }, "geometry": { "type": "Polygon", "coordinates": [ [ [ 7.02798, 49.639438 ], [ 6.985964, 49.620731 ], [ 6.991535, 49.635468 ], [ 6.951395, 49.625119 ], [ 6.948612, 49.635128 ], [ 6.940917, 49.634922 ], [ 6.932763, 49.631027 ], [ 6.937776, 49.617738 ], [ 6.927692, 49.618294 ], [ 6.929578, 49.612435 ], [ 6.891445, 49.616287 ], [ 6.879561, 49.601171 ], [ 6.866435, 49.60866 ], [ 6.846006, 49.589616 ], [ 6.839124, 49.592636 ], [ 6.835421, 49.582932 ], [ 6.813442, 49.591999 ], [ 6.747982, 49.557908 ], [ 6.708582, 49.553308 ], [ 6.690447, 49.535204 ], [ 6.684183, 49.548154 ], [ 6.664115, 49.542737 ], [ 6.65282, 49.550936 ], [ 6.645951, 49.539143 ], [ 6.616972, 49.535522 ], [ 6.604679, 49.517259 ], [ 6.579729, 49.522188 ], [ 6.563963, 49.540558 ], [ 6.538554, 49.539453 ], [ 6.517437, 49.527547 ], [ 6.514927, 49.53508 ], [ 6.494121, 49.530623 ], [ 6.467922, 49.544366 ], [ 6.452072, 49.538277 ], [ 6.430298, 49.548963 ], [ 6.41432, 49.543259 ], [ 6.380053, 49.551105 ], [ 6.356994, 49.531294 ], [ 6.36752, 49.50273 ], [ 6.367084, 49.469512 ], [ 6.393405, 49.46405 ], [ 6.429131, 49.476241 ], [ 6.550816, 49.42538 ], [ 6.557388, 49.419529 ], [ 6.538676, 49.412205 ], [ 6.540819, 49.401251 ], [ 6.586653, 49.385147 ], [ 6.583148, 49.368423 ], [ 6.602159, 49.367109 ], [ 6.588417, 49.349883 ], [ 6.574056, 49.358665 ], [ 6.563621, 49.355913 ], [ 6.565664, 49.347652 ], [ 6.578393, 49.334962 ], [ 6.591164, 49.336245 ], [ 6.595596, 49.330057 ], [ 6.589121, 49.322058 ], [ 6.615106, 49.301349 ], [ 6.638799, 49.295681 ], [ 6.65337, 49.281237 ], [ 6.670166, 49.280254 ], [ 6.661415, 49.258075 ], [ 6.689999, 49.249556 ], [ 6.685317, 49.240961 ], [ 6.695825, 49.215274 ], [ 6.723465, 49.218829 ], [ 6.731445, 49.205957 ], [ 6.711208, 49.188342 ], [ 6.738601, 49.163675 ], [ 6.782724, 49.168159 ], [ 6.834057, 49.15108 ], [ 6.847518, 49.157158 ], [ 6.844397, 49.173057 ], [ 6.861768, 49.178839 ], [ 6.837991, 49.213495 ], [ 6.858873, 49.222757 ], [ 6.893345, 49.209147 ], [ 6.925061, 49.223346 ], [ 6.938108, 49.222434 ], [ 6.959604, 49.20309 ], [ 6.975231, 49.209454 ], [ 7.010753, 49.187953 ], [ 7.035013, 49.191416 ], [ 7.027733, 49.170133 ], [ 7.046502, 49.137337 ], [ 7.044232, 49.120194 ], [ 7.055031, 49.11209 ], [ 7.089396, 49.130185 ], [ 7.082181, 49.152064 ], [ 7.101069, 49.155998 ], [ 7.113235, 49.151962 ], [ 7.104057, 49.13839 ], [ 7.125785, 49.141896 ], [ 7.1356, 49.128405 ], [ 7.159406, 49.120467 ], [ 7.165058, 49.128595 ], [ 7.18547, 49.131236 ], [ 7.198041, 49.115167 ], [ 7.205482, 49.123613 ], [ 7.245054, 49.130111 ], [ 7.281587, 49.12437 ], [ 7.282359, 49.116911 ], [ 7.293177, 49.114907 ], [ 7.321358, 49.141388 ], [ 7.362726, 49.143148 ], [ 7.368755, 49.161458 ], [ 7.350148, 49.162838 ], [ 7.335878, 49.175867 ], [ 7.338485, 49.184432 ], [ 7.295757, 49.205347 ], [ 7.304004, 49.222113 ], [ 7.288958, 49.230595 ], [ 7.294504, 49.234708 ], [ 7.289132, 49.237821 ], [ 7.303464, 49.245498 ], [ 7.306515, 49.25614 ], [ 7.324554, 49.248142 ], [ 7.324858, 49.257463 ], [ 7.344019, 49.270442 ], [ 7.334463, 49.278285 ], [ 7.355823, 49.28372 ], [ 7.365327, 49.278124 ], [ 7.385427, 49.294124 ], [ 7.380675, 49.306736 ], [ 7.394494, 49.316352 ], [ 7.377726, 49.320394 ], [ 7.400526, 49.337698 ], [ 7.403773, 49.346115 ], [ 7.389889, 49.349835 ], [ 7.402625, 49.356209 ], [ 7.393352, 49.363479 ], [ 7.401321, 49.370519 ], [ 7.36638, 49.36341 ], [ 7.369107, 49.373983 ], [ 7.354844, 49.374422 ], [ 7.355817, 49.37977 ], [ 7.289341, 49.388814 ], [ 7.298941, 49.398519 ], [ 7.29007, 49.414705 ], [ 7.256971, 49.426103 ], [ 7.250246, 49.435178 ], [ 7.255328, 49.440597 ], [ 7.246438, 49.445518 ], [ 7.301093, 49.466685 ], [ 7.304916, 49.474195 ], [ 7.296841, 49.48355 ], [ 7.278136, 49.484275 ], [ 7.287067, 49.499063 ], [ 7.280944, 49.505525 ], [ 7.292316, 49.521582 ], [ 7.309872, 49.523221 ], [ 7.302015, 49.534812 ], [ 7.276111, 49.537423 ], [ 7.274862, 49.560568 ], [ 7.262101, 49.573611 ], [ 7.268704, 49.584083 ], [ 7.240829, 49.568974 ], [ 7.213353, 49.565846 ], [ 7.209999, 49.577149 ], [ 7.188374, 49.575662 ], [ 7.173454, 49.585084 ], [ 7.173713, 49.599068 ], [ 7.149309, 49.603679 ], [ 7.118404, 49.595983 ], [ 7.100159, 49.605683 ], [ 7.087675, 49.599584 ], [ 7.05908, 49.63048 ], [ 7.02798, 49.639438 ] ] ] } },
{ "type": "Feature", "properties": { "name": "Dresden", "area": 7946.1901549925014 }, "geometry": { "type": "Polygon", "coordinates": [ [ [ 13.217309, 51.395056 ], [ 13.199901, 51.41132 ], [ 13.201331, 51.394992 ], [ 13.190627, 51.394553 ], [ 13.182219, 51.377703 ], [ 13.208312, 51.366922 ], [ 13.191929, 51.35853 ], [ 13.204334, 51.35576 ], [ 13.199725, 51.349006 ], [ 13.21203, 51.343349 ], [ 13.202423, 51.329482 ], [ 13.214421, 51.293487 ], [ 13.206804, 51.277485 ], [ 13.216636, 51.269182 ], [ 13.208801, 51.259919 ], [ 13.194066, 51.260682 ], [ 13.200707, 51.251624 ], [ 13.195562, 51.247008 ], [ 13.206966, 51.240397 ], [ 13.197945, 51.235996 ], [ 13.207555, 51.217444 ], [ 13.192509, 51.211694 ], [ 13.208422, 51.202415 ], [ 13.210923, 51.175737 ], [ 13.253839, 51.16255 ], [ 13.25771, 51.150385 ], [ 13.250443, 51.141397 ], [ 13.258817, 51.140392 ], [ 13.247328, 51.132262 ], [ 13.250764, 51.118334 ], [ 13.22696, 51.113481 ], [ 13.226216, 51.102618 ], [ 13.251217, 51.110877 ], [ 13.259992, 51.068488 ], [ 13.24249, 51.059861 ], [ 13.266605, 51.049298 ], [ 13.228902, 51.01256 ], [ 13.236398, 51.007303 ], [ 13.276538, 51.031036 ], [ 13.325892, 51.036765 ], [ 13.365863, 51.050826 ], [ 13.38718, 51.051795 ], [ 13.441015, 51.028922 ], [ 13.450167, 51.021493 ], [ 13.432607, 51.008486 ], [ 13.426524, 50.9964 ], [ 13.430864, 50.987628 ], [ 13.43839, 50.980532 ], [ 13.47685, 50.984588 ], [ 13.462793, 50.967973 ], [ 13.445777, 50.968153 ], [ 13.45011, 50.964935 ], [ 13.428139, 50.943547 ], [ 13.455353, 50.942292 ], [ 13.443748, 50.932789 ], [ 13.458144, 50.923496 ], [ 13.459757, 50.902025 ], [ 13.488204, 50.892421 ], [ 13.515113, 50.855984 ], [ 13.498318, 50.848708 ], [ 13.504953, 50.839435 ], [ 13.51595, 50.837736 ], [ 13.520496, 50.826929 ], [ 13.543804, 50.829607 ], [ 13.558531, 50.813325 ], [ 13.57652, 50.811075 ], [ 13.554169, 50.805542 ], [ 13.563327, 50.803689 ], [ 13.551471, 50.782155 ], [ 13.573086, 50.772202 ], [ 13.594994, 50.776174 ], [ 13.616978, 50.748298 ], [ 13.652174, 50.73036 ], [ 13.706468, 50.716924 ], [ 13.71239, 50.719664 ], [ 13.708217, 50.725317 ], [ 13.728176, 50.733651 ], [ 13.740404, 50.727174 ], [ 13.758342, 50.735815 ], [ 13.807332, 50.733264 ], [ 13.827069, 50.724221 ], [ 13.855193, 50.72711 ], [ 13.861778, 50.742909 ], [ 13.880231, 50.737815 ], [ 13.89819, 50.744486 ], [ 13.902752, 50.752909 ], [ 13.887531, 50.77046 ], [ 13.898185, 50.792227 ], [ 13.93918, 50.789979 ], [ 13.955841, 50.80059 ], [ 13.953779, 50.80729 ], [ 13.990311, 50.820005 ], [ 14.030665, 50.804162 ], [ 14.078378, 50.81242 ], [ 14.089526, 50.82585 ], [ 14.223292, 50.859237 ], [ 14.23602, 50.87645 ], [ 14.233749, 50.887712 ], [ 14.271484, 50.895109 ], [ 14.304845, 50.883981 ], [ 14.348213, 50.892571 ], [ 14.349273, 50.900726 ], [ 14.387635, 50.899088 ], [ 14.385643, 50.91649 ], [ 14.402144, 50.924073 ], [ 14.396728, 50.936491 ], [ 14.311708, 50.95376 ], [ 14.316912, 50.960671 ], [ 14.302559, 50.965332 ], [ 14.328423, 50.973506 ], [ 14.323554, 50.985364 ], [ 14.285775, 50.976996 ], [ 14.258647, 50.987538 ], [ 14.268802, 51.000041 ], [ 14.260643, 51.008829 ], [ 14.280222, 51.014096 ], [ 14.286315, 51.026962 ], [ 14.273792, 51.039772 ], [ 14.28839, 51.03912 ], [ 14.301858, 51.055046 ], [ 14.316924, 51.055424 ], [ 14.33663, 51.039019 ], [ 14.361987, 51.045425 ], [ 14.382566, 51.03857 ], [ 14.384764, 51.026958 ], [ 14.408442, 51.018772 ], [ 14.45382, 51.035893 ], [ 14.492658, 51.023404 ], [ 14.491221, 51.043531 ], [ 14.508212, 51.043155 ], [ 14.498558, 51.022059 ], [ 14.532146, 51.016529 ], [ 14.539889, 51.010377 ], [ 14.534698, 51.003714 ], [ 14.564531, 51.010138 ], [ 14.599178, 50.987111 ], [ 14.596074, 50.962808 ], [ 14.560662, 50.925374 ], [ 14.564811, 50.918353 ], [ 14.58321, 50.914257 ], [ 14.650215, 50.931535 ], [ 14.652896, 50.905486 ], [ 14.636234, 50.897449 ], [ 14.618868, 50.85771 ], [ 14.690199, 50.837999 ], [ 14.708707, 50.840889 ], [ 14.722323, 50.822082 ], [ 14.744952, 50.829451 ], [ 14.766438, 50.819349 ], [ 14.796865, 50.821147 ], [ 14.824749, 50.866968 ], [ 14.819551, 50.885061 ], [ 14.896553, 50.940642 ], [ 14.892963, 50.949584 ], [ 14.903871, 50.961222 ], [ 14.903083, 50.971717 ], [ 14.919432, 50.975342 ], [ 14.917198, 50.995203 ], [ 14.929047, 50.99798 ], [ 14.937981, 51.011466 ], [ 14.935209, 51.020175 ], [ 14.949061, 51.030601 ], [ 14.948964, 51.042831 ], [ 14.964397, 51.049986 ], [ 14.967916, 51.07142 ], [ 14.979275, 51.07708 ], [ 14.980915, 51.116054 ], [ 14.997767, 51.122417 ], [ 14.990428, 51.142152 ], [ 15.000808, 51.149947 ], [ 14.993293, 51.162833 ], [ 15.005043, 51.167712 ], [ 15.004737, 51.190881 ], [ 15.014383, 51.196512 ], [ 15.007653, 51.199828 ], [ 15.009805, 51.213453 ], [ 15.016875, 51.214926 ], [ 15.016202, 51.227602 ], [ 15.02833, 51.241558 ], [ 15.037619, 51.244203 ], [ 15.023392, 51.250707 ], [ 15.037792, 51.258029 ], [ 15.041815, 51.272602 ], [ 15.034368, 51.277442 ], [ 15.033481, 51.293933 ], [ 15.012006, 51.301311 ], [ 15.009246, 51.316299 ], [ 14.986147, 51.329291 ], [ 14.976218, 51.356936 ], [ 14.965243, 51.361083 ], [ 14.983741, 51.37355 ], [ 14.969301, 51.379076 ], [ 14.958283, 51.395345 ], [ 14.968926, 51.39773 ], [ 14.958724, 51.409754 ], [ 14.96707, 51.417324 ], [ 14.958634, 51.431245 ], [ 14.970072, 51.432172 ], [ 14.974216, 51.441674 ], [ 14.952465, 51.468433 ], [ 14.926111, 51.473484 ], [ 14.915781, 51.483767 ], [ 14.851639, 51.489556 ], [ 14.795971, 51.517872 ], [ 14.735763, 51.525956 ], [ 14.726305, 51.539002 ], [ 14.729349, 51.549742 ], [ 14.711241, 51.562655 ], [ 14.729866, 51.581777 ], [ 14.707559, 51.597308 ], [ 14.696648, 51.596661 ], [ 14.706452, 51.57646 ], [ 14.692759, 51.576335 ], [ 14.691142, 51.562786 ], [ 14.674013, 51.550645 ], [ 14.609887, 51.55015 ], [ 14.599026, 51.57175 ], [ 14.569635, 51.58119 ], [ 14.544438, 51.573615 ], [ 14.545185, 51.561777 ], [ 14.515454, 51.554235 ], [ 14.45407, 51.556372 ], [ 14.446735, 51.552728 ], [ 14.447771, 51.542069 ], [ 14.387158, 51.541771 ], [ 14.386689, 51.534021 ], [ 14.339931, 51.520762 ], [ 14.342118, 51.510844 ], [ 14.33235, 51.505018 ], [ 14.322918, 51.519426 ], [ 14.274005, 51.53213 ], [ 14.247044, 51.527842 ], [ 14.213018, 51.539812 ], [ 14.136709, 51.543309 ], [ 14.12973, 51.533861 ], [ 14.142359, 51.522804 ], [ 14.107797, 51.521761 ], [ 14.09567, 51.498717 ], [ 14.073822, 51.492667 ], [ 14.087258, 51.477397 ], [ 14.033006, 51.475102 ], [ 14.055292, 51.460948 ], [ 14.052588, 51.452508 ], [ 14.062837, 51.445506 ], [ 14.038162, 51.435578 ], [ 14.046241, 51.429135 ], [ 14.038245, 51.428444 ], [ 14.04459, 51.418754 ], [ 14.015904, 51.405138 ], [ 14.028091, 51.395936 ], [ 14.003564, 51.395612 ], [ 14.008315, 51.391981 ], [ 13.996318, 51.382608 ], [ 14.000697, 51.372596 ], [ 13.970209, 51.375841 ], [ 13.972344, 51.393822 ], [ 13.961032, 51.397187 ], [ 13.883068, 51.375117 ], [ 13.833191, 51.383839 ], [ 13.835313, 51.37679 ], [ 13.818972, 51.369499 ], [ 13.787941, 51.370907 ], [ 13.763253, 51.35902 ], [ 13.766615, 51.370724 ], [ 13.739111, 51.361202 ], [ 13.691251, 51.374013 ], [ 13.682765, 51.367615 ], [ 13.668404, 51.376126 ], [ 13.661452, 51.368975 ], [ 13.594063, 51.369356 ], [ 13.589855, 51.384235 ], [ 13.569962, 51.385666 ], [ 13.542628, 51.369316 ], [ 13.537766, 51.381046 ], [ 13.523118, 51.381026 ], [ 13.521218, 51.402057 ], [ 13.463282, 51.411754 ], [ 13.465533, 51.421775 ], [ 13.473786, 51.417881 ], [ 13.463308, 51.426262 ], [ 13.450052, 51.423008 ], [ 13.445913, 51.43145 ], [ 13.446058, 51.425957 ], [ 13.421425, 51.421505 ], [ 13.42815, 51.431245 ], [ 13.40105, 51.454172 ], [ 13.382146, 51.436046 ], [ 13.372939, 51.437796 ], [ 13.383076, 51.428057 ], [ 13.376648, 51.424611 ], [ 13.35835, 51.433971 ], [ 13.337948, 51.429165 ], [ 13.333354, 51.437441 ], [ 13.320323, 51.4375 ], [ 13.328344, 51.426642 ], [ 13.286672, 51.411383 ], [ 13.286355, 51.399288 ], [ 13.259984, 51.400399 ], [ 13.268543, 51.384793 ], [ 13.250655, 51.394109 ], [ 13.217309, 51.395056 ] ] ] } },
{ "type": "Feature", "properties": { "name": "Chemnitz", "area": 6524.6053760251789 }, "geometry": { "type": "Polygon", "coordinates": [ [ [ 12.1009, 50.318028 ], [ 12.184453, 50.322325 ], [ 12.186792, 50.311679 ], [ 12.201345, 50.308952 ], [ 12.195619, 50.293172 ], [ 12.201457, 50.272782 ], [ 12.253703, 50.271086 ], [ 12.266036, 50.250215 ], [ 12.24754, 50.25779 ], [ 12.239627, 50.246169 ], [ 12.293878, 50.22127 ], [ 12.282873, 50.213666 ], [ 12.288467, 50.203976 ], [ 12.274669, 50.196687 ], [ 12.290232, 50.185053 ], [ 12.289804, 50.17693 ], [ 12.334554, 50.171749 ], [ 12.323662, 50.182039 ], [ 12.33822, 50.192478 ], [ 12.323055, 50.207453 ], [ 12.326521, 50.218654 ], [ 12.334514, 50.216883 ], [ 12.331084, 50.242714 ], [ 12.349036, 50.236497 ], [ 12.359299, 50.242318 ], [ 12.352117, 50.261746 ], [ 12.370863, 50.285273 ], [ 12.400566, 50.295208 ], [ 12.398015, 50.321153 ], [ 12.4312, 50.322724 ], [ 12.441802, 50.341159 ], [ 12.469427, 50.35499 ], [ 12.489307, 50.349817 ], [ 12.486528, 50.370843 ], [ 12.512048, 50.397258 ], [ 12.600187, 50.405809 ], [ 12.616952, 50.41561 ], [ 12.649173, 50.410746 ], [ 12.673122, 50.416876 ], [ 12.707057, 50.397317 ], [ 12.707607, 50.40783 ], [ 12.734613, 50.432198 ], [ 12.79493, 50.449447 ], [ 12.810619, 50.431057 ], [ 12.806652, 50.443891 ], [ 12.819381, 50.459795 ], [ 12.912392, 50.423729 ], [ 12.937308, 50.406328 ], [ 12.947973, 50.40428 ], [ 12.941898, 50.411493 ], [ 12.983451, 50.419715 ], [ 13.019865, 50.446732 ], [ 13.020174, 50.475427 ], [ 13.031746, 50.509732 ], [ 13.085346, 50.500271 ], [ 13.132671, 50.518278 ], [ 13.136737, 50.506424 ], [ 13.19527, 50.503263 ], [ 13.194689, 50.51526 ], [ 13.229077, 50.549737 ], [ 13.222862, 50.562903 ], [ 13.251906, 50.594817 ], [ 13.278771, 50.592995 ], [ 13.290913, 50.575018 ], [ 13.323678, 50.581649 ], [ 13.3194, 50.602166 ], [ 13.324732, 50.608039 ], [ 13.3777, 50.627675 ], [ 13.372539, 50.650601 ], [ 13.392108, 50.646318 ], [ 13.415309, 50.616332 ], [ 13.464768, 50.601893 ], [ 13.497029, 50.631424 ], [ 13.524193, 50.639265 ], [ 13.52611, 50.649422 ], [ 13.512807, 50.653713 ], [ 13.540244, 50.668011 ], [ 13.544373, 50.677448 ], [ 13.525245, 50.704411 ], [ 13.556327, 50.714546 ], [ 13.602253, 50.710059 ], [ 13.652112, 50.73155 ], [ 13.616978, 50.748298 ], [ 13.59927, 50.774171 ], [ 13.573086, 50.772202 ], [ 13.551471, 50.782155 ], [ 13.563327, 50.803689 ], [ 13.554169, 50.805542 ], [ 13.57652, 50.811075 ], [ 13.558531, 50.813325 ], [ 13.543804, 50.829607 ], [ 13.520496, 50.826929 ], [ 13.51595, 50.837736 ], [ 13.504953, 50.839435 ], [ 13.498318, 50.848708 ], [ 13.515113, 50.855984 ], [ 13.488204, 50.892421 ], [ 13.459757, 50.902025 ], [ 13.458144, 50.923496 ], [ 13.443748, 50.932789 ], [ 13.455353, 50.942292 ], [ 13.428139, 50.943547 ], [ 13.45011, 50.964935 ], [ 13.445777, 50.968153 ], [ 13.462793, 50.967973 ], [ 13.47685, 50.984588 ], [ 13.43839, 50.980532 ], [ 13.430864, 50.987628 ], [ 13.426524, 50.9964 ], [ 13.432607, 51.008486 ], [ 13.450167, 51.021493 ], [ 13.441777, 51.028426 ], [ 13.38718, 51.051795 ], [ 13.365863, 51.050826 ], [ 13.325892, 51.036765 ], [ 13.276538, 51.031036 ], [ 13.236398, 51.007303 ], [ 13.228902, 51.01256 ], [ 13.266605, 51.049298 ], [ 13.24249, 51.059861 ], [ 13.259992, 51.068488 ], [ 13.251217, 51.110877 ], [ 13.226216, 51.102618 ], [ 13.22696, 51.113481 ], [ 13.250764, 51.118334 ], [ 13.247328, 51.132262 ], [ 13.258817, 51.140392 ], [ 13.250443, 51.141397 ], [ 13.25771, 51.150385 ], [ 13.253839, 51.16255 ], [ 13.210923, 51.175737 ], [ 13.208422, 51.202415 ], [ 13.192509, 51.211694 ], [ 13.207555, 51.217444 ], [ 13.201508, 51.229381 ], [ 13.183512, 51.234662 ], [ 13.147976, 51.228431 ], [ 13.147408, 51.221005 ], [ 13.103777, 51.223219 ], [ 13.109282, 51.212825 ], [ 13.051017, 51.216198 ], [ 13.046061, 51.202596 ], [ 13.031206, 51.199688 ], [ 13.018261, 51.200082 ], [ 12.98262, 51.223232 ], [ 12.926016, 51.218208 ], [ 12.923728, 51.210083 ], [ 12.901823, 51.212819 ], [ 12.890557, 51.205533 ], [ 12.89388, 51.197211 ], [ 12.883587, 51.194882 ], [ 12.881678, 51.180449 ], [ 12.849263, 51.154376 ], [ 12.891981, 51.137585 ], [ 12.893854, 51.130211 ], [ 12.883973, 51.122706 ], [ 12.898499, 51.109869 ], [ 12.889373, 51.103466 ], [ 12.893354, 51.098858 ], [ 12.87395, 51.090728 ], [ 12.848044, 51.098042 ], [ 12.813593, 51.091445 ], [ 12.80189, 51.105899 ], [ 12.786791, 51.101272 ], [ 12.743633, 51.107557 ], [ 12.737701, 51.101298 ], [ 12.744464, 51.094325 ], [ 12.726146, 51.08409 ], [ 12.716131, 51.062387 ], [ 12.733144, 51.051398 ], [ 12.726546, 51.046348 ], [ 12.730198, 51.037655 ], [ 12.711477, 51.02479 ], [ 12.729323, 51.019249 ], [ 12.744318, 51.002566 ], [ 12.731739, 50.99792 ], [ 12.706007, 51.007114 ], [ 12.686262, 50.985137 ], [ 12.617355, 50.980793 ], [ 12.630113, 50.942503 ], [ 12.624357, 50.93971 ], [ 12.652866, 50.923678 ], [ 12.640121, 50.903074 ], [ 12.620062, 50.909381 ], [ 12.538191, 50.900686 ], [ 12.521322, 50.907599 ], [ 12.507863, 50.903729 ], [ 12.51112, 50.894099 ], [ 12.486666, 50.893897 ], [ 12.459254, 50.880449 ], [ 12.464026, 50.870125 ], [ 12.444152, 50.862584 ], [ 12.442502, 50.844027 ], [ 12.420206, 50.83959 ], [ 12.412985, 50.856873 ], [ 12.40295, 50.849226 ], [ 12.374133, 50.853249 ], [ 12.348317, 50.837535 ], [ 12.347577, 50.823632 ], [ 12.306948, 50.818763 ], [ 12.298584, 50.8299 ], [ 12.302356, 50.817197 ], [ 12.289715, 50.823965 ], [ 12.279863, 50.809704 ], [ 12.276982, 50.81786 ], [ 12.259758, 50.811451 ], [ 12.250495, 50.818538 ], [ 12.242835, 50.80906 ], [ 12.253484, 50.799509 ], [ 12.253154, 50.788835 ], [ 12.287644, 50.789643 ], [ 12.290161, 50.783427 ], [ 12.263921, 50.760456 ], [ 12.24069, 50.76724 ], [ 12.228688, 50.757453 ], [ 12.226985, 50.738218 ], [ 12.264757, 50.737547 ], [ 12.27343, 50.728202 ], [ 12.253382, 50.715705 ], [ 12.264901, 50.703699 ], [ 12.262762, 50.695276 ], [ 12.274762, 50.686117 ], [ 12.318896, 50.684003 ], [ 12.317718, 50.663364 ], [ 12.264286, 50.643385 ], [ 12.265518, 50.630793 ], [ 12.232812, 50.627067 ], [ 12.198197, 50.641315 ], [ 12.190752, 50.614423 ], [ 12.182766, 50.612111 ], [ 12.174722, 50.614514 ], [ 12.170442, 50.629235 ], [ 12.15364, 50.630505 ], [ 12.146427, 50.625979 ], [ 12.147222, 50.606098 ], [ 12.114901, 50.596982 ], [ 12.110151, 50.58872 ], [ 12.156092, 50.585579 ], [ 12.156024, 50.573492 ], [ 12.127654, 50.574129 ], [ 12.115773, 50.566948 ], [ 12.101518, 50.57894 ], [ 12.083594, 50.578567 ], [ 12.076644, 50.558008 ], [ 12.052068, 50.550961 ], [ 12.030272, 50.549398 ], [ 12.03099, 50.557776 ], [ 12.017535, 50.567841 ], [ 12.035634, 50.581365 ], [ 12.036138, 50.59395 ], [ 12.005482, 50.612019 ], [ 12.022118, 50.62554 ], [ 12.003938, 50.634825 ], [ 11.979269, 50.62141 ], [ 11.98675, 50.609485 ], [ 11.923566, 50.585708 ], [ 11.933676, 50.568525 ], [ 11.926011, 50.556844 ], [ 11.885209, 50.551942 ], [ 11.871463, 50.539823 ], [ 11.888218, 50.516679 ], [ 11.91846, 50.516981 ], [ 11.915851, 50.524518 ], [ 11.925251, 50.526319 ], [ 11.932932, 50.521256 ], [ 11.933976, 50.506035 ], [ 11.964229, 50.486963 ], [ 11.937693, 50.471692 ], [ 11.950798, 50.454069 ], [ 11.931895, 50.464223 ], [ 11.888509, 50.443606 ], [ 11.899641, 50.435248 ], [ 11.9278, 50.432515 ], [ 11.919323, 50.424728 ], [ 11.945645, 50.416283 ], [ 11.954374, 50.407074 ], [ 11.949377, 50.394809 ], [ 11.964572, 50.399935 ], [ 11.983943, 50.388707 ], [ 11.978961, 50.369495 ], [ 11.984773, 50.364696 ], [ 11.976512, 50.361945 ], [ 11.982555, 50.356667 ], [ 11.976044, 50.352293 ], [ 12.014776, 50.34756 ], [ 12.046852, 50.324999 ], [ 12.046436, 50.331151 ], [ 12.079893, 50.326835 ], [ 12.091343, 50.33261 ], [ 12.090347, 50.324251 ], [ 12.1009, 50.318028 ] ] ] } },
{ "type": "Feature", "properties": { "name": "Leipzig", "area": 3978.1303005752302 }, "geometry": { "type": "Polygon", "coordinates": [ [ [ 13.051025, 51.647677 ], [ 13.023467, 51.637303 ], [ 13.011572, 51.664549 ], [ 12.983901, 51.66909 ], [ 12.966821, 51.665665 ], [ 12.971503, 51.650249 ], [ 12.949528, 51.649434 ], [ 12.952355, 51.643589 ], [ 12.942164, 51.638006 ], [ 12.928109, 51.649565 ], [ 12.897525, 51.647426 ], [ 12.889195, 51.666884 ], [ 12.865794, 51.655027 ], [ 12.862227, 51.673782 ], [ 12.843862, 51.684974 ], [ 12.792534, 51.665501 ], [ 12.772706, 51.647509 ], [ 12.686676, 51.661993 ], [ 12.649113, 51.620446 ], [ 12.608332, 51.610602 ], [ 12.629229, 51.625236 ], [ 12.606439, 51.626816 ], [ 12.591857, 51.618358 ], [ 12.580263, 51.626065 ], [ 12.55998, 51.608519 ], [ 12.538621, 51.602361 ], [ 12.507007, 51.608456 ], [ 12.482988, 51.593184 ], [ 12.47714, 51.596279 ], [ 12.486374, 51.604278 ], [ 12.443962, 51.60987 ], [ 12.433313, 51.605834 ], [ 12.436823, 51.599305 ], [ 12.427329, 51.599299 ], [ 12.425419, 51.582131 ], [ 12.336977, 51.586227 ], [ 12.343483, 51.581497 ], [ 12.319375, 51.577578 ], [ 12.293179, 51.560557 ], [ 12.250478, 51.558949 ], [ 12.241166, 51.566135 ], [ 12.232904, 51.561125 ], [ 12.231346, 51.547346 ], [ 12.192766, 51.531299 ], [ 12.190395, 51.507767 ], [ 12.207897, 51.502592 ], [ 12.203082, 51.485141 ], [ 12.175705, 51.482222 ], [ 12.175521, 51.46968 ], [ 12.148913, 51.463107 ], [ 12.158257, 51.451243 ], [ 12.157214, 51.432711 ], [ 12.182482, 51.432379 ], [ 12.189822, 51.420854 ], [ 12.173533, 51.410257 ], [ 12.178139, 51.389147 ], [ 12.184828, 51.387584 ], [ 12.172144, 51.384158 ], [ 12.177745, 51.375168 ], [ 12.189964, 51.37945 ], [ 12.181756, 51.368511 ], [ 12.19364, 51.369275 ], [ 12.185632, 51.365964 ], [ 12.195757, 51.359728 ], [ 12.190256, 51.351359 ], [ 12.194347, 51.330568 ], [ 12.147654, 51.319967 ], [ 12.157403, 51.292277 ], [ 12.168948, 51.293757 ], [ 12.172255, 51.285681 ], [ 12.166101, 51.266074 ], [ 12.189389, 51.257623 ], [ 12.199492, 51.238419 ], [ 12.192477, 51.235071 ], [ 12.204742, 51.214202 ], [ 12.18959, 51.203983 ], [ 12.187185, 51.191463 ], [ 12.173737, 51.190082 ], [ 12.174844, 51.181327 ], [ 12.213084, 51.1835 ], [ 12.197154, 51.159911 ], [ 12.196192, 51.141907 ], [ 12.241638, 51.130705 ], [ 12.229074, 51.120228 ], [ 12.220556, 51.123039 ], [ 12.221199, 51.109915 ], [ 12.253084, 51.097268 ], [ 12.278575, 51.099283 ], [ 12.29075, 51.090985 ], [ 12.321574, 51.094615 ], [ 12.33383, 51.103441 ], [ 12.35658, 51.094343 ], [ 12.353618, 51.084607 ], [ 12.361026, 51.0798 ], [ 12.392958, 51.084116 ], [ 12.410448, 51.072855 ], [ 12.450745, 51.077306 ], [ 12.458383, 51.084551 ], [ 12.462915, 51.0669 ], [ 12.50446, 51.060791 ], [ 12.502894, 51.0349 ], [ 12.512452, 51.026419 ], [ 12.507388, 51.017276 ], [ 12.516333, 51.01822 ], [ 12.514369, 51.026877 ], [ 12.538852, 51.024252 ], [ 12.54018, 51.005733 ], [ 12.528349, 50.99828 ], [ 12.555759, 50.997486 ], [ 12.583807, 50.981833 ], [ 12.581022, 50.989235 ], [ 12.607534, 50.996732 ], [ 12.617355, 50.980793 ], [ 12.633655, 50.978795 ], [ 12.686262, 50.985137 ], [ 12.706007, 51.007114 ], [ 12.731739, 50.99792 ], [ 12.744318, 51.002566 ], [ 12.729323, 51.019249 ], [ 12.711477, 51.02479 ], [ 12.730198, 51.037655 ], [ 12.726546, 51.046348 ], [ 12.733144, 51.051398 ], [ 12.716131, 51.062387 ], [ 12.726146, 51.08409 ], [ 12.744464, 51.094325 ], [ 12.737701, 51.101298 ], [ 12.743633, 51.107557 ], [ 12.786791, 51.101272 ], [ 12.80189, 51.105899 ], [ 12.813593, 51.091445 ], [ 12.848044, 51.098042 ], [ 12.87395, 51.090728 ], [ 12.893354, 51.098858 ], [ 12.889373, 51.103466 ], [ 12.898499, 51.109869 ], [ 12.883973, 51.122706 ], [ 12.893854, 51.130211 ], [ 12.891981, 51.137585 ], [ 12.849263, 51.154376 ], [ 12.881678, 51.180449 ], [ 12.883587, 51.194882 ], [ 12.89388, 51.197211 ], [ 12.890557, 51.205533 ], [ 12.901823, 51.212819 ], [ 12.923728, 51.210083 ], [ 12.926016, 51.218208 ], [ 12.98262, 51.223232 ], [ 13.018261, 51.200082 ], [ 13.031206, 51.199688 ], [ 13.046061, 51.202596 ], [ 13.051017, 51.216198 ], [ 13.109282, 51.212825 ], [ 13.103777, 51.223219 ], [ 13.135376, 51.21934 ], [ 13.183512, 51.234662 ], [ 13.198033, 51.22989 ], [ 13.206966, 51.240397 ], [ 13.195562, 51.247008 ], [ 13.200707, 51.251624 ], [ 13.194066, 51.260682 ], [ 13.208801, 51.259919 ], [ 13.216636, 51.269182 ], [ 13.206804, 51.277485 ], [ 13.214421, 51.293487 ], [ 13.202423, 51.329482 ], [ 13.21203, 51.343349 ], [ 13.199725, 51.349006 ], [ 13.204334, 51.35576 ], [ 13.191929, 51.35853 ], [ 13.206618, 51.369176 ], [ 13.182219, 51.377703 ], [ 13.190627, 51.394553 ], [ 13.201331, 51.394992 ], [ 13.199901, 51.41132 ], [ 13.21015, 51.404736 ], [ 13.19975, 51.433226 ], [ 13.189424, 51.434256 ], [ 13.184649, 51.423787 ], [ 13.174277, 51.429398 ], [ 13.203122, 51.451013 ], [ 13.20308, 51.458732 ], [ 13.182922, 51.471341 ], [ 13.182297, 51.491959 ], [ 13.201294, 51.491717 ], [ 13.196534, 51.494471 ], [ 13.207042, 51.504937 ], [ 13.207957, 51.524353 ], [ 13.190055, 51.53959 ], [ 13.185572, 51.558075 ], [ 13.143169, 51.567461 ], [ 13.161772, 51.592148 ], [ 13.154955, 51.600197 ], [ 13.143777, 51.597873 ], [ 13.121025, 51.618888 ], [ 13.086304, 51.608135 ], [ 13.051025, 51.647677 ] ] ] } },
{ "type": "Feature", "properties": { "name": "Sachsen-Anhalt", "area": 20552.216101946691 }, "geometry": { "type": "MultiPolygon", "coordinates": [ [ [ [ 11.597785, 53.035926 ], [ 11.55925, 53.01308 ], [ 11.55209, 53.004728 ], [ 11.560444, 53.0038 ], [ 11.556417, 52.998666 ], [ 11.512491, 53.007445 ], [ 11.492343, 52.959663 ], [ 11.505027, 52.941033 ], [ 11.470062, 52.938926 ], [ 11.406578, 52.904102 ], [ 11.384778, 52.903578 ], [ 11.31425, 52.878236 ], [ 11.295411, 52.874907 ], [ 11.290662, 52.889126 ], [ 11.241126, 52.879018 ], [ 11.220645, 52.897666 ], [ 11.155258, 52.906211 ], [ 11.106406, 52.896223 ], [ 11.093187, 52.899471 ], [ 11.098676, 52.912877 ], [ 11.002076, 52.911477 ], [ 10.992573, 52.906457 ], [ 10.985508, 52.882033 ], [ 10.968082, 52.879321 ], [ 10.939634, 52.853336 ], [ 10.895667, 52.856373 ], [ 10.884684, 52.845796 ], [ 10.866102, 52.855726 ], [ 10.764697, 52.840479 ], [ 10.771729, 52.833946 ], [ 10.756946, 52.819775 ], [ 10.761744, 52.802726 ], [ 10.755321, 52.78483 ], [ 10.776208, 52.754789 ], [ 10.791666, 52.748197 ], [ 10.788176, 52.733172 ], [ 10.796697, 52.714326 ], [ 10.829703, 52.716135 ], [ 10.837507, 52.69581 ], [ 10.877759, 52.663832 ], [ 10.904378, 52.627467 ], [ 10.925026, 52.614597 ], [ 10.921412, 52.610437 ], [ 10.976968, 52.624142 ], [ 10.975629, 52.606825 ], [ 10.939817, 52.589573 ], [ 10.947436, 52.58255 ], [ 10.937576, 52.5674 ], [ 10.958992, 52.535554 ], [ 11.008782, 52.496748 ], [ 10.97484, 52.501363 ], [ 10.949994, 52.495606 ], [ 10.934585, 52.476174 ], [ 10.933746, 52.460952 ], [ 11.005579, 52.408872 ], [ 11.018695, 52.397042 ], [ 11.01516, 52.388107 ], [ 11.046753, 52.38787 ], [ 11.07448, 52.374403 ], [ 11.067, 52.369877 ], [ 11.068684, 52.355478 ], [ 11.057474, 52.350333 ], [ 10.983674, 52.341686 ], [ 10.987912, 52.335016 ], [ 11.002083, 52.336585 ], [ 11.001077, 52.327481 ], [ 11.011617, 52.328241 ], [ 11.036015, 52.310396 ], [ 11.039223, 52.301672 ], [ 11.013801, 52.286649 ], [ 11.029067, 52.270121 ], [ 11.052168, 52.267364 ], [ 11.058907, 52.240652 ], [ 11.073268, 52.24324 ], [ 11.086244, 52.228634 ], [ 11.077185, 52.218677 ], [ 11.029448, 52.211448 ], [ 11.02458, 52.201096 ], [ 11.013647, 52.199556 ], [ 11.019245, 52.178087 ], [ 11.060337, 52.172387 ], [ 11.054618, 52.160256 ], [ 11.060428, 52.153474 ], [ 11.045039, 52.143554 ], [ 11.044135, 52.133666 ], [ 11.01747, 52.12826 ], [ 10.976878, 52.105729 ], [ 10.94216, 52.10309 ], [ 10.942005, 52.094363 ], [ 10.970653, 52.086265 ], [ 10.97305, 52.073124 ], [ 10.964415, 52.056643 ], [ 10.878944, 52.059203 ], [ 10.851442, 52.050337 ], [ 10.759893, 52.045085 ], [ 10.687385, 52.048138 ], [ 10.647887, 52.041721 ], [ 10.655492, 52.024687 ], [ 10.621436, 52.010334 ], [ 10.62602, 52.008198 ], [ 10.600194, 52.007166 ], [ 10.59228, 52.014204 ], [ 10.561227, 52.004066 ], [ 10.586779, 51.982732 ], [ 10.58569, 51.97623 ], [ 10.606233, 51.977287 ], [ 10.606237, 51.968666 ], [ 10.619617, 51.966936 ], [ 10.619941, 51.957679 ], [ 10.641704, 51.962628 ], [ 10.651304, 51.957561 ], [ 10.61326, 51.939468 ], [ 10.613314, 51.921515 ], [ 10.640422, 51.914717 ], [ 10.650437, 51.891303 ], [ 10.63233, 51.872165 ], [ 10.579101, 51.848257 ], [ 10.58843, 51.835786 ], [ 10.574174, 51.811127 ], [ 10.584163, 51.797779 ], [ 10.580437, 51.78275 ], [ 10.593025, 51.767664 ], [ 10.626097, 51.759017 ], [ 10.642023, 51.72529 ], [ 10.668307, 51.709908 ], [ 10.672617, 51.696966 ], [ 10.66306, 51.691212 ], [ 10.670507, 51.666913 ], [ 10.696011, 51.642988 ], [ 10.749366, 51.640334 ], [ 10.764511, 51.649008 ], [ 10.818216, 51.639026 ], [ 10.822568, 51.62354 ], [ 10.858615, 51.6329 ], [ 10.886601, 51.612111 ], [ 10.922013, 51.618447 ], [ 10.914091, 51.610163 ], [ 10.937064, 51.603487 ], [ 10.930538, 51.591681 ], [ 10.903331, 51.593828 ], [ 10.894476, 51.601833 ], [ 10.882052, 51.580508 ], [ 10.893072, 51.576518 ], [ 10.900496, 51.550655 ], [ 10.911162, 51.555431 ], [ 10.947972, 51.537573 ], [ 10.927335, 51.520854 ], [ 10.945087, 51.50619 ], [ 10.939721, 51.500726 ], [ 10.948649, 51.50163 ], [ 10.972944, 51.481961 ], [ 10.960817, 51.471225 ], [ 10.972703, 51.453666 ], [ 10.966734, 51.432353 ], [ 11.010664, 51.425315 ], [ 10.992033, 51.417853 ], [ 11.049852, 51.420197 ], [ 11.046041, 51.42627 ], [ 11.06139, 51.429792 ], [ 11.127573, 51.413254 ], [ 11.125661, 51.408118 ], [ 11.141755, 51.402633 ], [ 11.192411, 51.402875 ], [ 11.223883, 51.413186 ], [ 11.230167, 51.405743 ], [ 11.247897, 51.405421 ], [ 11.248506, 51.395133 ], [ 11.32126, 51.410372 ], [ 11.330796, 51.390266 ], [ 11.396852, 51.381331 ], [ 11.389836, 51.367987 ], [ 11.399437, 51.344836 ], [ 11.428815, 51.342829 ], [ 11.413595, 51.333128 ], [ 11.475226, 51.298054 ], [ 11.467785, 51.288387 ], [ 11.459877, 51.29405 ], [ 11.456112, 51.277201 ], [ 11.441745, 51.273314 ], [ 11.439522, 51.263379 ], [ 11.412632, 51.241062 ], [ 11.397795, 51.236738 ], [ 11.400613, 51.24291 ], [ 11.384567, 51.245641 ], [ 11.364833, 51.221359 ], [ 11.389825, 51.217515 ], [ 11.39142, 51.203533 ], [ 11.430949, 51.212476 ], [ 11.446045, 51.208144 ], [ 11.452403, 51.192477 ], [ 11.468568, 51.192654 ], [ 11.470818, 51.169838 ], [ 11.485548, 51.168017 ], [ 11.474948, 51.165826 ], [ 11.479285, 51.158778 ], [ 11.471929, 51.148184 ], [ 11.451004, 51.14667 ], [ 11.465454, 51.127382 ], [ 11.463362, 51.11276 ], [ 11.485219, 51.102534 ], [ 11.512078, 51.107974 ], [ 11.545643, 51.10245 ], [ 11.54782, 51.111702 ], [ 11.558241, 51.108951 ], [ 11.57166, 51.119365 ], [ 11.607503, 51.111607 ], [ 11.620212, 51.097449 ], [ 11.63824, 51.111123 ], [ 11.66695, 51.110785 ], [ 11.67244, 51.102902 ], [ 11.692382, 51.099852 ], [ 11.701582, 51.085823 ], [ 11.70081, 51.069403 ], [ 11.7323, 51.068417 ], [ 11.75325, 51.056989 ], [ 11.746197, 51.051954 ], [ 11.75969, 51.042858 ], [ 11.772094, 51.045008 ], [ 11.774634, 51.053157 ], [ 11.803894, 51.047211 ], [ 11.888807, 51.05584 ], [ 11.897453, 51.045295 ], [ 11.910867, 51.04502 ], [ 11.911896, 51.028179 ], [ 11.943066, 51.032441 ], [ 11.977137, 51.016455 ], [ 11.978644, 51.003696 ], [ 11.969873, 50.994328 ], [ 12.006571, 50.991024 ], [ 12.017188, 50.979061 ], [ 12.010659, 50.974691 ], [ 12.014126, 50.968671 ], [ 12.092158, 50.97653 ], [ 12.132134, 50.961263 ], [ 12.16353, 50.9586 ], [ 12.163208, 50.966485 ], [ 12.182508, 50.975866 ], [ 12.197979, 50.956784 ], [ 12.213819, 50.958436 ], [ 12.21458, 50.938032 ], [ 12.238717, 50.951528 ], [ 12.241671, 50.961514 ], [ 12.232349, 50.961353 ], [ 12.239892, 50.97568 ], [ 12.283518, 51.006436 ], [ 12.293915, 51.03133 ], [ 12.28058, 51.040478 ], [ 12.250268, 51.037873 ], [ 12.262207, 51.049611 ], [ 12.258493, 51.066144 ], [ 12.269307, 51.071812 ], [ 12.265597, 51.076984 ], [ 12.273208, 51.07506 ], [ 12.288279, 51.088242 ], [ 12.278575, 51.099283 ], [ 12.253084, 51.097268 ], [ 12.221199, 51.109915 ], [ 12.220556, 51.123039 ], [ 12.229074, 51.120228 ], [ 12.241638, 51.130705 ], [ 12.196192, 51.141907 ], [ 12.197154, 51.159911 ], [ 12.213084, 51.1835 ], [ 12.174844, 51.181327 ], [ 12.173737, 51.190082 ], [ 12.187185, 51.191463 ], [ 12.18959, 51.203983 ], [ 12.204742, 51.214202 ], [ 12.195589, 51.223618 ], [ 12.192076, 51.236932 ], [ 12.199492, 51.238419 ], [ 12.189389, 51.257623 ], [ 12.166101, 51.266074 ], [ 12.172255, 51.285681 ], [ 12.168948, 51.293757 ], [ 12.157403, 51.292277 ], [ 12.147654, 51.319967 ], [ 12.194347, 51.330568 ], [ 12.190256, 51.351359 ], [ 12.195757, 51.359728 ], [ 12.186085, 51.362129 ], [ 12.192879, 51.371477 ], [ 12.181756, 51.368511 ], [ 12.189964, 51.37945 ], [ 12.177745, 51.375168 ], [ 12.172144, 51.384158 ], [ 12.184828, 51.387584 ], [ 12.178139, 51.389147 ], [ 12.173533, 51.410257 ], [ 12.189822, 51.420854 ], [ 12.182482, 51.432379 ], [ 12.157214, 51.432711 ], [ 12.158257, 51.451243 ], [ 12.148673, 51.459495 ], [ 12.175521, 51.46968 ], [ 12.175705, 51.482222 ], [ 12.203082, 51.485141 ], [ 12.207897, 51.502592 ], [ 12.190395, 51.507767 ], [ 12.192766, 51.531299 ], [ 12.231346, 51.547346 ], [ 12.232904, 51.561125 ], [ 12.243211, 51.566876 ], [ 12.250478, 51.558949 ], [ 12.293179, 51.560557 ], [ 12.319375, 51.577578 ], [ 12.343483, 51.581497 ], [ 12.336977, 51.586227 ], [ 12.425419, 51.582131 ], [ 12.427329, 51.599299 ], [ 12.436823, 51.599305 ], [ 12.433313, 51.605834 ], [ 12.443962, 51.60987 ], [ 12.486374, 51.604278 ], [ 12.47714, 51.596279 ], [ 12.482988, 51.593184 ], [ 12.507007, 51.608456 ], [ 12.538621, 51.602361 ], [ 12.55998, 51.608519 ], [ 12.580263, 51.626065 ], [ 12.591857, 51.618358 ], [ 12.606439, 51.626816 ], [ 12.629229, 51.625236 ], [ 12.608332, 51.610602 ], [ 12.649113, 51.620446 ], [ 12.686676, 51.661993 ], [ 12.772706, 51.647509 ], [ 12.792534, 51.665501 ], [ 12.843862, 51.684974 ], [ 12.862227, 51.673782 ], [ 12.865794, 51.655027 ], [ 12.889195, 51.666884 ], [ 12.897525, 51.647426 ], [ 12.928109, 51.649565 ], [ 12.942164, 51.638006 ], [ 12.952355, 51.643589 ], [ 12.949528, 51.649434 ], [ 12.971503, 51.650249 ], [ 12.966821, 51.665665 ], [ 12.996292, 51.669247 ], [ 13.017192, 51.659632 ], [ 13.023467, 51.637303 ], [ 13.154529, 51.686706 ], [ 13.16246, 51.691815 ], [ 13.155101, 51.710787 ], [ 13.17011, 51.708087 ], [ 13.168685, 51.718669 ], [ 13.187072, 51.715625 ], [ 13.179535, 51.731171 ], [ 13.15401, 51.744248 ], [ 13.163295, 51.754936 ], [ 13.147482, 51.766639 ], [ 13.170104, 51.787024 ], [ 13.157995, 51.788448 ], [ 13.163011, 51.802018 ], [ 13.14209, 51.820655 ], [ 13.123536, 51.854593 ], [ 13.150913, 51.85961 ], [ 13.150933, 51.868926 ], [ 13.124465, 51.882948 ], [ 13.080548, 51.867478 ], [ 13.039239, 51.870912 ], [ 13.029164, 51.881042 ], [ 13.048538, 51.89186 ], [ 13.045408, 51.900515 ], [ 12.972665, 51.900881 ], [ 12.976536, 51.919863 ], [ 12.955974, 51.922657 ], [ 12.960568, 51.934911 ], [ 12.918372, 51.93936 ], [ 12.917462, 51.932691 ], [ 12.890424, 51.92838 ], [ 12.888172, 51.934769 ], [ 12.85273, 51.935005 ], [ 12.844154, 51.967734 ], [ 12.777613, 51.964591 ], [ 12.774325, 51.97836 ], [ 12.669187, 52.012881 ], [ 12.648597, 52.008311 ], [ 12.644748, 51.99438 ], [ 12.614397, 51.991723 ], [ 12.61516, 51.982281 ], [ 12.539395, 51.984889 ], [ 12.536307, 52.00288 ], [ 12.498827, 52.008923 ], [ 12.484956, 52.01715 ], [ 12.480615, 52.033335 ], [ 12.460758, 52.034721 ], [ 12.450002, 52.016213 ], [ 12.430228, 52.018306 ], [ 12.389599, 52.043566 ], [ 12.359777, 52.0465 ], [ 12.32903, 52.069632 ], [ 12.315824, 52.092372 ], [ 12.276724, 52.104018 ], [ 12.26511, 52.13066 ], [ 12.24532, 52.138733 ], [ 12.231304, 52.154951 ], [ 12.234004, 52.162794 ], [ 12.216783, 52.170069 ], [ 12.228585, 52.185985 ], [ 12.248292, 52.184223 ], [ 12.2418, 52.194277 ], [ 12.253675, 52.205646 ], [ 12.245249, 52.207389 ], [ 12.248921, 52.211737 ], [ 12.297277, 52.227545 ], [ 12.264533, 52.233547 ], [ 12.275314, 52.237203 ], [ 12.244648, 52.248438 ], [ 12.262765, 52.295072 ], [ 12.308128, 52.344697 ], [ 12.283811, 52.364255 ], [ 12.30599, 52.377433 ], [ 12.291807, 52.386144 ], [ 12.302326, 52.405013 ], [ 12.27447, 52.416062 ], [ 12.29699, 52.423778 ], [ 12.289252, 52.430695 ], [ 12.302675, 52.434493 ], [ 12.304343, 52.450502 ], [ 12.316684, 52.452385 ], [ 12.315081, 52.46046 ], [ 12.325116, 52.464231 ], [ 12.330782, 52.478556 ], [ 12.315935, 52.47502 ], [ 12.309361, 52.486265 ], [ 12.330384, 52.496367 ], [ 12.271445, 52.487481 ], [ 12.262452, 52.49547 ], [ 12.270083, 52.500998 ], [ 12.259922, 52.504233 ], [ 12.258216, 52.517885 ], [ 12.235559, 52.523782 ], [ 12.221679, 52.500665 ], [ 12.184704, 52.495776 ], [ 12.167295, 52.514985 ], [ 12.188689, 52.532423 ], [ 12.173888, 52.538692 ], [ 12.141811, 52.528394 ], [ 12.15931, 52.56099 ], [ 12.181078, 52.575177 ], [ 12.173385, 52.582255 ], [ 12.17197, 52.625947 ], [ 12.203537, 52.618746 ], [ 12.236873, 52.628877 ], [ 12.231002, 52.63989 ], [ 12.23789, 52.645556 ], [ 12.232524, 52.653611 ], [ 12.239352, 52.671736 ], [ 12.226812, 52.683797 ], [ 12.232877, 52.689044 ], [ 12.220879, 52.690439 ], [ 12.217542, 52.699822 ], [ 12.224185, 52.702785 ], [ 12.203919, 52.713353 ], [ 12.209844, 52.717622 ], [ 12.197549, 52.718375 ], [ 12.205957, 52.726514 ], [ 12.201294, 52.729004 ], [ 12.223169, 52.739747 ], [ 12.205958, 52.760911 ], [ 12.214869, 52.763996 ], [ 12.213132, 52.773607 ], [ 12.223507, 52.775696 ], [ 12.220176, 52.790128 ], [ 12.24466, 52.787224 ], [ 12.257536, 52.804908 ], [ 12.24367, 52.820685 ], [ 12.234057, 52.859378 ], [ 12.217391, 52.865984 ], [ 12.209955, 52.862417 ], [ 12.196937, 52.877978 ], [ 12.123715, 52.853796 ], [ 12.133116, 52.865776 ], [ 12.120213, 52.875514 ], [ 12.124601, 52.893586 ], [ 12.112623, 52.875729 ], [ 12.022614, 52.89037 ], [ 11.98155, 52.876029 ], [ 11.932253, 52.891579 ], [ 11.897335, 52.893362 ], [ 11.871508, 52.908874 ], [ 11.833998, 52.910361 ], [ 11.823092, 52.923258 ], [ 11.847927, 52.941032 ], [ 11.844217, 52.952681 ], [ 11.786304, 52.960958 ], [ 11.764193, 52.981411 ], [ 11.74379, 52.988545 ], [ 11.692084, 52.978407 ], [ 11.677165, 53.008137 ], [ 11.645753, 53.005384 ], [ 11.626327, 53.012647 ], [ 11.639366, 53.038719 ], [ 11.597785, 53.035926 ] ], [ [ 12.264446, 52.231713 ], [ 12.270474, 52.231103 ], [ 12.275204, 52.231051 ], [ 12.264446, 52.231713 ] ], [ [ 12.279125, 52.229418 ], [ 12.285081, 52.227017 ], [ 12.276546, 52.228296 ], [ 12.279125, 52.229418 ] ], [ [ 12.222308, 52.862549 ], [ 12.217115, 52.861993 ], [ 12.221316, 52.863813 ], [ 12.222308, 52.862549 ] ] ], [ [ [ 11.439672, 51.197668 ], [ 11.446614, 51.19888 ], [ 11.439386, 51.199766 ], [ 11.439672, 51.197668 ] ] ] ] } },
{ "type": "Feature", "properties": { "name": "Schleswig-Holstein", "area": 15825.685467489404 }, "geometry": { "type": "MultiPolygon", "coordinates": [ [ [ [ 8.692577, 54.060445 ], [ 8.700025, 54.068315 ], [ 8.684128, 54.064492 ], [ 8.680575, 54.050577 ], [ 8.691927, 54.045722 ], [ 8.702116, 54.047828 ], [ 8.684255, 54.052228 ], [ 8.700431, 54.058034 ], [ 8.692577, 54.060445 ] ] ], [ [ [ 7.919787, 54.188723 ], [ 7.891416, 54.193011 ], [ 7.8691, 54.187827 ], [ 7.890842, 54.169834 ], [ 7.907685, 54.168881 ], [ 7.906634, 54.182275 ], [ 7.918168, 54.181312 ], [ 7.919787, 54.188723 ] ] ], [ [ [ 11.08248, 54.43891 ], [ 11.088576, 54.435907 ], [ 11.091348, 54.43812 ], [ 11.089401, 54.437976 ], [ 11.08248, 54.43891 ] ] ], [ [ [ 8.735938, 54.467624 ], [ 8.727035, 54.467917 ], [ 8.71848, 54.466442 ], [ 8.727233, 54.462323 ], [ 8.735938, 54.467624 ] ] ], [ [ [ 8.552751, 54.45973 ], [ 8.559347, 54.461864 ], [ 8.561972, 54.46479 ], [ 8.547709, 54.46863 ], [ 8.552751, 54.45973 ] ] ], [ [ [ 8.507215, 54.527601 ], [ 8.514462, 54.527826 ], [ 8.51669, 54.529015 ], [ 8.507215, 54.527601 ] ] ], [ [ [ 11.165483, 54.522483 ], [ 11.064244, 54.535056 ], [ 11.031163, 54.511804 ], [ 11.010318, 54.482557 ], [ 11.00786, 54.442499 ], [ 11.038218, 54.429859 ], [ 11.047145, 54.428282 ], [ 11.021973, 54.44297 ], [ 11.06319, 54.452814 ], [ 11.095116, 54.445453 ], [ 11.101799, 54.431568 ], [ 11.095145, 54.409534 ], [ 11.120966, 54.402075 ], [ 11.172951, 54.401482 ], [ 11.229886, 54.412225 ], [ 11.312663, 54.402258 ], [ 11.298077, 54.430765 ], [ 11.252616, 54.471755 ], [ 11.232678, 54.506863 ], [ 11.216731, 54.504378 ], [ 11.165483, 54.522483 ] ] ], [ [ [ 8.827787, 54.545838 ], [ 8.804573, 54.555732 ], [ 8.789375, 54.551904 ], [ 8.827787, 54.545838 ] ] ], [ [ [ 8.705041, 54.557561 ], [ 8.595325, 54.533838 ], [ 8.587826, 54.528854 ], [ 8.58825, 54.515722 ], [ 8.624865, 54.489067 ], [ 8.669849, 54.494527 ], [ 8.687279, 54.509021 ], [ 8.701746, 54.500392 ], [ 8.688708, 54.510788 ], [ 8.696814, 54.517497 ], [ 8.686992, 54.520879 ], [ 8.706042, 54.537596 ], [ 8.710874, 54.552964 ], [ 8.705041, 54.557561 ] ] ], [ [ [ 8.57557, 54.560456 ], [ 8.549937, 54.579431 ], [ 8.508545, 54.576695 ], [ 8.547985, 54.557024 ], [ 8.57557, 54.560456 ] ] ], [ [ [ 8.833228, 54.603409 ], [ 8.814715, 54.601873 ], [ 8.80813, 54.603974 ], [ 8.818851, 54.594806 ], [ 8.833228, 54.603409 ] ] ], [ [ [ 8.771499, 54.636985 ], [ 8.766412, 54.63785 ], [ 8.761153, 54.635964 ], [ 8.762667, 54.635216 ], [ 8.771499, 54.636985 ] ] ], [ [ [ 8.73629, 54.643938 ], [ 8.717477, 54.640872 ], [ 8.710003, 54.631949 ], [ 8.728686, 54.628883 ], [ 8.739965, 54.636284 ], [ 8.73629, 54.643938 ] ] ], [ [ [ 8.656802, 54.643674 ], [ 8.663465, 54.655879 ], [ 8.65187, 54.657638 ], [ 8.602667, 54.641935 ], [ 8.540466, 54.63641 ], [ 8.528868, 54.627306 ], [ 8.547566, 54.617761 ], [ 8.584645, 54.634121 ], [ 8.656802, 54.643674 ] ] ], [ [ [ 8.713081, 54.680072 ], [ 8.690774, 54.676286 ], [ 8.681026, 54.675241 ], [ 8.709707, 54.672387 ], [ 8.713081, 54.680072 ] ] ], [ [ [ 8.342427, 54.693551 ], [ 8.360575, 54.710751 ], [ 8.314112, 54.687546 ], [ 8.294792, 54.664619 ], [ 8.365544, 54.609268 ], [ 8.397153, 54.614081 ], [ 8.403447, 54.622391 ], [ 8.396662, 54.617896 ], [ 8.390431, 54.624269 ], [ 8.401299, 54.627379 ], [ 8.384793, 54.628556 ], [ 8.383315, 54.639618 ], [ 8.361101, 54.649786 ], [ 8.342427, 54.693551 ] ] ], [ [ [ 8.58633, 54.743552 ], [ 8.534184, 54.755864 ], [ 8.427282, 54.746184 ], [ 8.404361, 54.730131 ], [ 8.394951, 54.708775 ], [ 8.402844, 54.700175 ], [ 8.450908, 54.693015 ], [ 8.47072, 54.682572 ], [ 8.566453, 54.679975 ], [ 8.578685, 54.692626 ], [ 8.581768, 54.710203 ], [ 8.597, 54.719091 ], [ 8.584335, 54.730226 ], [ 8.58633, 54.743552 ] ] ], [ [ [ 8.367109, 54.868546 ], [ 8.361992, 54.870004 ], [ 8.360129, 54.869291 ], [ 8.362064, 54.867295 ], [ 8.365562, 54.867425 ], [ 8.367109, 54.868546 ] ] ], [ [ [ 10.307954, 53.433201 ], [ 10.330768, 53.424967 ], [ 10.375434, 53.42483 ], [ 10.502239, 53.373545 ], [ 10.587499, 53.361192 ], [ 10.599105, 53.377828 ], [ 10.616904, 53.38457 ], [ 10.618366, 53.425371 ], [ 10.632308, 53.454803 ], [ 10.652043, 53.461477 ], [ 10.692973, 53.455138 ], [ 10.701661, 53.478255 ], [ 10.756012, 53.483394 ], [ 10.777781, 53.495181 ], [ 10.786431, 53.510457 ], [ 10.824334, 53.513741 ], [ 10.814518, 53.522025 ], [ 10.831906, 53.542582 ], [ 10.823261, 53.575181 ], [ 10.863702, 53.564632 ], [ 10.909484, 53.57145 ], [ 10.923795, 53.584186 ], [ 10.917465, 53.599316 ], [ 10.929563, 53.628707 ], [ 10.954884, 53.656705 ], [ 10.938627, 53.665822 ], [ 10.941767, 53.684542 ], [ 10.918972, 53.689159 ], [ 10.926054, 53.692046 ], [ 10.922142, 53.699469 ], [ 10.905289, 53.703294 ], [ 10.850944, 53.700125 ], [ 10.852171, 53.705845 ], [ 10.810876, 53.720072 ], [ 10.805917, 53.73921 ], [ 10.758033, 53.747517 ], [ 10.757977, 53.763594 ], [ 10.770256, 53.775481 ], [ 10.765915, 53.779901 ], [ 10.773252, 53.792387 ], [ 10.761591, 53.822601 ], [ 10.747851, 53.833364 ], [ 10.75365, 53.848574 ], [ 10.747711, 53.851511 ], [ 10.771923, 53.873735 ], [ 10.799417, 53.876155 ], [ 10.818927, 53.893533 ], [ 10.847211, 53.896943 ], [ 10.848295, 53.905114 ], [ 10.882572, 53.924497 ], [ 10.911294, 53.915226 ], [ 10.902097, 53.906291 ], [ 10.911024, 53.897952 ], [ 10.968376, 53.908862 ], [ 10.89844, 53.92231 ], [ 10.895584, 53.934454 ], [ 10.909411, 53.9476 ], [ 10.903662, 53.956822 ], [ 10.882768, 53.958792 ], [ 10.878837, 53.985947 ], [ 10.860774, 53.993733 ], [ 10.787249, 53.997439 ], [ 10.760187, 54.024607 ], [ 10.75108, 54.045452 ], [ 10.802785, 54.091097 ], [ 10.877515, 54.088018 ], [ 10.955098, 54.141084 ], [ 11.091936, 54.19732 ], [ 11.071918, 54.342246 ], [ 11.125609, 54.373614 ], [ 11.12883, 54.389906 ], [ 11.109707, 54.389159 ], [ 11.107674, 54.397507 ], [ 11.073367, 54.376596 ], [ 11.023741, 54.367712 ], [ 11.022071, 54.38045 ], [ 10.931205, 54.38194 ], [ 10.871763, 54.35827 ], [ 10.789503, 54.312133 ], [ 10.706974, 54.305036 ], [ 10.684634, 54.310319 ], [ 10.638803, 54.347845 ], [ 10.599608, 54.363731 ], [ 10.473699, 54.392473 ], [ 10.387982, 54.426446 ], [ 10.321948, 54.435748 ], [ 10.302108, 54.433153 ], [ 10.276061, 54.42148 ], [ 10.293979, 54.425814 ], [ 10.279878, 54.418175 ], [ 10.226061, 54.413906 ], [ 10.193662, 54.379254 ], [ 10.195952, 54.36602 ], [ 10.178221, 54.361143 ], [ 10.174162, 54.345745 ], [ 10.152083, 54.363327 ], [ 10.192262, 54.390212 ], [ 10.188773, 54.411083 ], [ 10.168852, 54.434131 ], [ 10.199383, 54.455562 ], [ 10.134027, 54.484338 ], [ 9.924255, 54.462294 ], [ 9.901907, 54.450931 ], [ 9.866104, 54.448121 ], [ 9.85537, 54.456283 ], [ 9.875706, 54.475847 ], [ 9.984868, 54.51248 ], [ 10.027329, 54.553117 ], [ 10.031249, 54.647233 ], [ 10.043211, 54.659562 ], [ 10.033501, 54.663465 ], [ 10.036023, 54.688417 ], [ 9.988994, 54.718315 ], [ 9.976906, 54.756836 ], [ 9.957234, 54.779856 ], [ 9.90951, 54.79992 ], [ 9.899698, 54.77279 ], [ 9.905374, 54.763343 ], [ 9.894489, 54.771141 ], [ 9.87202, 54.758919 ], [ 9.874559, 54.752355 ], [ 9.845579, 54.756036 ], [ 9.746718, 54.824125 ], [ 9.604633, 54.854594 ], [ 9.628017, 54.879748 ], [ 9.591911, 54.88697 ], [ 9.463041, 54.831644 ], [ 9.42872, 54.82711 ], [ 9.411131, 54.842297 ], [ 9.382681, 54.839201 ], [ 9.373848, 54.821128 ], [ 9.343133, 54.807066 ], [ 9.34361, 54.800248 ], [ 9.250081, 54.809715 ], [ 9.235755, 54.831104 ], [ 9.24483, 54.843865 ], [ 9.240138, 54.849984 ], [ 9.14333, 54.873023 ], [ 9.04824, 54.871877 ], [ 8.947939, 54.902563 ], [ 8.892036, 54.904913 ], [ 8.859446, 54.896638 ], [ 8.824018, 54.906833 ], [ 8.79896, 54.904576 ], [ 8.776912, 54.892669 ], [ 8.727996, 54.892707 ], [ 8.680346, 54.910491 ], [ 8.638003, 54.911252 ], [ 8.635145, 54.894152 ], [ 8.610286, 54.888391 ], [ 8.427409, 54.877399 ], [ 8.366895, 54.903172 ], [ 8.361672, 54.957818 ], [ 8.352822, 54.967857 ], [ 8.379902, 54.996776 ], [ 8.440029, 55.01587 ], [ 8.427298, 55.030891 ], [ 8.436686, 55.037485 ], [ 8.436704, 55.039409 ], [ 8.426277, 55.032807 ], [ 8.40054, 55.034814 ], [ 8.396235, 55.046155 ], [ 8.464196, 55.045715 ], [ 8.418144, 55.058778 ], [ 8.390665, 55.047025 ], [ 8.292444, 54.896872 ], [ 8.27943, 54.75139 ], [ 8.298827, 54.740824 ], [ 8.293746, 54.757572 ], [ 8.301762, 54.773039 ], [ 8.292048, 54.785986 ], [ 8.299841, 54.803451 ], [ 8.293417, 54.826926 ], [ 8.299249, 54.849408 ], [ 8.308139, 54.859116 ], [ 8.332827, 54.863258 ], [ 8.340561, 54.880575 ], [ 8.345525, 54.874257 ], [ 8.364263, 54.875908 ], [ 8.377918, 54.858598 ], [ 8.414381, 54.847241 ], [ 8.510182, 54.881395 ], [ 8.603369, 54.885708 ], [ 8.612614, 54.878468 ], [ 8.607762, 54.841055 ], [ 8.644229, 54.819083 ], [ 8.65915, 54.795407 ], [ 8.68471, 54.792812 ], [ 8.701674, 54.773688 ], [ 8.697389, 54.760356 ], [ 8.715451, 54.737716 ], [ 8.68621, 54.730341 ], [ 8.741094, 54.716368 ], [ 8.752832, 54.681254 ], [ 8.831947, 54.652591 ], [ 8.846531, 54.625464 ], [ 8.885822, 54.60894 ], [ 8.892968, 54.596777 ], [ 8.868609, 54.561809 ], [ 8.87789, 54.545463 ], [ 8.871453, 54.528293 ], [ 8.806437, 54.498342 ], [ 8.819247, 54.486516 ], [ 8.807015, 54.470159 ], [ 8.841772, 54.460616 ], [ 8.893399, 54.460576 ], [ 8.915991, 54.470573 ], [ 8.931127, 54.491775 ], [ 8.948146, 54.500062 ], [ 8.945454, 54.512426 ], [ 8.983599, 54.524046 ], [ 9.015607, 54.484315 ], [ 9.00338, 54.479242 ], [ 9.018963, 54.474746 ], [ 9.004988, 54.473735 ], [ 9.002396, 54.463668 ], [ 8.958947, 54.45386 ], [ 8.947586, 54.438904 ], [ 8.911436, 54.417736 ], [ 8.871239, 54.404807 ], [ 8.809687, 54.409461 ], [ 8.741622, 54.398751 ], [ 8.672551, 54.399649 ], [ 8.652768, 54.389511 ], [ 8.649062, 54.379754 ], [ 8.691042, 54.373076 ], [ 8.69149, 54.35563 ], [ 8.653718, 54.348989 ], [ 8.644, 54.337925 ], [ 8.601383, 54.339071 ], [ 8.606375, 54.329031 ], [ 8.599642, 54.321527 ], [ 8.608311, 54.308788 ], [ 8.674358, 54.27876 ], [ 8.689112, 54.278619 ], [ 8.70647, 54.293145 ], [ 8.738377, 54.29378 ], [ 8.768693, 54.288568 ], [ 8.77227, 54.281593 ], [ 8.822038, 54.29131 ], [ 8.839509, 54.281728 ], [ 8.84389, 54.256617 ], [ 8.831171, 54.236723 ], [ 8.839979, 54.232882 ], [ 8.83373, 54.214462 ], [ 8.809689, 54.191012 ], [ 8.808868, 54.171037 ], [ 8.835847, 54.134109 ], [ 8.854733, 54.128269 ], [ 8.857866, 54.119193 ], [ 8.892974, 54.133236 ], [ 8.926768, 54.131569 ], [ 8.947816, 54.091146 ], [ 8.976615, 54.071228 ], [ 8.95866, 54.063393 ], [ 8.98549, 54.060127 ], [ 8.977429, 54.041233 ], [ 8.958583, 54.034 ], [ 8.881443, 54.046052 ], [ 8.804832, 54.024415 ], [ 8.832592, 54.023929 ], [ 8.8561, 53.994702 ], [ 8.878042, 53.983625 ], [ 8.877716, 53.973219 ], [ 8.914905, 53.924899 ], [ 8.97026, 53.892196 ], [ 9.019934, 53.889943 ], [ 9.02242, 53.879518 ], [ 9.230586, 53.877772 ], [ 9.319524, 53.850836 ], [ 9.367622, 53.808589 ], [ 9.422587, 53.740668 ], [ 9.507804, 53.691164 ], [ 9.55063, 53.616014 ], [ 9.702788, 53.559328 ], [ 9.730104, 53.557581 ], [ 9.742487, 53.578206 ], [ 9.736263, 53.581852 ], [ 9.74726, 53.591775 ], [ 9.743436, 53.597576 ], [ 9.755618, 53.602529 ], [ 9.759101, 53.610925 ], [ 9.753535, 53.612994 ], [ 9.763673, 53.627495 ], [ 9.770294, 53.627462 ], [ 9.770634, 53.61623 ], [ 9.798123, 53.607516 ], [ 9.789554, 53.603972 ], [ 9.797516, 53.596101 ], [ 9.828782, 53.585291 ], [ 9.889685, 53.622327 ], [ 9.905366, 53.652194 ], [ 9.985599, 53.647235 ], [ 9.998696, 53.681467 ], [ 10.069265, 53.679451 ], [ 10.06067, 53.688397 ], [ 10.077505, 53.699749 ], [ 10.069519, 53.711168 ], [ 10.081842, 53.72042 ], [ 10.121056, 53.713395 ], [ 10.162874, 53.738087 ], [ 10.193671, 53.731015 ], [ 10.181588, 53.709197 ], [ 10.157523, 53.705029 ], [ 10.159455, 53.690819 ], [ 10.140273, 53.680127 ], [ 10.196056, 53.654704 ], [ 10.198619, 53.646436 ], [ 10.189665, 53.638381 ], [ 10.221761, 53.633723 ], [ 10.188952, 53.613014 ], [ 10.20145, 53.584076 ], [ 10.161723, 53.585699 ], [ 10.152558, 53.577901 ], [ 10.148368, 53.563975 ], [ 10.160539, 53.557683 ], [ 10.152583, 53.539793 ], [ 10.166903, 53.537319 ], [ 10.164643, 53.519939 ], [ 10.189709, 53.512631 ], [ 10.210601, 53.520047 ], [ 10.223945, 53.505771 ], [ 10.218607, 53.499055 ], [ 10.236679, 53.496354 ], [ 10.238367, 53.483264 ], [ 10.264326, 53.47514 ], [ 10.26929, 53.464109 ], [ 10.301646, 53.443195 ], [ 10.311646, 53.452323 ], [ 10.325959, 53.44964 ], [ 10.315488, 53.441087 ], [ 10.31819, 53.435331 ], [ 10.307954, 53.433201 ] ] ] ] } },
{ "type": "Feature", "properties": { "name": "Thüringen", "area": 16200.832166657599 }, "geometry": { "type": "Polygon", "coordinates": [ [ [ 11.824265, 50.389757 ], [ 11.9278, 50.432515 ], [ 11.899641, 50.435248 ], [ 11.888509, 50.443606 ], [ 11.931895, 50.464223 ], [ 11.950798, 50.454069 ], [ 11.937693, 50.471692 ], [ 11.964229, 50.486963 ], [ 11.933976, 50.506035 ], [ 11.932932, 50.521256 ], [ 11.925251, 50.526319 ], [ 11.915851, 50.524518 ], [ 11.91846, 50.516981 ], [ 11.888218, 50.516679 ], [ 11.871463, 50.539823 ], [ 11.885209, 50.551942 ], [ 11.926011, 50.556844 ], [ 11.933676, 50.568525 ], [ 11.923566, 50.585708 ], [ 11.98675, 50.609485 ], [ 11.979269, 50.62141 ], [ 12.010397, 50.635461 ], [ 12.022118, 50.62554 ], [ 12.005482, 50.612019 ], [ 12.036138, 50.59395 ], [ 12.035634, 50.581365 ], [ 12.017535, 50.567841 ], [ 12.03099, 50.557776 ], [ 12.030272, 50.549398 ], [ 12.052068, 50.550961 ], [ 12.076644, 50.558008 ], [ 12.083594, 50.578567 ], [ 12.101518, 50.57894 ], [ 12.115773, 50.566948 ], [ 12.127654, 50.574129 ], [ 12.156024, 50.573492 ], [ 12.156092, 50.585579 ], [ 12.110151, 50.58872 ], [ 12.114901, 50.596982 ], [ 12.147222, 50.606098 ], [ 12.146427, 50.625979 ], [ 12.15364, 50.630505 ], [ 12.170442, 50.629235 ], [ 12.174722, 50.614514 ], [ 12.182766, 50.612111 ], [ 12.190752, 50.614423 ], [ 12.198197, 50.641315 ], [ 12.232812, 50.627067 ], [ 12.265518, 50.630793 ], [ 12.264286, 50.643385 ], [ 12.317718, 50.663364 ], [ 12.314455, 50.671417 ], [ 12.322048, 50.681434 ], [ 12.274762, 50.686117 ], [ 12.253382, 50.715705 ], [ 12.273353, 50.729574 ], [ 12.264757, 50.737547 ], [ 12.226985, 50.738218 ], [ 12.228688, 50.757453 ], [ 12.24069, 50.76724 ], [ 12.263921, 50.760456 ], [ 12.290161, 50.783427 ], [ 12.287644, 50.789643 ], [ 12.253154, 50.788835 ], [ 12.253484, 50.799509 ], [ 12.242835, 50.80906 ], [ 12.250495, 50.818538 ], [ 12.259758, 50.811451 ], [ 12.276982, 50.81786 ], [ 12.279863, 50.809704 ], [ 12.289715, 50.823965 ], [ 12.302356, 50.817197 ], [ 12.298584, 50.8299 ], [ 12.306948, 50.818763 ], [ 12.347577, 50.823632 ], [ 12.348317, 50.837535 ], [ 12.374133, 50.853249 ], [ 12.40295, 50.849226 ], [ 12.412985, 50.856873 ], [ 12.420206, 50.83959 ], [ 12.442502, 50.844027 ], [ 12.444152, 50.862584 ], [ 12.464026, 50.870125 ], [ 12.459254, 50.880449 ], [ 12.486666, 50.893897 ], [ 12.51112, 50.894099 ], [ 12.507863, 50.903729 ], [ 12.521322, 50.907599 ], [ 12.538191, 50.900686 ], [ 12.620062, 50.909381 ], [ 12.640121, 50.903074 ], [ 12.652866, 50.923678 ], [ 12.624357, 50.93971 ], [ 12.630113, 50.942503 ], [ 12.621289, 50.975771 ], [ 12.607534, 50.996732 ], [ 12.581022, 50.989235 ], [ 12.583807, 50.981833 ], [ 12.555759, 50.997486 ], [ 12.528349, 50.99828 ], [ 12.54018, 51.005733 ], [ 12.538852, 51.024252 ], [ 12.514369, 51.026877 ], [ 12.516333, 51.01822 ], [ 12.507388, 51.017276 ], [ 12.512452, 51.026419 ], [ 12.502894, 51.0349 ], [ 12.50446, 51.060791 ], [ 12.462915, 51.0669 ], [ 12.458383, 51.084551 ], [ 12.450745, 51.077306 ], [ 12.410448, 51.072855 ], [ 12.392958, 51.084116 ], [ 12.372409, 51.077474 ], [ 12.353618, 51.084607 ], [ 12.35658, 51.094343 ], [ 12.331599, 51.103783 ], [ 12.31847, 51.093827 ], [ 12.283547, 51.091924 ], [ 12.288279, 51.088242 ], [ 12.273208, 51.07506 ], [ 12.265597, 51.076984 ], [ 12.269307, 51.071812 ], [ 12.258493, 51.066144 ], [ 12.262207, 51.049611 ], [ 12.250268, 51.037873 ], [ 12.281378, 51.040228 ], [ 12.293915, 51.03133 ], [ 12.292991, 51.021582 ], [ 12.283518, 51.006436 ], [ 12.239892, 50.97568 ], [ 12.232349, 50.961353 ], [ 12.241671, 50.961514 ], [ 12.238717, 50.951528 ], [ 12.21458, 50.938032 ], [ 12.213819, 50.958436 ], [ 12.197979, 50.956784 ], [ 12.182508, 50.975866 ], [ 12.163208, 50.966485 ], [ 12.16353, 50.9586 ], [ 12.132134, 50.961263 ], [ 12.092158, 50.97653 ], [ 12.014126, 50.968671 ], [ 12.010659, 50.974691 ], [ 12.017188, 50.979061 ], [ 12.006571, 50.991024 ], [ 11.969873, 50.994328 ], [ 11.978644, 51.003696 ], [ 11.977137, 51.016455 ], [ 11.943066, 51.032441 ], [ 11.911896, 51.028179 ], [ 11.910867, 51.04502 ], [ 11.897453, 51.045295 ], [ 11.888807, 51.05584 ], [ 11.803894, 51.047211 ], [ 11.774634, 51.053157 ], [ 11.772094, 51.045008 ], [ 11.75969, 51.042858 ], [ 11.746197, 51.051954 ], [ 11.75325, 51.056989 ], [ 11.7323, 51.068417 ], [ 11.70081, 51.069403 ], [ 11.701582, 51.085823 ], [ 11.692382, 51.099852 ], [ 11.67244, 51.102902 ], [ 11.66695, 51.110785 ], [ 11.63824, 51.111123 ], [ 11.620212, 51.097449 ], [ 11.607503, 51.111607 ], [ 11.57166, 51.119365 ], [ 11.558241, 51.108951 ], [ 11.54782, 51.111702 ], [ 11.545643, 51.10245 ], [ 11.512078, 51.107974 ], [ 11.485219, 51.102534 ], [ 11.463362, 51.11276 ], [ 11.465454, 51.127382 ], [ 11.451004, 51.14667 ], [ 11.471929, 51.148184 ], [ 11.479285, 51.158778 ], [ 11.474948, 51.165826 ], [ 11.48526, 51.165593 ], [ 11.470818, 51.169838 ], [ 11.468568, 51.192654 ], [ 11.452403, 51.192477 ], [ 11.446045, 51.208144 ], [ 11.430949, 51.212476 ], [ 11.39142, 51.203533 ], [ 11.389825, 51.217515 ], [ 11.364833, 51.221359 ], [ 11.384567, 51.245641 ], [ 11.400613, 51.24291 ], [ 11.397795, 51.236738 ], [ 11.412632, 51.241062 ], [ 11.439522, 51.263379 ], [ 11.441745, 51.273314 ], [ 11.456112, 51.277201 ], [ 11.459877, 51.29405 ], [ 11.467785, 51.288387 ], [ 11.475226, 51.298054 ], [ 11.413595, 51.333128 ], [ 11.428815, 51.342829 ], [ 11.399437, 51.344836 ], [ 11.389836, 51.367987 ], [ 11.396852, 51.381331 ], [ 11.330796, 51.390266 ], [ 11.32126, 51.410372 ], [ 11.248506, 51.395133 ], [ 11.247897, 51.405421 ], [ 11.230167, 51.405743 ], [ 11.223883, 51.413186 ], [ 11.192411, 51.402875 ], [ 11.141755, 51.402633 ], [ 11.125661, 51.408118 ], [ 11.127573, 51.413254 ], [ 11.06139, 51.429792 ], [ 11.046041, 51.42627 ], [ 11.049852, 51.420197 ], [ 10.992033, 51.417853 ], [ 11.010664, 51.425315 ], [ 10.966734, 51.432353 ], [ 10.972703, 51.453666 ], [ 10.960817, 51.471225 ], [ 10.972944, 51.481961 ], [ 10.948649, 51.50163 ], [ 10.939721, 51.500726 ], [ 10.945087, 51.50619 ], [ 10.927335, 51.520854 ], [ 10.947972, 51.537573 ], [ 10.911162, 51.555431 ], [ 10.900496, 51.550655 ], [ 10.893072, 51.576518 ], [ 10.882052, 51.580508 ], [ 10.894476, 51.601833 ], [ 10.903331, 51.593828 ], [ 10.929496, 51.591442 ], [ 10.936506, 51.604056 ], [ 10.914091, 51.610163 ], [ 10.922013, 51.618447 ], [ 10.886601, 51.612111 ], [ 10.858615, 51.6329 ], [ 10.822568, 51.62354 ], [ 10.818216, 51.639026 ], [ 10.764511, 51.649008 ], [ 10.749366, 51.640334 ], [ 10.726252, 51.644894 ], [ 10.677283, 51.638376 ], [ 10.682481, 51.628917 ], [ 10.639179, 51.62115 ], [ 10.649001, 51.606514 ], [ 10.633496, 51.607903 ], [ 10.638675, 51.584117 ], [ 10.666307, 51.578099 ], [ 10.656796, 51.558302 ], [ 10.604264, 51.579575 ], [ 10.560269, 51.557068 ], [ 10.518974, 51.553763 ], [ 10.495696, 51.572788 ], [ 10.444382, 51.589656 ], [ 10.370023, 51.587536 ], [ 10.378999, 51.568573 ], [ 10.365365, 51.555891 ], [ 10.372185, 51.552993 ], [ 10.367664, 51.543036 ], [ 10.348125, 51.532173 ], [ 10.342275, 51.519497 ], [ 10.308818, 51.51514 ], [ 10.29967, 51.493896 ], [ 10.244678, 51.483735 ], [ 10.233173, 51.470846 ], [ 10.216946, 51.470075 ], [ 10.218202, 51.47854 ], [ 10.201975, 51.48652 ], [ 10.178252, 51.470016 ], [ 10.186012, 51.462174 ], [ 10.174306, 51.446256 ], [ 10.140005, 51.442614 ], [ 10.150399, 51.429425 ], [ 10.080108, 51.43456 ], [ 10.069108, 51.418438 ], [ 10.058782, 51.434893 ], [ 10.046803, 51.436673 ], [ 10.051442, 51.430321 ], [ 10.037844, 51.420005 ], [ 10.009329, 51.420604 ], [ 10.000375, 51.403655 ], [ 9.965943, 51.395477 ], [ 9.923293, 51.368043 ], [ 9.929937, 51.339969 ], [ 9.947567, 51.326395 ], [ 9.939742, 51.306959 ], [ 9.969853, 51.300271 ], [ 9.972977, 51.284351 ], [ 10.004331, 51.286983 ], [ 10.059916, 51.275865 ], [ 10.046554, 51.264501 ], [ 10.046969, 51.253426 ], [ 10.078995, 51.242781 ], [ 10.068673, 51.226563 ], [ 10.090283, 51.226669 ], [ 10.113172, 51.215206 ], [ 10.138402, 51.220135 ], [ 10.149791, 51.206189 ], [ 10.168445, 51.21219 ], [ 10.197014, 51.192057 ], [ 10.235999, 51.184767 ], [ 10.207323, 51.164917 ], [ 10.200378, 51.149931 ], [ 10.21069, 51.142472 ], [ 10.203788, 51.135655 ], [ 10.210717, 51.122905 ], [ 10.199959, 51.112972 ], [ 10.179215, 51.127647 ], [ 10.184905, 51.14112 ], [ 10.168739, 51.153268 ], [ 10.118322, 51.139573 ], [ 10.153792, 51.118459 ], [ 10.174631, 51.116867 ], [ 10.175488, 51.106905 ], [ 10.160415, 51.10805 ], [ 10.16568, 51.0995 ], [ 10.144695, 51.084814 ], [ 10.155188, 51.070419 ], [ 10.14059, 51.058491 ], [ 10.198847, 51.04009 ], [ 10.215186, 51.026419 ], [ 10.192622, 51.018532 ], [ 10.202905, 51.008106 ], [ 10.190786, 50.999068 ], [ 10.17104, 50.996219 ], [ 10.169082, 51.00193 ], [ 10.14688, 50.993824 ], [ 10.131563, 50.996898 ], [ 10.133082, 51.004819 ], [ 10.120843, 51.011701 ], [ 10.103484, 51.003367 ], [ 10.0364, 51.012376 ], [ 10.01947, 50.980708 ], [ 10.040949, 50.967526 ], [ 10.032161, 50.959635 ], [ 10.042037, 50.957234 ], [ 10.043049, 50.948482 ], [ 10.062346, 50.943784 ], [ 10.029439, 50.938113 ], [ 10.024901, 50.943751 ], [ 10.013557, 50.934735 ], [ 9.991006, 50.943566 ], [ 9.950087, 50.94225 ], [ 9.956556, 50.933662 ], [ 9.949685, 50.926508 ], [ 9.957144, 50.9226 ], [ 9.96556, 50.933581 ], [ 9.991996, 50.934515 ], [ 9.969632, 50.913488 ], [ 9.971464, 50.907411 ], [ 10.015636, 50.920624 ], [ 10.050909, 50.900089 ], [ 10.041952, 50.89334 ], [ 10.059804, 50.885393 ], [ 10.021893, 50.864486 ], [ 10.021929, 50.847857 ], [ 10.03862, 50.853115 ], [ 10.023055, 50.831631 ], [ 10.006836, 50.837682 ], [ 9.998019, 50.826505 ], [ 9.976816, 50.833273 ], [ 9.952253, 50.821375 ], [ 9.956677, 50.809619 ], [ 9.94357, 50.797698 ], [ 9.955135, 50.78555 ], [ 9.952134, 50.773292 ], [ 9.928431, 50.776594 ], [ 9.920126, 50.759612 ], [ 9.939614, 50.75592 ], [ 9.941503, 50.739139 ], [ 9.935162, 50.724118 ], [ 9.908891, 50.704532 ], [ 9.923142, 50.694198 ], [ 9.881273, 50.673379 ], [ 9.878551, 50.634781 ], [ 9.906106, 50.640382 ], [ 9.929696, 50.629017 ], [ 9.960722, 50.629484 ], [ 9.968902, 50.641259 ], [ 9.949711, 50.655873 ], [ 9.951484, 50.665927 ], [ 10.001995, 50.676603 ], [ 10.051054, 50.672897 ], [ 10.082965, 50.633705 ], [ 10.08105, 50.620025 ], [ 10.057504, 50.62612 ], [ 10.037191, 50.612926 ], [ 10.048798, 50.598621 ], [ 10.046359, 50.571255 ], [ 10.061829, 50.556687 ], [ 10.039693, 50.532586 ], [ 10.041338, 50.51647 ], [ 10.071825, 50.527671 ], [ 10.074721, 50.539946 ], [ 10.089842, 50.544814 ], [ 10.107094, 50.563734 ], [ 10.119408, 50.564225 ], [ 10.140367, 50.54285 ], [ 10.150268, 50.551888 ], [ 10.175441, 50.542918 ], [ 10.177893, 50.55168 ], [ 10.203874, 50.554701 ], [ 10.208326, 50.540631 ], [ 10.231974, 50.531088 ], [ 10.225792, 50.518719 ], [ 10.230828, 50.511803 ], [ 10.256222, 50.512813 ], [ 10.30657, 50.492079 ], [ 10.330582, 50.494277 ], [ 10.341411, 50.483 ], [ 10.336154, 50.465897 ], [ 10.356726, 50.45519 ], [ 10.367272, 50.438774 ], [ 10.381332, 50.438852 ], [ 10.370715, 50.431758 ], [ 10.403835, 50.424775 ], [ 10.383918, 50.408621 ], [ 10.394494, 50.393652 ], [ 10.423743, 50.392532 ], [ 10.449503, 50.403047 ], [ 10.463658, 50.376015 ], [ 10.494443, 50.369443 ], [ 10.48599, 50.363054 ], [ 10.492406, 50.355056 ], [ 10.512476, 50.359806 ], [ 10.514624, 50.349897 ], [ 10.531011, 50.36511 ], [ 10.544408, 50.364506 ], [ 10.561785, 50.337098 ], [ 10.60055, 50.333688 ], [ 10.592359, 50.308081 ], [ 10.605324, 50.293537 ], [ 10.59104, 50.271784 ], [ 10.607296, 50.271257 ], [ 10.597829, 50.262621 ], [ 10.611315, 50.249075 ], [ 10.597108, 50.246173 ], [ 10.612047, 50.224138 ], [ 10.658961, 50.230709 ], [ 10.66367, 50.221543 ], [ 10.686714, 50.225908 ], [ 10.695753, 50.211799 ], [ 10.716645, 50.204819 ], [ 10.731221, 50.212654 ], [ 10.726239, 50.240889 ], [ 10.732168, 50.251838 ], [ 10.769632, 50.24084 ], [ 10.781844, 50.251284 ], [ 10.800564, 50.251443 ], [ 10.807269, 50.240197 ], [ 10.824047, 50.237533 ], [ 10.847653, 50.245021 ], [ 10.846358, 50.275095 ], [ 10.80392, 50.279753 ], [ 10.80255, 50.291981 ], [ 10.770729, 50.292672 ], [ 10.741845, 50.315914 ], [ 10.715396, 50.321177 ], [ 10.715002, 50.333032 ], [ 10.728148, 50.33812 ], [ 10.728873, 50.347942 ], [ 10.714304, 50.346346 ], [ 10.712455, 50.354644 ], [ 10.715267, 50.363591 ], [ 10.754509, 50.358172 ], [ 10.785882, 50.385384 ], [ 10.804251, 50.379109 ], [ 10.830443, 50.392616 ], [ 10.861838, 50.38767 ], [ 10.872747, 50.396794 ], [ 10.887188, 50.392572 ], [ 10.893118, 50.380324 ], [ 10.937635, 50.391905 ], [ 10.961787, 50.377585 ], [ 10.956661, 50.368482 ], [ 10.985781, 50.347321 ], [ 10.999519, 50.351973 ], [ 10.993487, 50.365469 ], [ 11.033417, 50.361358 ], [ 11.031703, 50.355131 ], [ 11.043497, 50.352232 ], [ 11.032407, 50.351501 ], [ 11.042988, 50.344722 ], [ 11.085754, 50.352034 ], [ 11.089737, 50.365887 ], [ 11.115305, 50.367007 ], [ 11.116798, 50.349334 ], [ 11.139108, 50.353506 ], [ 11.159197, 50.330392 ], [ 11.131755, 50.308088 ], [ 11.145923, 50.284956 ], [ 11.15848, 50.289204 ], [ 11.18371, 50.280895 ], [ 11.173971, 50.27128 ], [ 11.187139, 50.269556 ], [ 11.197848, 50.291856 ], [ 11.251591, 50.268684 ], [ 11.260241, 50.28709 ], [ 11.251995, 50.299265 ], [ 11.270337, 50.306747 ], [ 11.256466, 50.322273 ], [ 11.261329, 50.337913 ], [ 11.277099, 50.335962 ], [ 11.262435, 50.352401 ], [ 11.284253, 50.360307 ], [ 11.276083, 50.380923 ], [ 11.264334, 50.38704 ], [ 11.270869, 50.394204 ], [ 11.258056, 50.400038 ], [ 11.268013, 50.432212 ], [ 11.2632, 50.442889 ], [ 11.247092, 50.448924 ], [ 11.254893, 50.456423 ], [ 11.247116, 50.477304 ], [ 11.289115, 50.485566 ], [ 11.290982, 50.475257 ], [ 11.300936, 50.488406 ], [ 11.323142, 50.491165 ], [ 11.321355, 50.508567 ], [ 11.346991, 50.51161 ], [ 11.346569, 50.521535 ], [ 11.429279, 50.512233 ], [ 11.440946, 50.499959 ], [ 11.436032, 50.49218 ], [ 11.418815, 50.493461 ], [ 11.426474, 50.484541 ], [ 11.418091, 50.48186 ], [ 11.4155, 50.467847 ], [ 11.423595, 50.462257 ], [ 11.420631, 50.443366 ], [ 11.451254, 50.431033 ], [ 11.443442, 50.420821 ], [ 11.463153, 50.432176 ], [ 11.481568, 50.431622 ], [ 11.488122, 50.415835 ], [ 11.478737, 50.401216 ], [ 11.51891, 50.395666 ], [ 11.519853, 50.374268 ], [ 11.560064, 50.384127 ], [ 11.573152, 50.400122 ], [ 11.594313, 50.402604 ], [ 11.624601, 50.38687 ], [ 11.683895, 50.392889 ], [ 11.708264, 50.403938 ], [ 11.714721, 50.396635 ], [ 11.744046, 50.410504 ], [ 11.761564, 50.405256 ], [ 11.750841, 50.414453 ], [ 11.772605, 50.411532 ], [ 11.780251, 50.418755 ], [ 11.797353, 50.417321 ], [ 11.817376, 50.40059 ], [ 11.825495, 50.40442 ], [ 11.818404, 50.393568 ], [ 11.824265, 50.389757 ] ], [ [ 11.446614, 51.19888 ], [ 11.439672, 51.197668 ], [ 11.439386, 51.199766 ], [ 11.446614, 51.19888 ] ] ] } }
]
}
